fold,subject,nsdId,repeat_1,repeat_2,raw_cosine_same_image
fold_01,1,2950,1,1,0.9299308061599731
fold_01,1,2950,2,2,0.9317886829376221
fold_01,1,2950,3,3,0.9311285018920898
fold_01,1,2990,1,1,0.9278493523597717
fold_01,1,2990,2,2,0.9359840154647827
fold_01,1,2990,3,3,0.8639933466911316
fold_01,1,3049,1,1,0.9216813445091248
fold_01,1,3049,2,2,0.9305658340454102
fold_01,1,3049,3,3,0.9231845140457153
fold_01,1,3077,1,1,0.9456484317779541
fold_01,1,3077,2,2,0.9307562112808228
fold_01,1,3077,3,3,0.9158563613891602
fold_01,1,3146,1,1,0.9123704433441162
fold_01,1,3146,2,2,0.9374319314956665
fold_01,1,3146,3,3,0.9253365993499756
fold_01,1,3157,1,1,0.9420050978660583
fold_01,1,3157,2,2,0.9421674013137817
fold_01,1,3157,3,3,0.9267514944076538
fold_01,1,3164,1,1,0.9412333369255066
fold_01,1,3164,2,2,0.9343764185905457
fold_01,1,3164,3,3,0.9177800416946411
fold_01,1,3171,1,1,0.9303401112556458
fold_01,1,3171,2,2,0.9411372542381287
fold_01,1,3171,3,3,0.9482783675193787
fold_01,1,3181,1,1,0.9002305865287781
fold_01,1,3181,2,2,0.9049895405769348
fold_01,1,3181,3,3,0.8946964740753174
fold_01,1,3386,1,1,0.9326735734939575
fold_01,1,3386,2,2,0.9159954190254211
fold_01,1,3386,3,3,0.9347307085990906
fold_01,1,3434,1,1,0.9084174633026123
fold_01,1,3434,2,2,0.9213171601295471
fold_01,1,3434,3,3,0.9322060942649841
fold_01,1,3449,1,1,0.9426743984222412
fold_01,1,3449,2,2,0.9445365071296692
fold_01,1,3449,3,3,0.9314413070678711
fold_01,1,3489,1,1,0.9255509972572327
fold_01,1,3489,2,2,0.9186482429504395
fold_01,1,3489,3,3,0.9353605508804321
fold_01,1,3626,1,1,0.9531571269035339
fold_01,1,3626,2,2,0.9281197190284729
fold_01,1,3626,3,3,0.9293159246444702
fold_01,1,3682,1,1,0.941970944404602
fold_01,1,3682,2,2,0.9306371808052063
fold_01,1,3682,3,3,0.9362086057662964
fold_01,1,3687,1,1,0.9411424398422241
fold_01,1,3687,2,2,0.9222569465637207
fold_01,1,3687,3,3,0.9275123476982117
fold_01,1,3729,1,1,0.9213321805000305
fold_01,1,3729,2,2,0.8940137028694153
fold_01,1,3729,3,3,0.8843795657157898
fold_01,1,3809,1,1,0.9240569472312927
fold_01,1,3809,2,2,0.9352646470069885
fold_01,1,3809,3,3,0.9162842631340027
fold_01,1,3842,1,1,0.9332615733146667
fold_01,1,3842,2,2,0.9138821959495544
fold_01,1,3842,3,3,0.9160847663879395
fold_01,1,3847,1,1,0.9400819540023804
fold_01,1,3847,2,2,0.948743999004364
fold_01,1,3847,3,3,0.9437545537948608
fold_01,1,3856,1,1,0.9385774731636047
fold_01,1,3856,2,2,0.9511856436729431
fold_01,1,3856,3,3,0.9359431266784668
fold_01,1,3913,1,1,0.9445462226867676
fold_01,1,3913,2,2,0.9289682507514954
fold_01,1,3913,3,3,0.9255322217941284
fold_01,1,3951,1,1,0.9287100434303284
fold_01,1,3951,2,2,0.9107338786125183
fold_01,1,3951,3,3,0.9305707216262817
fold_01,1,4051,1,1,0.920497715473175
fold_01,1,4051,2,2,0.9379621148109436
fold_01,1,4051,3,3,0.9285765886306763
fold_01,1,4058,1,1,0.9381791949272156
fold_01,1,4058,2,2,0.9244916439056396
fold_01,1,4058,3,3,0.8924127817153931
fold_01,1,4129,1,1,0.9350402355194092
fold_01,1,4129,2,2,0.9295678734779358
fold_01,1,4129,3,3,0.9409613013267517
fold_01,1,4156,1,1,0.942132294178009
fold_01,1,4156,2,2,0.9082198143005371
fold_01,1,4156,3,3,0.9111572504043579
fold_01,1,4249,1,1,0.9169621467590332
fold_01,1,4249,2,2,0.9342430830001831
fold_01,1,4249,3,3,0.942664384841919
fold_01,1,4423,1,1,0.9425530433654785
fold_01,1,4423,2,2,0.9275370240211487
fold_01,1,4423,3,3,0.9311940670013428
fold_01,1,4436,1,1,0.9042385220527649
fold_01,1,4436,2,2,0.908292293548584
fold_01,1,4436,3,3,0.9251941442489624
fold_01,1,4612,1,1,0.9203286170959473
fold_01,1,4612,2,2,0.9224815964698792
fold_01,1,4612,3,3,0.9089327454566956
fold_01,1,4667,1,1,0.9437679052352905
fold_01,1,4667,2,2,0.9398244023323059
fold_01,1,4667,3,3,0.9247512817382812
fold_01,1,4690,1,1,0.8626711368560791
fold_01,1,4690,2,2,0.919764518737793
fold_01,1,4690,3,3,0.9216006398200989
fold_01,1,4768,1,1,0.9334818124771118
fold_01,1,4768,2,2,0.9402806162834167
fold_01,1,4768,3,3,0.8912878632545471
fold_01,1,4786,1,1,0.926600992679596
fold_01,1,4786,2,2,0.9235829710960388
fold_01,1,4786,3,3,0.9361368417739868
fold_01,1,4835,1,1,0.9119030833244324
fold_01,1,4835,2,2,0.9301009178161621
fold_01,1,4835,3,3,0.9177087545394897
fold_01,1,4869,1,1,0.9409574270248413
fold_01,1,4869,2,2,0.9224565029144287
fold_01,1,4869,3,3,0.9358280301094055
fold_01,1,4892,1,1,0.9513552188873291
fold_01,1,4892,2,2,0.9240097403526306
fold_01,1,4892,3,3,0.9417276382446289
fold_01,1,4930,1,1,0.9348952770233154
fold_01,1,4930,2,2,0.9225519895553589
fold_01,1,4930,3,3,0.9416701197624207
fold_01,1,5034,1,1,0.9460808634757996
fold_01,1,5034,2,2,0.923408031463623
fold_01,1,5034,3,3,0.9129699468612671
fold_01,1,5106,1,1,0.9313808083534241
fold_01,1,5106,2,2,0.9364539384841919
fold_01,1,5106,3,3,0.9313544034957886
fold_01,1,5204,1,1,0.9404166340827942
fold_01,1,5204,2,2,0.9270976185798645
fold_01,1,5204,3,3,0.9157572388648987
fold_01,1,5301,1,1,0.908620297908783
fold_01,1,5301,2,2,0.9303180575370789
fold_01,1,5301,3,3,0.9268492460250854
fold_01,1,5338,1,1,0.9286307692527771
fold_01,1,5338,2,2,0.8835810422897339
fold_01,1,5338,3,3,0.9247577786445618
fold_01,1,5459,1,1,0.916141927242279
fold_01,1,5459,2,2,0.8695663809776306
fold_01,1,5459,3,3,0.9095345735549927
fold_01,1,5542,1,1,0.9565463662147522
fold_01,1,5542,2,2,0.9373545050621033
fold_01,1,5542,3,3,0.9356573224067688
fold_01,1,5583,1,1,0.931652843952179
fold_01,1,5583,2,2,0.9330897331237793
fold_01,1,5583,3,3,0.9253057837486267
fold_01,1,5602,1,1,0.9421157240867615
fold_01,1,5602,2,2,0.9276552200317383
fold_01,1,5602,3,3,0.9276890158653259
fold_01,1,5714,1,1,0.9314990043640137
fold_01,1,5714,2,2,0.9228456020355225
fold_01,1,5714,3,3,0.942305862903595
fold_01,1,6199,1,1,0.9184382557868958
fold_01,1,6199,2,2,0.9300087094306946
fold_01,1,6199,3,3,0.9275269508361816
fold_01,1,6222,1,1,0.872929036617279
fold_01,1,6222,2,2,0.9069597721099854
fold_01,1,6222,3,3,0.8996308445930481
fold_01,1,6431,1,1,0.9514240622520447
fold_01,1,6431,2,2,0.9551385641098022
fold_01,1,6431,3,3,0.9283983707427979
fold_01,1,6444,1,1,0.9304283857345581
fold_01,1,6444,2,2,0.9364206790924072
fold_01,1,6444,3,3,0.9386839866638184
fold_01,1,6489,1,1,0.9037286639213562
fold_01,1,6489,2,2,0.9405035376548767
fold_01,1,6489,3,3,0.9126024842262268
fold_01,1,6514,1,1,0.9260525703430176
fold_01,1,6514,2,2,0.9086490273475647
fold_01,1,6514,3,3,0.9275434017181396
fold_01,1,6521,1,1,0.9400025606155396
fold_01,1,6521,2,2,0.9249695539474487
fold_01,1,6521,3,3,0.947542667388916
fold_01,1,6558,1,1,0.9277737736701965
fold_01,1,6558,2,2,0.9410054683685303
fold_01,1,6558,3,3,0.9368492364883423
fold_01,1,6801,1,1,0.9354358911514282
fold_01,1,6801,2,2,0.9378958940505981
fold_01,1,6801,3,3,0.940174400806427
fold_01,1,7007,1,1,0.9398921132087708
fold_01,1,7007,2,2,0.9255210757255554
fold_01,1,7007,3,3,0.9040879607200623
fold_01,1,7039,1,1,0.9401429295539856
fold_01,1,7039,2,2,0.9162470698356628
fold_01,1,7039,3,3,0.9298198223114014
fold_01,1,7120,1,1,0.9530436992645264
fold_01,1,7120,2,2,0.9460998177528381
fold_01,1,7120,3,3,0.9028368592262268
fold_01,1,7207,1,1,0.9394826292991638
fold_01,1,7207,2,2,0.9325575232505798
fold_01,1,7207,3,3,0.9379737973213196
fold_01,1,7366,1,1,0.9289621710777283
fold_01,1,7366,2,2,0.928913414478302
fold_01,1,7366,3,3,0.9282371401786804
fold_01,1,7409,1,1,0.9229114651679993
fold_01,1,7409,2,2,0.908336341381073
fold_01,1,7409,3,3,0.910701334476471
fold_01,1,7418,1,1,0.9267594814300537
fold_01,1,7418,2,2,0.9423781037330627
fold_01,1,7418,3,3,0.9166997075080872
fold_01,1,7480,1,1,0.9250062704086304
fold_01,1,7480,2,2,0.9280622601509094
fold_01,1,7480,3,3,0.9369766116142273
fold_01,1,7654,1,1,0.9421309232711792
fold_01,1,7654,2,2,0.9404415488243103
fold_01,1,7654,3,3,0.9477865695953369
fold_01,1,7840,1,1,0.9442018270492554
fold_01,1,7840,2,2,0.8877566456794739
fold_01,1,7840,3,3,0.9375180006027222
fold_01,1,7859,1,1,0.9272245168685913
fold_01,1,7859,2,2,0.9283966422080994
fold_01,1,7859,3,3,0.9333097338676453
fold_01,1,7944,1,1,0.9299317002296448
fold_01,1,7944,2,2,0.9433135390281677
fold_01,1,7944,3,3,0.94058758020401
fold_01,1,7948,1,1,0.9338598251342773
fold_01,1,7948,2,2,0.9315201640129089
fold_01,1,7948,3,3,0.8952396512031555
fold_01,1,7954,1,1,0.9226524233818054
fold_01,1,7954,2,2,0.907118022441864
fold_01,1,7954,3,3,0.9244479537010193
fold_01,1,8006,1,1,0.9345648884773254
fold_01,1,8006,2,2,0.9338595867156982
fold_01,1,8006,3,3,0.9234098196029663
fold_01,1,8109,1,1,0.9396721124649048
fold_01,1,8109,2,2,0.9341583251953125
fold_01,1,8109,3,3,0.9302425980567932
fold_01,1,8204,1,1,0.9385512471199036
fold_01,1,8204,2,2,0.8815565705299377
fold_01,1,8204,3,3,0.8886833190917969
fold_01,1,8225,1,1,0.9149384498596191
fold_01,1,8225,2,2,0.912058413028717
fold_01,1,8225,3,3,0.9289917349815369
fold_01,1,8387,1,1,0.9075087308883667
fold_01,1,8387,2,2,0.9194000959396362
fold_01,1,8387,3,3,0.9235364198684692
fold_01,1,8394,1,1,0.9484665393829346
fold_01,1,8394,2,2,0.9271135926246643
fold_01,1,8394,3,3,0.9538829922676086
fold_01,1,8415,1,1,0.9390909671783447
fold_01,1,8415,2,2,0.9371496438980103
fold_01,1,8415,3,3,0.9251761436462402
fold_01,1,8435,1,1,0.940130352973938
fold_01,1,8435,2,2,0.9195557236671448
fold_01,1,8435,3,3,0.9029086232185364
fold_01,1,8465,1,1,0.8674997091293335
fold_01,1,8465,2,2,0.9231953620910645
fold_01,1,8465,3,3,0.9437217712402344
fold_01,1,8509,1,1,0.9333367347717285
fold_01,1,8509,2,2,0.9343915581703186
fold_01,1,8509,3,3,0.949391782283783
fold_01,1,8646,1,1,0.9352683424949646
fold_01,1,8646,2,2,0.9400712251663208
fold_01,1,8646,3,3,0.921589732170105
fold_01,1,8807,1,1,0.9211373329162598
fold_01,1,8807,2,2,0.9391756653785706
fold_01,1,8807,3,3,0.9355676174163818
fold_01,1,8843,1,1,0.9277769327163696
fold_01,1,8843,2,2,0.9240837097167969
fold_01,1,8843,3,3,0.9393245577812195
fold_01,1,8933,1,1,0.948132336139679
fold_01,1,8933,2,2,0.9057506322860718
fold_01,1,8933,3,3,0.922858715057373
fold_01,1,9027,1,1,0.9457389116287231
fold_01,1,9027,2,2,0.9125138521194458
fold_01,1,9027,3,3,0.925367534160614
fold_01,1,9048,1,1,0.9363457560539246
fold_01,1,9048,2,2,0.9278352856636047
fold_01,1,9048,3,3,0.9369004964828491
fold_01,1,9147,1,1,0.9202733635902405
fold_01,1,9147,2,2,0.9214582443237305
fold_01,1,9147,3,3,0.9254457354545593
fold_01,1,9230,1,1,0.9308574795722961
fold_01,1,9230,2,2,0.9184046983718872
fold_01,1,9230,3,3,0.8764051198959351
fold_01,1,9434,1,1,0.9562925100326538
fold_01,1,9434,2,2,0.925072431564331
fold_01,1,9434,3,3,0.9282843470573425
fold_01,1,9722,1,1,0.9331819415092468
fold_01,1,9722,2,2,0.9050999879837036
fold_01,1,9722,3,3,0.9193333983421326
fold_01,1,9847,1,1,0.9031785130500793
fold_01,1,9847,2,2,0.9071415662765503
fold_01,1,9847,3,3,0.9310483932495117
fold_01,1,9865,1,1,0.9306914210319519
fold_01,1,9865,2,2,0.9389904737472534
fold_01,1,9865,3,3,0.9298257827758789
fold_01,1,9917,1,1,0.9244868159294128
fold_01,1,9917,2,2,0.9438664317131042
fold_01,1,9917,3,3,0.855973482131958
fold_01,1,10006,1,1,0.9205708503723145
fold_01,1,10006,2,2,0.9401656985282898
fold_01,1,10006,3,3,0.9346649050712585
fold_01,1,10046,1,1,0.9407362341880798
fold_01,1,10046,2,2,0.8934557437896729
fold_01,1,10046,3,3,0.9230307936668396
fold_01,1,10064,1,1,0.948260486125946
fold_01,1,10064,2,2,0.9283883571624756
fold_01,1,10064,3,3,0.9226033687591553
fold_01,1,10105,1,1,0.9092807173728943
fold_01,1,10105,2,2,0.9263099431991577
fold_01,1,10105,3,3,0.9110320210456848
fold_01,1,10107,1,1,0.9130493998527527
fold_01,1,10107,2,2,0.9326627850532532
fold_01,1,10107,3,3,0.9519532918930054
fold_01,1,10244,1,1,0.8808718919754028
fold_01,1,10244,2,2,0.9379860758781433
fold_01,1,10244,3,3,0.9404391050338745
fold_01,1,10471,1,1,0.9052445888519287
fold_01,1,10471,2,2,0.9427211284637451
fold_01,1,10471,3,3,0.9384710192680359
fold_01,1,10507,1,1,0.9326536655426025
fold_01,1,10507,2,2,0.8981074094772339
fold_01,1,10507,3,3,0.9227555394172668
fold_01,1,10610,1,1,0.941278874874115
fold_01,1,10610,2,2,0.912523090839386
fold_01,1,10610,3,3,0.9093684554100037
fold_01,1,11159,1,1,0.9440762400627136
fold_01,1,11159,2,2,0.9470719695091248
fold_01,1,11159,3,3,0.9060999751091003
fold_01,1,11333,1,1,0.9279956221580505
fold_01,1,11333,2,2,0.9402085542678833
fold_01,1,11333,3,3,0.9332672357559204
fold_01,1,11487,1,1,0.882170557975769
fold_01,1,11487,2,2,0.9065266251564026
fold_01,1,11487,3,3,0.9277846813201904
fold_01,1,11521,1,1,0.924566388130188
fold_01,1,11521,2,2,0.9372702836990356
fold_01,1,11521,3,3,0.942757248878479
fold_01,1,11617,1,1,0.936482846736908
fold_01,1,11617,2,2,0.940658688545227
fold_01,1,11617,3,3,0.9327629804611206
fold_01,1,11635,1,1,0.9424137473106384
fold_01,1,11635,2,2,0.9204699397087097
fold_01,1,11635,3,3,0.944022536277771
fold_01,1,11689,1,1,0.9226822853088379
fold_01,1,11689,2,2,0.9135047793388367
fold_01,1,11689,3,3,0.9263103604316711
fold_01,1,11725,1,1,0.9387412071228027
fold_01,1,11725,2,2,0.9458414912223816
fold_01,1,11725,3,3,0.9367378950119019
fold_01,1,11796,1,1,0.9280509948730469
fold_01,1,11796,2,2,0.9529789090156555
fold_01,1,11796,3,3,0.9075130820274353
fold_01,1,11837,1,1,0.9203623533248901
fold_01,1,11837,2,2,0.9515976905822754
fold_01,1,11837,3,3,0.9288926720619202
fold_01,1,11844,1,1,0.9284567832946777
fold_01,1,11844,2,2,0.9251227974891663
fold_01,1,11844,3,3,0.9344697594642639
fold_01,1,11932,1,1,0.9467373490333557
fold_01,1,11932,2,2,0.9380085468292236
fold_01,1,11932,3,3,0.9292637705802917
fold_01,1,11942,1,1,0.942558228969574
fold_01,1,11942,2,2,0.9186765551567078
fold_01,1,11942,3,3,0.9332021474838257
fold_01,1,11952,1,1,0.9317264556884766
fold_01,1,11952,2,2,0.9376397728919983
fold_01,1,11952,3,3,0.9407802224159241
fold_01,1,12308,1,1,0.913555920124054
fold_01,1,12308,2,2,0.9486904144287109
fold_01,1,12308,3,3,0.942166268825531
fold_01,1,12634,1,1,0.8763695359230042
fold_01,1,12634,2,2,0.8749020099639893
fold_01,1,12634,3,3,0.9107920527458191
fold_01,1,12685,1,1,0.9063639640808105
fold_01,1,12685,2,2,0.9279764890670776
fold_01,1,12685,3,3,0.9207838773727417
fold_01,1,12796,1,1,0.9388510584831238
fold_01,1,12796,2,2,0.9308894276618958
fold_01,1,12796,3,3,0.9086792469024658
fold_01,1,12798,1,1,0.9371801614761353
fold_01,1,12798,2,2,0.9208341836929321
fold_01,1,12798,3,3,0.9249656200408936
fold_01,1,12922,1,1,0.9251748323440552
fold_01,1,12922,2,2,0.9364685416221619
fold_01,1,12922,3,3,0.9210254549980164
fold_01,1,12937,1,1,0.8948569297790527
fold_01,1,12937,2,2,0.9052795171737671
fold_01,1,12937,3,3,0.9336270689964294
fold_01,1,13138,1,1,0.949061393737793
fold_01,1,13138,2,2,0.9330341219902039
fold_01,1,13138,3,3,0.9447776675224304
fold_01,1,13230,1,1,0.9345249533653259
fold_01,1,13230,2,2,0.9437687993049622
fold_01,1,13230,3,3,0.9147905707359314
fold_01,1,13312,1,1,0.9258884787559509
fold_01,1,13312,2,2,0.9352121353149414
fold_01,1,13312,3,3,0.9353641867637634
fold_01,1,13314,1,1,0.9330950379371643
fold_01,1,13314,2,2,0.94677734375
fold_01,1,13314,3,3,0.9426432251930237
fold_01,1,13613,1,1,0.9419625401496887
fold_01,1,13613,2,2,0.941397488117218
fold_01,1,13613,3,3,0.9336183667182922
fold_01,1,13653,1,1,0.9464534521102905
fold_01,1,13653,2,2,0.937831699848175
fold_01,1,13653,3,3,0.8848774433135986
fold_01,1,13662,1,1,0.9349743723869324
fold_01,1,13662,2,2,0.9182249903678894
fold_01,1,13662,3,3,0.9361125826835632
fold_01,1,13720,1,1,0.93691086769104
fold_01,1,13720,2,2,0.9321818947792053
fold_01,1,13720,3,3,0.9199738502502441
fold_01,1,14121,1,1,0.8915331959724426
fold_01,1,14121,2,2,0.8994343876838684
fold_01,1,14121,3,3,0.9022096395492554
fold_01,1,14179,1,1,0.9306473135948181
fold_01,1,14179,2,2,0.9132940769195557
fold_01,1,14179,3,3,0.945796012878418
fold_01,1,14528,1,1,0.9385007619857788
fold_01,1,14528,2,2,0.9384742975234985
fold_01,1,14528,3,3,0.9211509823799133
fold_01,1,14594,1,1,0.9084424376487732
fold_01,1,14594,2,2,0.9104158878326416
fold_01,1,14594,3,3,0.9398148059844971
fold_01,1,14610,1,1,0.9056054353713989
fold_01,1,14610,2,2,0.9307264685630798
fold_01,1,14610,3,3,0.9297364354133606
fold_01,1,14644,1,1,0.9186967015266418
fold_01,1,14644,2,2,0.8835606575012207
fold_01,1,14644,3,3,0.9324762225151062
fold_01,1,14793,1,1,0.9038076400756836
fold_01,1,14793,2,2,0.9311952590942383
fold_01,1,14793,3,3,0.9401856660842896
fold_01,1,14808,1,1,0.9180821776390076
fold_01,1,14808,2,2,0.9395012259483337
fold_01,1,14808,3,3,0.9227253794670105
fold_01,1,14820,1,1,0.9459586143493652
fold_01,1,14820,2,2,0.9289987087249756
fold_01,1,14820,3,3,0.934821605682373
fold_01,1,14898,1,1,0.9402629733085632
fold_01,1,14898,2,2,0.9260127544403076
fold_01,1,14898,3,3,0.9464918971061707
fold_01,1,14931,1,1,0.8841603994369507
fold_01,1,14931,2,2,0.9038161635398865
fold_01,1,14931,3,3,0.9152628183364868
fold_01,1,15003,1,1,0.9479326009750366
fold_01,1,15003,2,2,0.9140987992286682
fold_01,1,15003,3,3,0.9355535507202148
fold_01,1,15364,1,1,0.9450594782829285
fold_01,1,15364,2,2,0.9477142691612244
fold_01,1,15364,3,3,0.8955937027931213
fold_01,1,15492,1,1,0.9164519309997559
fold_01,1,15492,2,2,0.906381368637085
fold_01,1,15492,3,3,0.9157751202583313
fold_01,1,15506,1,1,0.9224869012832642
fold_01,1,15506,2,2,0.9264557957649231
fold_01,1,15506,3,3,0.9322470426559448
fold_01,1,15819,1,1,0.9401574730873108
fold_01,1,15819,2,2,0.8476510047912598
fold_01,1,15819,3,3,0.9254196882247925
fold_01,1,15939,1,1,0.949736475944519
fold_01,1,15939,2,2,0.9267767667770386
fold_01,1,15939,3,3,0.945148229598999
fold_01,1,16063,1,1,0.9308501482009888
fold_01,1,16063,2,2,0.9270775318145752
fold_01,1,16063,3,3,0.9356299042701721
fold_01,1,16252,1,1,0.9099740982055664
fold_01,1,16252,2,2,0.9412872791290283
fold_01,1,16252,3,3,0.9475814700126648
fold_01,1,16344,1,1,0.9206238389015198
fold_01,1,16344,2,2,0.9183369278907776
fold_01,1,16344,3,3,0.9333174824714661
fold_01,1,16466,1,1,0.9050552845001221
fold_01,1,16466,2,2,0.9268921613693237
fold_01,1,16466,3,3,0.8958521485328674
fold_01,1,16616,1,1,0.9295346736907959
fold_01,1,16616,2,2,0.9398937225341797
fold_01,1,16616,3,3,0.9074137210845947
fold_01,1,16702,1,1,0.9301780462265015
fold_01,1,16702,2,2,0.9305741190910339
fold_01,1,16702,3,3,0.9342215657234192
fold_01,1,16723,1,1,0.947834849357605
fold_01,1,16723,2,2,0.9300456047058105
fold_01,1,16723,3,3,0.9162514209747314
fold_01,1,16823,1,1,0.9245761632919312
fold_01,1,16823,2,2,0.9321444034576416
fold_01,1,16823,3,3,0.9396803975105286
fold_01,1,16917,1,1,0.9297479391098022
fold_01,1,16917,2,2,0.9295434951782227
fold_01,1,16917,3,3,0.9256298542022705
fold_01,1,17048,1,1,0.9269543886184692
fold_01,1,17048,2,2,0.9301798343658447
fold_01,1,17048,3,3,0.9223100543022156
fold_01,1,17238,1,1,0.9216840863227844
fold_01,1,17238,2,2,0.8990629315376282
fold_01,1,17238,3,3,0.9367151260375977
fold_01,1,17374,1,1,0.9497636556625366
fold_01,1,17374,2,2,0.931879460811615
fold_01,1,17374,3,3,0.9350565671920776
fold_01,1,17450,1,1,0.929425060749054
fold_01,1,17450,2,2,0.9216815233230591
fold_01,1,17450,3,3,0.9349368214607239
fold_01,1,17463,1,1,0.9285508990287781
fold_01,1,17463,2,2,0.9344465732574463
fold_01,1,17463,3,3,0.9298622012138367
fold_01,1,17485,1,1,0.9042683839797974
fold_01,1,17485,2,2,0.9433912634849548
fold_01,1,17485,3,3,0.9325160980224609
fold_01,1,17549,1,1,0.9003939628601074
fold_01,1,17549,2,2,0.9240745306015015
fold_01,1,17549,3,3,0.9479172825813293
fold_01,1,17595,1,1,0.9435499906539917
fold_01,1,17595,2,2,0.9223469495773315
fold_01,1,17595,3,3,0.919712483882904
fold_01,1,17776,1,1,0.9085776209831238
fold_01,1,17776,2,2,0.9297378063201904
fold_01,1,17776,3,3,0.9392421841621399
fold_01,1,17934,1,1,0.9088084101676941
fold_01,1,17934,2,2,0.9537951350212097
fold_01,1,17934,3,3,0.9275673031806946
fold_01,1,17942,1,1,0.9240339398384094
fold_01,1,17942,2,2,0.9178177714347839
fold_01,1,17942,3,3,0.9161734580993652
fold_01,1,18268,1,1,0.9298518300056458
fold_01,1,18268,2,2,0.918812096118927
fold_01,1,18268,3,3,0.9229044914245605
fold_01,1,18434,1,1,0.9146555066108704
fold_01,1,18434,2,2,0.9109416007995605
fold_01,1,18434,3,3,0.9001143574714661
fold_01,1,18483,1,1,0.924254834651947
fold_01,1,18483,2,2,0.9118368625640869
fold_01,1,18483,3,3,0.9253984093666077
fold_01,1,18505,1,1,0.9225284457206726
fold_01,1,18505,2,2,0.9323586821556091
fold_01,1,18505,3,3,0.907677173614502
fold_01,1,18543,1,1,0.936123788356781
fold_01,1,18543,2,2,0.8639941215515137
fold_01,1,18543,3,3,0.9371134638786316
fold_01,1,18690,1,1,0.9179317951202393
fold_01,1,18690,2,2,0.8998262286186218
fold_01,1,18690,3,3,0.8951185345649719
fold_01,1,18796,1,1,0.9170936942100525
fold_01,1,18796,2,2,0.9474143981933594
fold_01,1,18796,3,3,0.9264851808547974
fold_01,1,19074,1,1,0.9475851058959961
fold_01,1,19074,2,2,0.9448084235191345
fold_01,1,19074,3,3,0.9416148066520691
fold_01,1,19181,1,1,0.9363666772842407
fold_01,1,19181,2,2,0.9523944854736328
fold_01,1,19181,3,3,0.9390440583229065
fold_01,1,19199,1,1,0.9445255398750305
fold_01,1,19199,2,2,0.9118165373802185
fold_01,1,19199,3,3,0.9444379210472107
fold_01,1,19200,1,1,0.9121490716934204
fold_01,1,19200,2,2,0.93455970287323
fold_01,1,19200,3,3,0.9009460210800171
fold_01,1,19292,1,1,0.9179242253303528
fold_01,1,19292,2,2,0.9371222257614136
fold_01,1,19292,3,3,0.924396276473999
fold_01,1,19436,1,1,0.9453672766685486
fold_01,1,19436,2,2,0.9088695049285889
fold_01,1,19436,3,3,0.9424454569816589
fold_01,1,19690,1,1,0.8800314664840698
fold_01,1,19690,2,2,0.9214010834693909
fold_01,1,19690,3,3,0.934683620929718
fold_01,1,19933,1,1,0.9467206597328186
fold_01,1,19933,2,2,0.9460781216621399
fold_01,1,19933,3,3,0.9375744462013245
fold_01,1,20054,1,1,0.9269102811813354
fold_01,1,20054,2,2,0.9454943537712097
fold_01,1,20054,3,3,0.9319214224815369
fold_01,1,20080,1,1,0.9431489706039429
fold_01,1,20080,2,2,0.9290199279785156
fold_01,1,20080,3,3,0.9226892590522766
fold_01,1,20206,1,1,0.903336763381958
fold_01,1,20206,2,2,0.9281091690063477
fold_01,1,20206,3,3,0.9132900834083557
fold_01,1,20223,1,1,0.9296838641166687
fold_01,1,20223,2,2,0.927600085735321
fold_01,1,20223,3,3,0.9192385673522949
fold_01,1,20265,1,1,0.936580240726471
fold_01,1,20265,2,2,0.9307115077972412
fold_01,1,20265,3,3,0.9371072053909302
fold_01,1,20307,1,1,0.9126666784286499
fold_01,1,20307,2,2,0.9012925028800964
fold_01,1,20307,3,3,0.8839660882949829
fold_01,1,20442,1,1,0.9348552227020264
fold_01,1,20442,2,2,0.9280591011047363
fold_01,1,20442,3,3,0.9369350075721741
fold_01,1,20633,1,1,0.9496794939041138
fold_01,1,20633,2,2,0.9427176713943481
fold_01,1,20633,3,3,0.9550988674163818
fold_01,1,20650,1,1,0.9196882843971252
fold_01,1,20650,2,2,0.9358758330345154
fold_01,1,20650,3,3,0.9286854267120361
fold_01,1,20738,1,1,0.9463090896606445
fold_01,1,20738,2,2,0.9302130341529846
fold_01,1,20738,3,3,0.9430159330368042
fold_01,1,20820,1,1,0.9452114105224609
fold_01,1,20820,2,2,0.9425486326217651
fold_01,1,20820,3,3,0.9173252582550049
fold_01,1,21108,1,1,0.9435423016548157
fold_01,1,21108,2,2,0.9321966171264648
fold_01,1,21108,3,3,0.9470301866531372
fold_01,1,21192,1,1,0.896049439907074
fold_01,1,21192,2,2,0.9372632503509521
fold_01,1,21192,3,3,0.9398508667945862
fold_01,1,21194,1,1,0.9016104936599731
fold_01,1,21194,2,2,0.9315544366836548
fold_01,1,21194,3,3,0.9369723200798035
fold_01,1,21218,1,1,0.9369425177574158
fold_01,1,21218,2,2,0.93253093957901
fold_01,1,21218,3,3,0.9094365835189819
fold_01,1,21253,1,1,0.9545454978942871
fold_01,1,21253,2,2,0.9437342882156372
fold_01,1,21253,3,3,0.9422642588615417
fold_01,1,21279,1,1,0.9307580590248108
fold_01,1,21279,2,2,0.9462553262710571
fold_01,1,21279,3,3,0.9179608821868896
fold_01,1,21508,1,1,0.9248384237289429
fold_01,1,21508,2,2,0.9109377264976501
fold_01,1,21508,3,3,0.9215147495269775
fold_01,1,21526,1,1,0.8703806400299072
fold_01,1,21526,2,2,0.9241636395454407
fold_01,1,21526,3,3,0.9245374202728271
fold_01,1,21601,1,1,0.945200502872467
fold_01,1,21601,2,2,0.9427049160003662
fold_01,1,21601,3,3,0.925050675868988
fold_01,1,21950,1,1,0.885935366153717
fold_01,1,21950,2,2,0.947960615158081
fold_01,1,21950,3,3,0.947167158126831
fold_01,1,21989,1,1,0.9394655823707581
fold_01,1,21989,2,2,0.9355522394180298
fold_01,1,21989,3,3,0.9324629306793213
fold_01,1,22138,1,1,0.9385911822319031
fold_01,1,22138,2,2,0.939537763595581
fold_01,1,22138,3,3,0.9358941316604614
fold_01,1,22143,1,1,0.9216538667678833
fold_01,1,22143,2,2,0.922272264957428
fold_01,1,22143,3,3,0.8853244185447693
fold_01,1,22155,1,1,0.9262215495109558
fold_01,1,22155,2,2,0.9124974608421326
fold_01,1,22155,3,3,0.9053373336791992
fold_01,1,22263,1,1,0.9352647066116333
fold_01,1,22263,2,2,0.9417168498039246
fold_01,1,22263,3,3,0.943881630897522
fold_01,1,22387,1,1,0.9280081987380981
fold_01,1,22387,2,2,0.9319165945053101
fold_01,1,22387,3,3,0.9195007085800171
fold_01,1,22495,1,1,0.9083212614059448
fold_01,1,22495,2,2,0.9229810237884521
fold_01,1,22495,3,3,0.930673360824585
fold_01,1,22515,1,1,0.9422900080680847
fold_01,1,22515,2,2,0.9270438551902771
fold_01,1,22515,3,3,0.9301004409790039
fold_01,1,22523,1,1,0.9438454508781433
fold_01,1,22523,2,2,0.9024456143379211
fold_01,1,22523,3,3,0.9417532682418823
fold_01,1,22530,1,1,0.9346947073936462
fold_01,1,22530,2,2,0.9266499280929565
fold_01,1,22530,3,3,0.9405471086502075
fold_01,1,22585,1,1,0.9179043769836426
fold_01,1,22585,2,2,0.9252334237098694
fold_01,1,22585,3,3,0.9165873527526855
fold_01,1,22587,1,1,0.9370617270469666
fold_01,1,22587,2,2,0.9238042831420898
fold_01,1,22587,3,3,0.9251569509506226
fold_01,1,22772,1,1,0.9182863831520081
fold_01,1,22772,2,2,0.9420516490936279
fold_01,1,22772,3,3,0.9202433228492737
fold_01,1,22782,1,1,0.9321140050888062
fold_01,1,22782,2,2,0.9264928102493286
fold_01,1,22782,3,3,0.8768733739852905
fold_01,1,22794,1,1,0.9297065734863281
fold_01,1,22794,2,2,0.935078501701355
fold_01,1,22794,3,3,0.9459890127182007
fold_01,1,22845,1,1,0.9023207426071167
fold_01,1,22845,2,2,0.9028231501579285
fold_01,1,22845,3,3,0.9016895294189453
fold_01,1,22873,1,1,0.8948948979377747
fold_01,1,22873,2,2,0.8798474073410034
fold_01,1,22873,3,3,0.9022424221038818
fold_01,1,22879,1,1,0.9177865386009216
fold_01,1,22879,2,2,0.9337384700775146
fold_01,1,22879,3,3,0.9236975312232971
fold_01,1,22886,1,1,0.908503532409668
fold_01,1,22886,2,2,0.9459890723228455
fold_01,1,22886,3,3,0.9035215973854065
fold_01,1,22957,1,1,0.9395935535430908
fold_01,1,22957,2,2,0.9307326674461365
fold_01,1,22957,3,3,0.9412596821784973
fold_01,1,22967,1,1,0.915967583656311
fold_01,1,22967,2,2,0.9288216233253479
fold_01,1,22967,3,3,0.9030405282974243
fold_01,1,22993,1,1,0.9347602128982544
fold_01,1,22993,2,2,0.9473372101783752
fold_01,1,22993,3,3,0.9176134467124939
fold_01,1,23036,1,1,0.9341983199119568
fold_01,1,23036,2,2,0.9430953860282898
fold_01,1,23036,3,3,0.9422307014465332
fold_01,1,23241,1,1,0.9135211706161499
fold_01,1,23241,2,2,0.9366583228111267
fold_01,1,23241,3,3,0.8982033133506775
fold_01,1,23492,1,1,0.9363681674003601
fold_01,1,23492,2,2,0.9204659461975098
fold_01,1,23492,3,3,0.9013198614120483
fold_01,1,23715,1,1,0.9394063949584961
fold_01,1,23715,2,2,0.9474775791168213
fold_01,1,23715,3,3,0.9301952719688416
fold_01,1,23729,1,1,0.935434103012085
fold_01,1,23729,2,2,0.9181296825408936
fold_01,1,23729,3,3,0.8747955560684204
fold_01,1,23871,1,1,0.9269241094589233
fold_01,1,23871,2,2,0.9321848154067993
fold_01,1,23871,3,3,0.934153139591217
fold_01,1,23993,1,1,0.9461461305618286
fold_01,1,23993,2,2,0.9324660897254944
fold_01,1,23993,3,3,0.9311491847038269
fold_01,1,24202,1,1,0.9309293627738953
fold_01,1,24202,2,2,0.9270342588424683
fold_01,1,24202,3,3,0.9486606121063232
fold_01,1,24214,1,1,0.9426722526550293
fold_01,1,24214,2,2,0.9477511644363403
fold_01,1,24214,3,3,0.9379492998123169
fold_01,1,24264,1,1,0.9358857870101929
fold_01,1,24264,2,2,0.9105644822120667
fold_01,1,24264,3,3,0.9286428093910217
fold_01,1,24517,1,1,0.9405242204666138
fold_01,1,24517,2,2,0.9227835536003113
fold_01,1,24517,3,3,0.9019784331321716
fold_01,1,24530,1,1,0.9286811351776123
fold_01,1,24530,2,2,0.9416089057922363
fold_01,1,24530,3,3,0.9311054348945618
fold_01,1,24560,1,1,0.9271237850189209
fold_01,1,24560,2,2,0.9186376333236694
fold_01,1,24560,3,3,0.9268139004707336
fold_01,1,24638,1,1,0.9397719502449036
fold_01,1,24638,2,2,0.9247593879699707
fold_01,1,24638,3,3,0.9238242506980896
fold_01,1,24640,1,1,0.9414743781089783
fold_01,1,24640,2,2,0.93860924243927
fold_01,1,24640,3,3,0.9423843026161194
fold_01,1,24649,1,1,0.9189399480819702
fold_01,1,24649,2,2,0.9173694252967834
fold_01,1,24649,3,3,0.9134513735771179
fold_01,1,24739,1,1,0.9416166543960571
fold_01,1,24739,2,2,0.9356115460395813
fold_01,1,24739,3,3,0.9251728057861328
fold_01,1,24846,1,1,0.9333951473236084
fold_01,1,24846,2,2,0.9328906536102295
fold_01,1,24846,3,3,0.9376028180122375
fold_01,1,25091,1,1,0.9420549273490906
fold_01,1,25091,2,2,0.9261665344238281
fold_01,1,25091,3,3,0.8916971683502197
fold_01,1,25111,1,1,0.910542905330658
fold_01,1,25111,2,2,0.9019306898117065
fold_01,1,25111,3,3,0.9455505013465881
fold_01,1,25250,1,1,0.9213542342185974
fold_01,1,25250,2,2,0.939509391784668
fold_01,1,25250,3,3,0.9346652626991272
fold_01,1,25268,1,1,0.9297521710395813
fold_01,1,25268,2,2,0.9088477492332458
fold_01,1,25268,3,3,0.9430825114250183
fold_01,1,25284,1,1,0.9373126029968262
fold_01,1,25284,2,2,0.9279283285140991
fold_01,1,25284,3,3,0.9406712055206299
fold_01,1,25287,1,1,0.9454953074455261
fold_01,1,25287,2,2,0.9077913761138916
fold_01,1,25287,3,3,0.9352824091911316
fold_01,1,25318,1,1,0.9292462468147278
fold_01,1,25318,2,2,0.9391459226608276
fold_01,1,25318,3,3,0.931739330291748
fold_01,1,25319,1,1,0.9179286360740662
fold_01,1,25319,2,2,0.9300584197044373
fold_01,1,25319,3,3,0.9365787506103516
fold_01,1,25371,1,1,0.9409706592559814
fold_01,1,25371,2,2,0.9382283687591553
fold_01,1,25371,3,3,0.9363741278648376
fold_01,1,25578,1,1,0.9358038902282715
fold_01,1,25578,2,2,0.9294301867485046
fold_01,1,25578,3,3,0.9348558783531189
fold_01,1,25581,1,1,0.9357087016105652
fold_01,1,25581,2,2,0.9245034456253052
fold_01,1,25581,3,3,0.874894917011261
fold_01,1,25588,1,1,0.9119889140129089
fold_01,1,25588,2,2,0.9380015134811401
fold_01,1,25588,3,3,0.9386311769485474
fold_01,1,25602,1,1,0.9164859652519226
fold_01,1,25602,2,2,0.8927759528160095
fold_01,1,25602,3,3,0.9228262305259705
fold_01,1,25693,1,1,0.882549524307251
fold_01,1,25693,2,2,0.9221596717834473
fold_01,1,25693,3,3,0.9214996099472046
fold_01,1,25702,1,1,0.9384763836860657
fold_01,1,25702,2,2,0.9161732196807861
fold_01,1,25702,3,3,0.920482337474823
fold_01,1,25741,1,1,0.9308576583862305
fold_01,1,25741,2,2,0.9356000423431396
fold_01,1,25741,3,3,0.923794150352478
fold_01,1,25746,1,1,0.9436875581741333
fold_01,1,25746,2,2,0.9380110502243042
fold_01,1,25746,3,3,0.9354456067085266
fold_01,1,25881,1,1,0.9313575625419617
fold_01,1,25881,2,2,0.8885639309883118
fold_01,1,25881,3,3,0.9067812561988831
fold_01,1,26119,1,1,0.9394354820251465
fold_01,1,26119,2,2,0.8827229142189026
fold_01,1,26119,3,3,0.9151735305786133
fold_01,1,26127,1,1,0.9159591794013977
fold_01,1,26127,2,2,0.9149150848388672
fold_01,1,26127,3,3,0.9337928295135498
fold_01,1,26163,1,1,0.9362770915031433
fold_01,1,26163,2,2,0.912899374961853
fold_01,1,26163,3,3,0.9399316906929016
fold_01,1,26292,1,1,0.904184103012085
fold_01,1,26292,2,2,0.9190589785575867
fold_01,1,26292,3,3,0.9216555953025818
fold_01,1,26307,1,1,0.9214330911636353
fold_01,1,26307,2,2,0.8931938409805298
fold_01,1,26307,3,3,0.9130764603614807
fold_01,1,26351,1,1,0.9467437267303467
fold_01,1,26351,2,2,0.9334609508514404
fold_01,1,26351,3,3,0.9089128375053406
fold_01,1,26372,1,1,0.9177865982055664
fold_01,1,26372,2,2,0.9025185704231262
fold_01,1,26372,3,3,0.9113703370094299
fold_01,1,26435,1,1,0.9345185160636902
fold_01,1,26435,2,2,0.9502924680709839
fold_01,1,26435,3,3,0.9264279007911682
fold_01,1,26458,1,1,0.9351786971092224
fold_01,1,26458,2,2,0.9450289607048035
fold_01,1,26458,3,3,0.9476103782653809
fold_01,1,26598,1,1,0.9218370318412781
fold_01,1,26598,2,2,0.9067807793617249
fold_01,1,26598,3,3,0.898307740688324
fold_01,1,26720,1,1,0.907844066619873
fold_01,1,26720,2,2,0.9197019934654236
fold_01,1,26720,3,3,0.9284680485725403
fold_01,1,26780,1,1,0.9374289512634277
fold_01,1,26780,2,2,0.9291479587554932
fold_01,1,26780,3,3,0.8288305997848511
fold_01,1,26895,1,1,0.9415571689605713
fold_01,1,26895,2,2,0.9216310977935791
fold_01,1,26895,3,3,0.9118660688400269
fold_01,1,26909,1,1,0.9350485801696777
fold_01,1,26909,2,2,0.9268894195556641
fold_01,1,26909,3,3,0.9301958680152893
fold_01,1,26990,1,1,0.9047713875770569
fold_01,1,26990,2,2,0.9300682544708252
fold_01,1,26990,3,3,0.9251734018325806
fold_01,1,27242,1,1,0.8901674747467041
fold_01,1,27242,2,2,0.9030306935310364
fold_01,1,27242,3,3,0.9248241782188416
fold_01,1,27275,1,1,0.9373424053192139
fold_01,1,27275,2,2,0.9312757849693298
fold_01,1,27275,3,3,0.9287149310112
fold_01,1,27287,1,1,0.9070078134536743
fold_01,1,27287,2,2,0.9252482056617737
fold_01,1,27287,3,3,0.9132277369499207
fold_01,1,27326,1,1,0.9265308976173401
fold_01,1,27326,2,2,0.8730279803276062
fold_01,1,27326,3,3,0.928943932056427
fold_01,1,27435,1,1,0.9252628087997437
fold_01,1,27435,2,2,0.9284368753433228
fold_01,1,27435,3,3,0.927740216255188
fold_01,1,27568,1,1,0.932394802570343
fold_01,1,27568,2,2,0.9214380383491516
fold_01,1,27568,3,3,0.9508822560310364
fold_01,1,27580,1,1,0.9098963141441345
fold_01,1,27580,2,2,0.9298739433288574
fold_01,1,27580,3,3,0.9354222416877747
fold_01,1,27830,1,1,0.9350932240486145
fold_01,1,27830,2,2,0.9216547012329102
fold_01,1,27830,3,3,0.9243181943893433
fold_01,1,27878,1,1,0.8989068865776062
fold_01,1,27878,2,2,0.9348892569541931
fold_01,1,27878,3,3,0.9091403484344482
fold_01,1,27972,1,1,0.8844671249389648
fold_01,1,27972,2,2,0.897709846496582
fold_01,1,27972,3,3,0.9098411202430725
fold_01,1,28024,1,1,0.925725519657135
fold_01,1,28024,2,2,0.9393075704574585
fold_01,1,28024,3,3,0.9220886826515198
fold_01,1,28068,1,1,0.9479848742485046
fold_01,1,28068,2,2,0.955236554145813
fold_01,1,28068,3,3,0.9301427006721497
fold_01,1,28096,1,1,0.9148025512695312
fold_01,1,28096,2,2,0.9148919582366943
fold_01,1,28096,3,3,0.9344326257705688
fold_01,1,28159,1,1,0.9326746463775635
fold_01,1,28159,2,2,0.945062518119812
fold_01,1,28159,3,3,0.942920982837677
fold_01,1,28189,1,1,0.9434680342674255
fold_01,1,28189,2,2,0.939684271812439
fold_01,1,28189,3,3,0.9159187078475952
fold_01,1,28286,1,1,0.9326885342597961
fold_01,1,28286,2,2,0.9252634048461914
fold_01,1,28286,3,3,0.9280865788459778
fold_01,1,28303,1,1,0.9405444264411926
fold_01,1,28303,2,2,0.9423986673355103
fold_01,1,28303,3,3,0.9194971323013306
fold_01,1,28319,1,1,0.9325153231620789
fold_01,1,28319,2,2,0.9298000335693359
fold_01,1,28319,3,3,0.93682461977005
fold_01,1,28325,1,1,0.9233055114746094
fold_01,1,28325,2,2,0.9403353333473206
fold_01,1,28325,3,3,0.8980953693389893
fold_01,1,28349,1,1,0.9542925357818604
fold_01,1,28349,2,2,0.9369258284568787
fold_01,1,28349,3,3,0.9310675859451294
fold_01,1,28418,1,1,0.9463145136833191
fold_01,1,28418,2,2,0.9457435607910156
fold_01,1,28418,3,3,0.9377336502075195
fold_01,1,28524,1,1,0.9342135190963745
fold_01,1,28524,2,2,0.941452145576477
fold_01,1,28524,3,3,0.9387637376785278
fold_01,1,28595,1,1,0.9273316264152527
fold_01,1,28595,2,2,0.9412966370582581
fold_01,1,28595,3,3,0.9148025512695312
fold_01,1,28745,1,1,0.9456736445426941
fold_01,1,28745,2,2,0.9360552430152893
fold_01,1,28745,3,3,0.9202830791473389
fold_01,1,28751,1,1,0.9191247224807739
fold_01,1,28751,2,2,0.9367333054542542
fold_01,1,28751,3,3,0.9383315443992615
fold_01,1,28755,1,1,0.9525154232978821
fold_01,1,28755,2,2,0.9365571141242981
fold_01,1,28755,3,3,0.9312974810600281
fold_01,1,28788,1,1,0.8849896192550659
fold_01,1,28788,2,2,0.9332823753356934
fold_01,1,28788,3,3,0.930343508720398
fold_01,1,29021,1,1,0.919975996017456
fold_01,1,29021,2,2,0.9121689796447754
fold_01,1,29021,3,3,0.9185387492179871
fold_01,1,29381,1,1,0.94587242603302
fold_01,1,29381,2,2,0.9327377676963806
fold_01,1,29381,3,3,0.9455574154853821
fold_01,1,29711,1,1,0.930372953414917
fold_01,1,29711,2,2,0.921509861946106
fold_01,1,29711,3,3,0.926295816898346
fold_01,1,29837,1,1,0.9296294450759888
fold_01,1,29837,2,2,0.9413076043128967
fold_01,1,29837,3,3,0.9353095293045044
fold_01,1,29886,1,1,0.9374715685844421
fold_01,1,29886,2,2,0.9113963842391968
fold_01,1,29886,3,3,0.9347680807113647
fold_01,1,29919,1,1,0.9190796613693237
fold_01,1,29919,2,2,0.9266351461410522
fold_01,1,29919,3,3,0.9040817022323608
fold_01,1,29980,1,1,0.9320852160453796
fold_01,1,29980,2,2,0.9226549863815308
fold_01,1,29980,3,3,0.9209871292114258
fold_01,1,30081,1,1,0.9251137971878052
fold_01,1,30081,2,2,0.9359316825866699
fold_01,1,30081,3,3,0.9299557209014893
fold_01,1,30373,1,1,0.9098926186561584
fold_01,1,30373,2,2,0.9290619492530823
fold_01,1,30373,3,3,0.9280040264129639
fold_01,1,30395,1,1,0.9385952353477478
fold_01,1,30395,2,2,0.9321666359901428
fold_01,1,30395,3,3,0.9411998987197876
fold_01,1,30407,1,1,0.9318754076957703
fold_01,1,30407,2,2,0.9477577805519104
fold_01,1,30407,3,3,0.9247421622276306
fold_01,1,30430,1,1,0.9395030736923218
fold_01,1,30430,2,2,0.8950531482696533
fold_01,1,30430,3,3,0.9360480904579163
fold_01,1,30563,1,1,0.9254019260406494
fold_01,1,30563,2,2,0.9371286034584045
fold_01,1,30563,3,3,0.9175841212272644
fold_01,1,30601,1,1,0.9129716157913208
fold_01,1,30601,2,2,0.9376269578933716
fold_01,1,30601,3,3,0.9321064352989197
fold_01,1,30632,1,1,0.9347147345542908
fold_01,1,30632,2,2,0.9338738322257996
fold_01,1,30632,3,3,0.9344778656959534
fold_01,1,30672,1,1,0.9239764213562012
fold_01,1,30672,2,2,0.9296868443489075
fold_01,1,30672,3,3,0.9278538823127747
fold_01,1,30847,1,1,0.9346075654029846
fold_01,1,30847,2,2,0.9083413481712341
fold_01,1,30847,3,3,0.9243631362915039
fold_01,1,30856,1,1,0.9296813607215881
fold_01,1,30856,2,2,0.8888521790504456
fold_01,1,30856,3,3,0.9187843203544617
fold_01,1,30887,1,1,0.9136149883270264
fold_01,1,30887,2,2,0.935844361782074
fold_01,1,30887,3,3,0.9125328063964844
fold_01,1,30954,1,1,0.9365429282188416
fold_01,1,30954,2,2,0.9403946995735168
fold_01,1,30954,3,3,0.9502699971199036
fold_01,1,31028,1,1,0.9310283064842224
fold_01,1,31028,2,2,0.9445833563804626
fold_01,1,31028,3,3,0.9238764643669128
fold_01,1,31233,1,1,0.9371988773345947
fold_01,1,31233,2,2,0.9503263235092163
fold_01,1,31233,3,3,0.9320504069328308
fold_01,1,31659,1,1,0.9256412386894226
fold_01,1,31659,2,2,0.9381257891654968
fold_01,1,31659,3,3,0.9146608114242554
fold_01,1,31747,1,1,0.9068440794944763
fold_01,1,31747,2,2,0.9314184784889221
fold_01,1,31747,3,3,0.9155024290084839
fold_01,1,31801,1,1,0.9438543319702148
fold_01,1,31801,2,2,0.9247841238975525
fold_01,1,31801,3,3,0.9464130997657776
fold_01,1,31837,1,1,0.940599799156189
fold_01,1,31837,2,2,0.9292595386505127
fold_01,1,31837,3,3,0.9285579919815063
fold_01,1,31936,1,1,0.9386618137359619
fold_01,1,31936,2,2,0.9191335439682007
fold_01,1,31936,3,3,0.8781788945198059
fold_01,1,31964,1,1,0.925949215888977
fold_01,1,31964,2,2,0.8852614760398865
fold_01,1,31964,3,3,0.948009729385376
fold_01,1,32053,1,1,0.945874810218811
fold_01,1,32053,2,2,0.950332760810852
fold_01,1,32053,3,3,0.9525771737098694
fold_01,1,32232,1,1,0.9232985377311707
fold_01,1,32232,2,2,0.9442006349563599
fold_01,1,32232,3,3,0.9256922602653503
fold_01,1,32303,1,1,0.8872109651565552
fold_01,1,32303,2,2,0.9272724390029907
fold_01,1,32303,3,3,0.9350663423538208
fold_01,1,32307,1,1,0.9301851391792297
fold_01,1,32307,2,2,0.8995454907417297
fold_01,1,32307,3,3,0.9512487649917603
fold_01,1,32625,1,1,0.9466623067855835
fold_01,1,32625,2,2,0.9117928743362427
fold_01,1,32625,3,3,0.929682731628418
fold_01,1,32716,1,1,0.9307577610015869
fold_01,1,32716,2,2,0.9270487427711487
fold_01,1,32716,3,3,0.9041478633880615
fold_01,1,32772,1,1,0.9438222050666809
fold_01,1,32772,2,2,0.9299776554107666
fold_01,1,32772,3,3,0.9392366409301758
fold_01,1,32891,1,1,0.9523930549621582
fold_01,1,32891,2,2,0.9354456067085266
fold_01,1,32891,3,3,0.9257837533950806
fold_01,1,32910,1,1,0.9269406199455261
fold_01,1,32910,2,2,0.9378385543823242
fold_01,1,32910,3,3,0.86789470911026
fold_01,1,33131,1,1,0.94707190990448
fold_01,1,33131,2,2,0.9472313523292542
fold_01,1,33131,3,3,0.8853890895843506
fold_01,1,33171,1,1,0.933072566986084
fold_01,1,33171,2,2,0.9426427483558655
fold_01,1,33171,3,3,0.9325565695762634
fold_01,1,33189,1,1,0.9236063957214355
fold_01,1,33189,2,2,0.9204320907592773
fold_01,1,33189,3,3,0.9229116439819336
fold_01,1,33245,1,1,0.9474431276321411
fold_01,1,33245,2,2,0.9402033090591431
fold_01,1,33245,3,3,0.9483850598335266
fold_01,1,33289,1,1,0.9417334794998169
fold_01,1,33289,2,2,0.8965694904327393
fold_01,1,33289,3,3,0.8363231420516968
fold_01,1,33521,1,1,0.9420312643051147
fold_01,1,33521,2,2,0.9238932132720947
fold_01,1,33521,3,3,0.9439423680305481
fold_01,1,33543,1,1,0.9198732376098633
fold_01,1,33543,2,2,0.9387191534042358
fold_01,1,33543,3,3,0.9283320307731628
fold_01,1,33813,1,1,0.9257303476333618
fold_01,1,33813,2,2,0.9354555606842041
fold_01,1,33813,3,3,0.9499361515045166
fold_01,1,34068,1,1,0.904630720615387
fold_01,1,34068,2,2,0.8933888077735901
fold_01,1,34068,3,3,0.9308287501335144
fold_01,1,34089,1,1,0.8964420557022095
fold_01,1,34089,2,2,0.900702953338623
fold_01,1,34089,3,3,0.9348422288894653
fold_01,1,34126,1,1,0.9094801545143127
fold_01,1,34126,2,2,0.9443109631538391
fold_01,1,34126,3,3,0.9252883791923523
fold_01,1,34186,1,1,0.9131147265434265
fold_01,1,34186,2,2,0.8498963117599487
fold_01,1,34186,3,3,0.9170209765434265
fold_01,1,34238,1,1,0.9059062004089355
fold_01,1,34238,2,2,0.9335893988609314
fold_01,1,34238,3,3,0.9329726099967957
fold_01,1,34418,1,1,0.9270248413085938
fold_01,1,34418,2,2,0.91126948595047
fold_01,1,34418,3,3,0.9291765689849854
fold_01,1,34603,1,1,0.91524338722229
fold_01,1,34603,2,2,0.9358281493186951
fold_01,1,34603,3,3,0.9189406037330627
fold_01,1,34829,1,1,0.9408280849456787
fold_01,1,34829,2,2,0.8977705836296082
fold_01,1,34829,3,3,0.9212808012962341
fold_01,1,34850,1,1,0.9382920861244202
fold_01,1,34850,2,2,0.9287993311882019
fold_01,1,34850,3,3,0.9140493869781494
fold_01,1,34874,1,1,0.9457889199256897
fold_01,1,34874,2,2,0.9063538312911987
fold_01,1,34874,3,3,0.9120227098464966
fold_01,1,35743,1,1,0.9455881118774414
fold_01,1,35743,2,2,0.8555452823638916
fold_01,1,35743,3,3,0.9213176965713501
fold_01,1,35752,1,1,0.9516059160232544
fold_01,1,35752,2,2,0.9364267587661743
fold_01,1,35752,3,3,0.9465377330780029
fold_01,1,35790,1,1,0.9179630875587463
fold_01,1,35790,2,2,0.9264813661575317
fold_01,1,35790,3,3,0.9198715686798096
fold_01,1,35798,1,1,0.946592390537262
fold_01,1,35798,2,2,0.933135986328125
fold_01,1,35798,3,3,0.9247247576713562
fold_01,1,35986,1,1,0.9363610148429871
fold_01,1,35986,2,2,0.9460429549217224
fold_01,1,35986,3,3,0.9582114815711975
fold_01,1,36067,1,1,0.9483749270439148
fold_01,1,36067,2,2,0.9340455532073975
fold_01,1,36067,3,3,0.9348356127738953
fold_01,1,36258,1,1,0.9275802969932556
fold_01,1,36258,2,2,0.9238801598548889
fold_01,1,36258,3,3,0.9473314881324768
fold_01,1,36476,1,1,0.9389340877532959
fold_01,1,36476,2,2,0.9213528633117676
fold_01,1,36476,3,3,0.9380419254302979
fold_01,1,36569,1,1,0.9319245219230652
fold_01,1,36569,2,2,0.9037104845046997
fold_01,1,36569,3,3,0.9140155911445618
fold_01,1,36576,1,1,0.9277337789535522
fold_01,1,36576,2,2,0.9397497177124023
fold_01,1,36576,3,3,0.9350769519805908
fold_01,1,36623,1,1,0.9515222311019897
fold_01,1,36623,2,2,0.9306259751319885
fold_01,1,36623,3,3,0.9179102778434753
fold_01,1,36682,1,1,0.9232344627380371
fold_01,1,36682,2,2,0.922028660774231
fold_01,1,36682,3,3,0.9135603308677673
fold_01,1,36731,1,1,0.9373595118522644
fold_01,1,36731,2,2,0.9003904461860657
fold_01,1,36731,3,3,0.9155367016792297
fold_01,1,36759,1,1,0.9371848106384277
fold_01,1,36759,2,2,0.9237022995948792
fold_01,1,36759,3,3,0.9349715113639832
fold_01,1,36910,1,1,0.9276915192604065
fold_01,1,36910,2,2,0.9387667179107666
fold_01,1,36910,3,3,0.9235885143280029
fold_01,1,36945,1,1,0.9239147901535034
fold_01,1,36945,2,2,0.9295514822006226
fold_01,1,36945,3,3,0.9308107495307922
fold_01,1,36974,1,1,0.9365918040275574
fold_01,1,36974,2,2,0.9130098819732666
fold_01,1,36974,3,3,0.908075213432312
fold_01,1,36978,1,1,0.9402351975440979
fold_01,1,36978,2,2,0.9082736968994141
fold_01,1,36978,3,3,0.9311383366584778
fold_01,1,37059,1,1,0.941940188407898
fold_01,1,37059,2,2,0.9332659244537354
fold_01,1,37059,3,3,0.9164590835571289
fold_01,1,37221,1,1,0.9414574503898621
fold_01,1,37221,2,2,0.9386694431304932
fold_01,1,37221,3,3,0.91893470287323
fold_01,1,37224,1,1,0.946923017501831
fold_01,1,37224,2,2,0.924077570438385
fold_01,1,37224,3,3,0.9381456971168518
fold_01,1,37436,1,1,0.9121035933494568
fold_01,1,37436,2,2,0.9164343476295471
fold_01,1,37436,3,3,0.9386754035949707
fold_01,1,37494,1,1,0.9302619695663452
fold_01,1,37494,2,2,0.9303762912750244
fold_01,1,37494,3,3,0.9380537271499634
fold_01,1,37736,1,1,0.9273747205734253
fold_01,1,37736,2,2,0.9368655681610107
fold_01,1,37736,3,3,0.9193006753921509
fold_01,1,37927,1,1,0.9017951488494873
fold_01,1,37927,2,2,0.9029203653335571
fold_01,1,37927,3,3,0.9433806538581848
fold_01,1,38022,1,1,0.9543282389640808
fold_01,1,38022,2,2,0.9307026863098145
fold_01,1,38022,3,3,0.9344711899757385
fold_01,1,38025,1,1,0.9438251852989197
fold_01,1,38025,2,2,0.9331507086753845
fold_01,1,38025,3,3,0.9324750304222107
fold_01,1,38246,1,1,0.9588813185691833
fold_01,1,38246,2,2,0.9411635994911194
fold_01,1,38246,3,3,0.9512661099433899
fold_01,1,38297,1,1,0.9394351243972778
fold_01,1,38297,2,2,0.9454073905944824
fold_01,1,38297,3,3,0.9049704074859619
fold_01,1,38310,1,1,0.8965409994125366
fold_01,1,38310,2,2,0.8788633346557617
fold_01,1,38310,3,3,0.8988136649131775
fold_01,1,38358,1,1,0.9204423427581787
fold_01,1,38358,2,2,0.9562147855758667
fold_01,1,38358,3,3,0.9315283894538879
fold_01,1,38486,1,1,0.9329937696456909
fold_01,1,38486,2,2,0.9481809139251709
fold_01,1,38486,3,3,0.920238196849823
fold_01,1,38494,1,1,0.9362015724182129
fold_01,1,38494,2,2,0.9322546124458313
fold_01,1,38494,3,3,0.9458298087120056
fold_01,1,38641,1,1,0.937157154083252
fold_01,1,38641,2,2,0.925402820110321
fold_01,1,38641,3,3,0.9400947093963623
fold_01,1,38794,1,1,0.9350945353507996
fold_01,1,38794,2,2,0.8944441676139832
fold_01,1,38794,3,3,0.9306121468544006
fold_01,1,38817,1,1,0.9327003955841064
fold_01,1,38817,2,2,0.9341394901275635
fold_01,1,38817,3,3,0.9141402840614319
fold_01,1,38829,1,1,0.9295591711997986
fold_01,1,38829,2,2,0.9440590143203735
fold_01,1,38829,3,3,0.895928144454956
fold_01,1,38853,1,1,0.9338773488998413
fold_01,1,38853,2,2,0.9123868942260742
fold_01,1,38853,3,3,0.9129051566123962
fold_01,1,38978,1,1,0.9365691542625427
fold_01,1,38978,2,2,0.9427924156188965
fold_01,1,38978,3,3,0.9255268573760986
fold_01,1,39289,1,1,0.9472618103027344
fold_01,1,39289,2,2,0.9244664311408997
fold_01,1,39289,3,3,0.9529192447662354
fold_01,1,39369,1,1,0.9313615560531616
fold_01,1,39369,2,2,0.9207977056503296
fold_01,1,39369,3,3,0.9302319884300232
fold_01,1,39402,1,1,0.9208936095237732
fold_01,1,39402,2,2,0.9332122802734375
fold_01,1,39402,3,3,0.9422149658203125
fold_01,1,39841,1,1,0.9117651581764221
fold_01,1,39841,2,2,0.9239012002944946
fold_01,1,39841,3,3,0.9391883611679077
fold_01,1,39997,1,1,0.9248497486114502
fold_01,1,39997,2,2,0.9046547412872314
fold_01,1,39997,3,3,0.9293742775917053
fold_01,1,40153,1,1,0.9167273044586182
fold_01,1,40153,2,2,0.9181022047996521
fold_01,1,40153,3,3,0.9254137277603149
fold_01,1,40235,1,1,0.9334760308265686
fold_01,1,40235,2,2,0.9382453560829163
fold_01,1,40235,3,3,0.9493820667266846
fold_01,1,40423,1,1,0.9289634227752686
fold_01,1,40423,2,2,0.9223122000694275
fold_01,1,40423,3,3,0.8718605041503906
fold_01,1,40548,1,1,0.9370205402374268
fold_01,1,40548,2,2,0.9335193634033203
fold_01,1,40548,3,3,0.9325823187828064
fold_01,1,40575,1,1,0.9553835988044739
fold_01,1,40575,2,2,0.9494613409042358
fold_01,1,40575,3,3,0.9515912532806396
fold_01,1,40721,1,1,0.9285767674446106
fold_01,1,40721,2,2,0.9061859846115112
fold_01,1,40721,3,3,0.9353675246238708
fold_01,1,40770,1,1,0.9398698806762695
fold_01,1,40770,2,2,0.9218378663063049
fold_01,1,40770,3,3,0.9255207777023315
fold_01,1,40840,1,1,0.9381240606307983
fold_01,1,40840,2,2,0.8421887159347534
fold_01,1,40840,3,3,0.9353930950164795
fold_01,1,40846,1,1,0.9313799142837524
fold_01,1,40846,2,2,0.9254649877548218
fold_01,1,40846,3,3,0.8761877417564392
fold_01,1,40909,1,1,0.8822521567344666
fold_01,1,40909,2,2,0.896384596824646
fold_01,1,40909,3,3,0.9308746457099915
fold_01,1,40924,1,1,0.9236597418785095
fold_01,1,40924,2,2,0.8974749445915222
fold_01,1,40924,3,3,0.9323004484176636
fold_01,1,40935,1,1,0.9363135695457458
fold_01,1,40935,2,2,0.9227123856544495
fold_01,1,40935,3,3,0.9402456879615784
fold_01,1,40979,1,1,0.9057972431182861
fold_01,1,40979,2,2,0.9388221502304077
fold_01,1,40979,3,3,0.9020588397979736
fold_01,1,41056,1,1,0.9318235516548157
fold_01,1,41056,2,2,0.9356388449668884
fold_01,1,41056,3,3,0.9378156661987305
fold_01,1,41097,1,1,0.9259067177772522
fold_01,1,41097,2,2,0.8819719552993774
fold_01,1,41097,3,3,0.9421184659004211
fold_01,1,41116,1,1,0.9447907209396362
fold_01,1,41116,2,2,0.9381623864173889
fold_01,1,41116,3,3,0.9400629997253418
fold_01,1,41137,1,1,0.9461175203323364
fold_01,1,41137,2,2,0.9506427645683289
fold_01,1,41137,3,3,0.9354479908943176
fold_01,1,41162,1,1,0.9154629111289978
fold_01,1,41162,2,2,0.9041109085083008
fold_01,1,41162,3,3,0.9317855834960938
fold_01,1,41482,1,1,0.9239374995231628
fold_01,1,41482,2,2,0.9077270030975342
fold_01,1,41482,3,3,0.903355598449707
fold_01,1,41566,1,1,0.9352356195449829
fold_01,1,41566,2,2,0.9488093852996826
fold_01,1,41566,3,3,0.9323213696479797
fold_01,1,41653,1,1,0.9387181401252747
fold_01,1,41653,2,2,0.926853597164154
fold_01,1,41653,3,3,0.9390299916267395
fold_01,1,41710,1,1,0.9437779784202576
fold_01,1,41710,2,2,0.9283146858215332
fold_01,1,41710,3,3,0.9488193988800049
fold_01,1,41778,1,1,0.9323010444641113
fold_01,1,41778,2,2,0.9168630242347717
fold_01,1,41778,3,3,0.8464368581771851
fold_01,1,41814,1,1,0.9317415952682495
fold_01,1,41814,2,2,0.9341546893119812
fold_01,1,41814,3,3,0.9366159439086914
fold_01,1,41927,1,1,0.9353610277175903
fold_01,1,41927,2,2,0.9436142444610596
fold_01,1,41927,3,3,0.9359309077262878
fold_01,1,41934,1,1,0.9314366579055786
fold_01,1,41934,2,2,0.9128370881080627
fold_01,1,41934,3,3,0.9235455989837646
fold_01,1,42007,1,1,0.915293276309967
fold_01,1,42007,2,2,0.9358481764793396
fold_01,1,42007,3,3,0.9274746775627136
fold_01,1,42126,1,1,0.9293102025985718
fold_01,1,42126,2,2,0.895821750164032
fold_01,1,42126,3,3,0.9227866530418396
fold_01,1,42166,1,1,0.9205618500709534
fold_01,1,42166,2,2,0.9275394082069397
fold_01,1,42166,3,3,0.928505003452301
fold_01,1,42171,1,1,0.9466463327407837
fold_01,1,42171,2,2,0.9228793382644653
fold_01,1,42171,3,3,0.9392386078834534
fold_01,1,42214,1,1,0.9362810254096985
fold_01,1,42214,2,2,0.9346319437026978
fold_01,1,42214,3,3,0.9424661993980408
fold_01,1,42224,1,1,0.8947640061378479
fold_01,1,42224,2,2,0.945367693901062
fold_01,1,42224,3,3,0.9337871074676514
fold_01,1,42299,1,1,0.9362646341323853
fold_01,1,42299,2,2,0.9183849692344666
fold_01,1,42299,3,3,0.9187418222427368
fold_01,1,42473,1,1,0.9356575012207031
fold_01,1,42473,2,2,0.9332486391067505
fold_01,1,42473,3,3,0.9328259229660034
fold_01,1,42563,1,1,0.9366652965545654
fold_01,1,42563,2,2,0.9317750334739685
fold_01,1,42563,3,3,0.9400182366371155
fold_01,1,42642,1,1,0.9031568765640259
fold_01,1,42642,2,2,0.9258319139480591
fold_01,1,42642,3,3,0.8952476382255554
fold_01,1,42697,1,1,0.9382184147834778
fold_01,1,42697,2,2,0.9339103698730469
fold_01,1,42697,3,3,0.9425145387649536
fold_01,1,42781,1,1,0.9362672567367554
fold_01,1,42781,2,2,0.9388942718505859
fold_01,1,42781,3,3,0.9084312915802002
fold_01,1,42851,1,1,0.9339483976364136
fold_01,1,42851,2,2,0.9407894015312195
fold_01,1,42851,3,3,0.9325656890869141
fold_01,1,42912,1,1,0.9230879545211792
fold_01,1,42912,2,2,0.936784029006958
fold_01,1,42912,3,3,0.9196780920028687
fold_01,1,42946,1,1,0.9250296950340271
fold_01,1,42946,2,2,0.918043315410614
fold_01,1,42946,3,3,0.9262399077415466
fold_01,1,42980,1,1,0.9478064775466919
fold_01,1,42980,2,2,0.9332402348518372
fold_01,1,42980,3,3,0.9454563856124878
fold_01,1,43107,1,1,0.9180290102958679
fold_01,1,43107,2,2,0.925562858581543
fold_01,1,43107,3,3,0.9245608448982239
fold_01,1,43157,1,1,0.9188210964202881
fold_01,1,43157,2,2,0.9063446521759033
fold_01,1,43157,3,3,0.9114620685577393
fold_01,1,43159,1,1,0.9227793216705322
fold_01,1,43159,2,2,0.9420931339263916
fold_01,1,43159,3,3,0.9456707239151001
fold_01,1,43164,1,1,0.9138414859771729
fold_01,1,43164,2,2,0.9334000945091248
fold_01,1,43164,3,3,0.931860625743866
fold_01,1,43224,1,1,0.9136249423027039
fold_01,1,43224,2,2,0.9426853060722351
fold_01,1,43224,3,3,0.9373607635498047
fold_01,1,43250,1,1,0.8915377855300903
fold_01,1,43250,2,2,0.9551974534988403
fold_01,1,43250,3,3,0.9217549562454224
fold_01,1,43428,1,1,0.9300879836082458
fold_01,1,43428,2,2,0.9266021251678467
fold_01,1,43428,3,3,0.9481725096702576
fold_01,1,43445,1,1,0.9105472564697266
fold_01,1,43445,2,2,0.9200121760368347
fold_01,1,43445,3,3,0.9408255815505981
fold_01,1,43465,1,1,0.9362092614173889
fold_01,1,43465,2,2,0.8874465823173523
fold_01,1,43465,3,3,0.8990637063980103
fold_01,1,43619,1,1,0.9196676015853882
fold_01,1,43619,2,2,0.9081717729568481
fold_01,1,43619,3,3,0.9247449636459351
fold_01,1,43675,1,1,0.9383131861686707
fold_01,1,43675,2,2,0.9309925436973572
fold_01,1,43675,3,3,0.9270277619361877
fold_01,1,43689,1,1,0.9378350973129272
fold_01,1,43689,2,2,0.9010124206542969
fold_01,1,43689,3,3,0.9399926066398621
fold_01,1,43746,1,1,0.9486011266708374
fold_01,1,43746,2,2,0.9248058199882507
fold_01,1,43746,3,3,0.8975597620010376
fold_01,1,43818,1,1,0.9323704838752747
fold_01,1,43818,2,2,0.8926925659179688
fold_01,1,43818,3,3,0.9263649582862854
fold_01,1,43820,1,1,0.9002161622047424
fold_01,1,43820,2,2,0.8889342546463013
fold_01,1,43820,3,3,0.9054082036018372
fold_01,1,43852,1,1,0.9302814602851868
fold_01,1,43852,2,2,0.8929134011268616
fold_01,1,43852,3,3,0.9265847206115723
fold_01,1,43950,1,1,0.9251163005828857
fold_01,1,43950,2,2,0.9513177871704102
fold_01,1,43950,3,3,0.9301490783691406
fold_01,1,43984,1,1,0.9405097961425781
fold_01,1,43984,2,2,0.9141712784767151
fold_01,1,43984,3,3,0.9204636812210083
fold_01,1,44052,1,1,0.951569676399231
fold_01,1,44052,2,2,0.9294387102127075
fold_01,1,44052,3,3,0.9419623017311096
fold_01,1,44138,1,1,0.9309197664260864
fold_01,1,44138,2,2,0.9310290217399597
fold_01,1,44138,3,3,0.887728750705719
fold_01,1,44144,1,1,0.9454337358474731
fold_01,1,44144,2,2,0.9294115304946899
fold_01,1,44144,3,3,0.9376800656318665
fold_01,1,44705,1,1,0.9228054881095886
fold_01,1,44705,2,2,0.9160158038139343
fold_01,1,44705,3,3,0.9319528937339783
fold_01,1,44720,1,1,0.9295316338539124
fold_01,1,44720,2,2,0.924202561378479
fold_01,1,44720,3,3,0.914222240447998
fold_01,1,44844,1,1,0.9376013278961182
fold_01,1,44844,2,2,0.9294114112854004
fold_01,1,44844,3,3,0.9570476412773132
fold_01,1,44971,1,1,0.9404071569442749
fold_01,1,44971,2,2,0.9284128546714783
fold_01,1,44971,3,3,0.9412451982498169
fold_01,1,44980,1,1,0.9008405208587646
fold_01,1,44980,2,2,0.948500394821167
fold_01,1,44980,3,3,0.9202544689178467
fold_01,1,45129,1,1,0.9325118660926819
fold_01,1,45129,2,2,0.8854420185089111
fold_01,1,45129,3,3,0.9241386651992798
fold_01,1,45213,1,1,0.9189020395278931
fold_01,1,45213,2,2,0.923485517501831
fold_01,1,45213,3,3,0.9450539946556091
fold_01,1,45356,1,1,0.9245641231536865
fold_01,1,45356,2,2,0.935200572013855
fold_01,1,45356,3,3,0.926874041557312
fold_01,1,45595,1,1,0.9441559910774231
fold_01,1,45595,2,2,0.9475477337837219
fold_01,1,45595,3,3,0.9436702728271484
fold_01,1,45632,1,1,0.9512947201728821
fold_01,1,45632,2,2,0.9368383288383484
fold_01,1,45632,3,3,0.9353494644165039
fold_01,1,45750,1,1,0.9427387714385986
fold_01,1,45750,2,2,0.947950541973114
fold_01,1,45750,3,3,0.9141727089881897
fold_01,1,45837,1,1,0.9329184293746948
fold_01,1,45837,2,2,0.8999339938163757
fold_01,1,45837,3,3,0.8967940211296082
fold_01,1,45843,1,1,0.9185259938240051
fold_01,1,45843,2,2,0.8983808159828186
fold_01,1,45843,3,3,0.8979626297950745
fold_01,1,45945,1,1,0.9266970753669739
fold_01,1,45945,2,2,0.9343068599700928
fold_01,1,45945,3,3,0.9096731543540955
fold_01,1,45981,1,1,0.9377686977386475
fold_01,1,45981,2,2,0.9371729493141174
fold_01,1,45981,3,3,0.9338572025299072
fold_01,1,46002,1,1,0.9391077160835266
fold_01,1,46002,2,2,0.9180815815925598
fold_01,1,46002,3,3,0.9140259027481079
fold_01,1,46036,1,1,0.9331879019737244
fold_01,1,46036,2,2,0.9337625503540039
fold_01,1,46036,3,3,0.9358715415000916
fold_01,1,46150,1,1,0.9376369118690491
fold_01,1,46150,2,2,0.9416126608848572
fold_01,1,46150,3,3,0.9414144158363342
fold_01,1,46160,1,1,0.9319247603416443
fold_01,1,46160,2,2,0.933175802230835
fold_01,1,46160,3,3,0.9175277352333069
fold_01,1,46274,1,1,0.932843029499054
fold_01,1,46274,2,2,0.9126437902450562
fold_01,1,46274,3,3,0.9183212518692017
fold_01,1,46321,1,1,0.9396337270736694
fold_01,1,46321,2,2,0.9258788228034973
fold_01,1,46321,3,3,0.9255590438842773
fold_01,1,46372,1,1,0.9116712808609009
fold_01,1,46372,2,2,0.9425134658813477
fold_01,1,46372,3,3,0.9412569403648376
fold_01,1,46380,1,1,0.9348611235618591
fold_01,1,46380,2,2,0.9369255900382996
fold_01,1,46380,3,3,0.9313725829124451
fold_01,1,46460,1,1,0.9307363033294678
fold_01,1,46460,2,2,0.9517974853515625
fold_01,1,46460,3,3,0.9065377116203308
fold_01,1,46462,1,1,0.951115071773529
fold_01,1,46462,2,2,0.9387515187263489
fold_01,1,46462,3,3,0.9225669503211975
fold_01,1,46523,1,1,0.8727584481239319
fold_01,1,46523,2,2,0.9233828186988831
fold_01,1,46523,3,3,0.9286455512046814
fold_01,1,46642,1,1,0.9336157441139221
fold_01,1,46642,2,2,0.9236557483673096
fold_01,1,46642,3,3,0.919029951095581
fold_01,1,46661,1,1,0.8933333158493042
fold_01,1,46661,2,2,0.9407228231430054
fold_01,1,46661,3,3,0.9033583998680115
fold_01,1,46806,1,1,0.9387492537498474
fold_01,1,46806,2,2,0.9341530203819275
fold_01,1,46806,3,3,0.9390100240707397
fold_01,1,46835,1,1,0.9373623728752136
fold_01,1,46835,2,2,0.9107488393783569
fold_01,1,46835,3,3,0.9244192838668823
fold_01,1,46861,1,1,0.9153558015823364
fold_01,1,46861,2,2,0.9193542003631592
fold_01,1,46861,3,3,0.9332406520843506
fold_01,1,47033,1,1,0.933364987373352
fold_01,1,47033,2,2,0.9240255951881409
fold_01,1,47033,3,3,0.909024715423584
fold_01,1,47070,1,1,0.9271031022071838
fold_01,1,47070,2,2,0.9264165759086609
fold_01,1,47070,3,3,0.9354490637779236
fold_01,1,47099,1,1,0.9275719523429871
fold_01,1,47099,2,2,0.9453427195549011
fold_01,1,47099,3,3,0.9326382875442505
fold_01,1,47290,1,1,0.91277015209198
fold_01,1,47290,2,2,0.9092862606048584
fold_01,1,47290,3,3,0.945659339427948
fold_01,1,47293,1,1,0.9232645630836487
fold_01,1,47293,2,2,0.9264416098594666
fold_01,1,47293,3,3,0.9143713116645813
fold_01,1,47321,1,1,0.9273560047149658
fold_01,1,47321,2,2,0.9472290277481079
fold_01,1,47321,3,3,0.9297409057617188
fold_01,1,47408,1,1,0.9422242641448975
fold_01,1,47408,2,2,0.952700674533844
fold_01,1,47408,3,3,0.923900842666626
fold_01,1,47600,1,1,0.9399394989013672
fold_01,1,47600,2,2,0.9402958154678345
fold_01,1,47600,3,3,0.9368566274642944
fold_01,1,47687,1,1,0.936270534992218
fold_01,1,47687,2,2,0.934744119644165
fold_01,1,47687,3,3,0.9340415000915527
fold_01,1,48157,1,1,0.9355536699295044
fold_01,1,48157,2,2,0.9101248979568481
fold_01,1,48157,3,3,0.9212262034416199
fold_01,1,48260,1,1,0.928210973739624
fold_01,1,48260,2,2,0.9442987442016602
fold_01,1,48260,3,3,0.8845731019973755
fold_01,1,48374,1,1,0.9079840183258057
fold_01,1,48374,2,2,0.9526379704475403
fold_01,1,48374,3,3,0.9153892993927002
fold_01,1,48379,1,1,0.9454634189605713
fold_01,1,48379,2,2,0.9016283750534058
fold_01,1,48379,3,3,0.9319190382957458
fold_01,1,48393,1,1,0.9421453475952148
fold_01,1,48393,2,2,0.9239912033081055
fold_01,1,48393,3,3,0.9137313365936279
fold_01,1,48422,1,1,0.9296097755432129
fold_01,1,48422,2,2,0.9340178370475769
fold_01,1,48422,3,3,0.9346835017204285
fold_01,1,48508,1,1,0.9286701083183289
fold_01,1,48508,2,2,0.9261220097541809
fold_01,1,48508,3,3,0.9251294732093811
fold_01,1,48530,1,1,0.9180514216423035
fold_01,1,48530,2,2,0.9363906979560852
fold_01,1,48530,3,3,0.9355883598327637
fold_01,1,48617,1,1,0.92621248960495
fold_01,1,48617,2,2,0.9167525172233582
fold_01,1,48617,3,3,0.9243336915969849
fold_01,1,48622,1,1,0.9157044887542725
fold_01,1,48622,2,2,0.921613335609436
fold_01,1,48622,3,3,0.9438878893852234
fold_01,1,48679,1,1,0.9383623600006104
fold_01,1,48679,2,2,0.9365928769111633
fold_01,1,48679,3,3,0.9427124261856079
fold_01,1,48681,1,1,0.9513630270957947
fold_01,1,48681,2,2,0.9037381410598755
fold_01,1,48681,3,3,0.9096463918685913
fold_01,1,48802,1,1,0.9246363639831543
fold_01,1,48802,2,2,0.9225901365280151
fold_01,1,48802,3,3,0.8905198574066162
fold_01,1,48839,1,1,0.920863151550293
fold_01,1,48839,2,2,0.9171874523162842
fold_01,1,48839,3,3,0.8842568397521973
fold_01,1,49076,1,1,0.9415591359138489
fold_01,1,49076,2,2,0.901832640171051
fold_01,1,49076,3,3,0.9404762983322144
fold_01,1,49466,1,1,0.9423033595085144
fold_01,1,49466,2,2,0.9392830729484558
fold_01,1,49466,3,3,0.9390344619750977
fold_01,1,49480,1,1,0.9328618049621582
fold_01,1,49480,2,2,0.9352470636367798
fold_01,1,49480,3,3,0.9093539714813232
fold_01,1,49731,1,1,0.9311100840568542
fold_01,1,49731,2,2,0.9511023163795471
fold_01,1,49731,3,3,0.8815017938613892
fold_01,1,49944,1,1,0.9485129714012146
fold_01,1,49944,2,2,0.9343891739845276
fold_01,1,49944,3,3,0.9027661085128784
fold_01,1,49955,1,1,0.9320308566093445
fold_01,1,49955,2,2,0.9467142820358276
fold_01,1,49955,3,3,0.9414861798286438
fold_01,1,49957,1,1,0.9213690757751465
fold_01,1,49957,2,2,0.9195836782455444
fold_01,1,49957,3,3,0.9298244714736938
fold_01,1,49969,1,1,0.9232692122459412
fold_01,1,49969,2,2,0.9314938187599182
fold_01,1,49969,3,3,0.8849324584007263
fold_01,1,49979,1,1,0.9304393529891968
fold_01,1,49979,2,2,0.8972433805465698
fold_01,1,49979,3,3,0.9324579834938049
fold_01,1,50114,1,1,0.9279714822769165
fold_01,1,50114,2,2,0.9327576160430908
fold_01,1,50114,3,3,0.9509456753730774
fold_01,1,50170,1,1,0.9259778261184692
fold_01,1,50170,2,2,0.9283319115638733
fold_01,1,50170,3,3,0.8983262181282043
fold_01,1,50653,1,1,0.9356206655502319
fold_01,1,50653,2,2,0.9303150177001953
fold_01,1,50653,3,3,0.9072027206420898
fold_01,1,50734,1,1,0.9334368109703064
fold_01,1,50734,2,2,0.9405614733695984
fold_01,1,50734,3,3,0.9298665523529053
fold_01,1,50755,1,1,0.9384592771530151
fold_01,1,50755,2,2,0.9554511308670044
fold_01,1,50755,3,3,0.941753089427948
fold_01,1,50811,1,1,0.9267574548721313
fold_01,1,50811,2,2,0.9121529459953308
fold_01,1,50811,3,3,0.9367184638977051
fold_01,1,50882,1,1,0.9208076000213623
fold_01,1,50882,2,2,0.9244338870048523
fold_01,1,50882,3,3,0.9095115065574646
fold_01,1,51062,1,1,0.8732290267944336
fold_01,1,51062,2,2,0.9189431667327881
fold_01,1,51062,3,3,0.9227572679519653
fold_01,1,51077,1,1,0.9378615617752075
fold_01,1,51077,2,2,0.9496203064918518
fold_01,1,51077,3,3,0.9337505102157593
fold_01,1,51148,1,1,0.9331598281860352
fold_01,1,51148,2,2,0.9370942711830139
fold_01,1,51148,3,3,0.9285083413124084
fold_01,1,51171,1,1,0.9375731945037842
fold_01,1,51171,2,2,0.9187621474266052
fold_01,1,51171,3,3,0.914339005947113
fold_01,1,51185,1,1,0.9360783100128174
fold_01,1,51185,2,2,0.9401219487190247
fold_01,1,51185,3,3,0.9321630597114563
fold_01,1,51521,1,1,0.9347604513168335
fold_01,1,51521,2,2,0.941087007522583
fold_01,1,51521,3,3,0.9214907288551331
fold_01,1,51745,1,1,0.9375343322753906
fold_01,1,51745,2,2,0.9003942608833313
fold_01,1,51745,3,3,0.9372420907020569
fold_01,1,51788,1,1,0.944575846195221
fold_01,1,51788,2,2,0.933832049369812
fold_01,1,51788,3,3,0.9138277769088745
fold_01,1,51843,1,1,0.9432323575019836
fold_01,1,51843,2,2,0.8988112211227417
fold_01,1,51843,3,3,0.921434760093689
fold_01,1,51965,1,1,0.9431602954864502
fold_01,1,51965,2,2,0.9178441762924194
fold_01,1,51965,3,3,0.943827211856842
fold_01,1,51983,1,1,0.9276771545410156
fold_01,1,51983,2,2,0.934780478477478
fold_01,1,51983,3,3,0.9437028169631958
fold_01,1,51988,1,1,0.9202280640602112
fold_01,1,51988,2,2,0.933818519115448
fold_01,1,51988,3,3,0.8924099206924438
fold_01,1,52070,1,1,0.8919568061828613
fold_01,1,52070,2,2,0.9315645694732666
fold_01,1,52070,3,3,0.9434128999710083
fold_01,1,52302,1,1,0.9290515184402466
fold_01,1,52302,2,2,0.93121337890625
fold_01,1,52302,3,3,0.936288595199585
fold_01,1,52394,1,1,0.9596132636070251
fold_01,1,52394,2,2,0.937217116355896
fold_01,1,52394,3,3,0.9292904138565063
fold_01,1,52527,1,1,0.9093092679977417
fold_01,1,52527,2,2,0.8999509215354919
fold_01,1,52527,3,3,0.9219255447387695
fold_01,1,52554,1,1,0.9390886425971985
fold_01,1,52554,2,2,0.897607684135437
fold_01,1,52554,3,3,0.9315906763076782
fold_01,1,52596,1,1,0.9415538311004639
fold_01,1,52596,2,2,0.9279226064682007
fold_01,1,52596,3,3,0.9088537693023682
fold_01,1,52652,1,1,0.9448754191398621
fold_01,1,52652,2,2,0.9141660332679749
fold_01,1,52652,3,3,0.9466963410377502
fold_01,1,52892,1,1,0.9367906451225281
fold_01,1,52892,2,2,0.923270583152771
fold_01,1,52892,3,3,0.9171645641326904
fold_01,1,52931,1,1,0.9494629502296448
fold_01,1,52931,2,2,0.9361395835876465
fold_01,1,52931,3,3,0.9434779286384583
fold_01,1,53052,1,1,0.9428215622901917
fold_01,1,53052,2,2,0.9443723559379578
fold_01,1,53052,3,3,0.9271713495254517
fold_01,1,53152,1,1,0.9392678141593933
fold_01,1,53152,2,2,0.9327289462089539
fold_01,1,53152,3,3,0.9377275109291077
fold_01,1,53155,1,1,0.9076181650161743
fold_01,1,53155,2,2,0.9194225668907166
fold_01,1,53155,3,3,0.919344425201416
fold_01,1,53157,1,1,0.9314084053039551
fold_01,1,53157,2,2,0.9292573928833008
fold_01,1,53157,3,3,0.9041759371757507
fold_01,1,53270,1,1,0.9082772731781006
fold_01,1,53270,2,2,0.8140448927879333
fold_01,1,53270,3,3,0.9271624088287354
fold_01,1,53370,1,1,0.9200296998023987
fold_01,1,53370,2,2,0.9309688210487366
fold_01,1,53370,3,3,0.9336730241775513
fold_01,1,53511,1,1,0.8724933862686157
fold_01,1,53511,2,2,0.9243749976158142
fold_01,1,53511,3,3,0.9181650280952454
fold_01,1,53570,1,1,0.9292353391647339
fold_01,1,53570,2,2,0.9331567287445068
fold_01,1,53570,3,3,0.9483218789100647
fold_01,1,53727,1,1,0.9198841452598572
fold_01,1,53727,2,2,0.9256018996238708
fold_01,1,53727,3,3,0.9210169911384583
fold_01,1,53728,1,1,0.9483779668807983
fold_01,1,53728,2,2,0.9455905556678772
fold_01,1,53728,3,3,0.9347640872001648
fold_01,1,53773,1,1,0.8779635429382324
fold_01,1,53773,2,2,0.9338562488555908
fold_01,1,53773,3,3,0.9395878911018372
fold_01,1,53858,1,1,0.9154672026634216
fold_01,1,53858,2,2,0.92112797498703
fold_01,1,53858,3,3,0.9002460241317749
fold_01,1,53881,1,1,0.919619083404541
fold_01,1,53881,2,2,0.9277400374412537
fold_01,1,53881,3,3,0.929453432559967
fold_01,1,53891,1,1,0.9305762648582458
fold_01,1,53891,2,2,0.9088285565376282
fold_01,1,53891,3,3,0.9197452068328857
fold_01,1,54078,1,1,0.9287101626396179
fold_01,1,54078,2,2,0.9186351299285889
fold_01,1,54078,3,3,0.9310077428817749
fold_01,1,54257,1,1,0.9353885650634766
fold_01,1,54257,2,2,0.9238967895507812
fold_01,1,54257,3,3,0.9420289397239685
fold_01,1,54361,1,1,0.936221718788147
fold_01,1,54361,2,2,0.9343802332878113
fold_01,1,54361,3,3,0.8999784588813782
fold_01,1,54389,1,1,0.931654691696167
fold_01,1,54389,2,2,0.9073859453201294
fold_01,1,54389,3,3,0.9034541249275208
fold_01,1,54643,1,1,0.9384957551956177
fold_01,1,54643,2,2,0.9340501427650452
fold_01,1,54643,3,3,0.9091047644615173
fold_01,1,54683,1,1,0.930863082408905
fold_01,1,54683,2,2,0.9351934194564819
fold_01,1,54683,3,3,0.890238881111145
fold_01,1,54698,1,1,0.9343608617782593
fold_01,1,54698,2,2,0.9106026291847229
fold_01,1,54698,3,3,0.9070267081260681
fold_01,1,54913,1,1,0.9453160762786865
fold_01,1,54913,2,2,0.9197027087211609
fold_01,1,54913,3,3,0.9215485453605652
fold_01,1,54959,1,1,0.929559051990509
fold_01,1,54959,2,2,0.9181281924247742
fold_01,1,54959,3,3,0.9350576400756836
fold_01,1,55005,1,1,0.920709490776062
fold_01,1,55005,2,2,0.9306001663208008
fold_01,1,55005,3,3,0.9266546368598938
fold_01,1,55107,1,1,0.9323089718818665
fold_01,1,55107,2,2,0.9477962255477905
fold_01,1,55107,3,3,0.9205014109611511
fold_01,1,55163,1,1,0.9392624497413635
fold_01,1,55163,2,2,0.9242010712623596
fold_01,1,55163,3,3,0.9315997958183289
fold_01,1,55405,1,1,0.9521716833114624
fold_01,1,55405,2,2,0.9423438906669617
fold_01,1,55405,3,3,0.9340546727180481
fold_01,1,55408,1,1,0.9491541981697083
fold_01,1,55408,2,2,0.9331248998641968
fold_01,1,55408,3,3,0.9494975209236145
fold_01,1,55526,1,1,0.9454634785652161
fold_01,1,55526,2,2,0.9369094967842102
fold_01,1,55526,3,3,0.949472963809967
fold_01,1,55649,1,1,0.9299230575561523
fold_01,1,55649,2,2,0.9221120476722717
fold_01,1,55649,3,3,0.9307190179824829
fold_01,1,55669,1,1,0.9423032999038696
fold_01,1,55669,2,2,0.9377765655517578
fold_01,1,55669,3,3,0.9309995770454407
fold_01,1,55678,1,1,0.9246906042098999
fold_01,1,55678,2,2,0.9299742579460144
fold_01,1,55678,3,3,0.9436333775520325
fold_01,1,55857,1,1,0.9236958622932434
fold_01,1,55857,2,2,0.9296249747276306
fold_01,1,55857,3,3,0.9097720980644226
fold_01,1,55933,1,1,0.9320176839828491
fold_01,1,55933,2,2,0.9284099340438843
fold_01,1,55933,3,3,0.9032948613166809
fold_01,1,55968,1,1,0.940456748008728
fold_01,1,55968,2,2,0.9271392822265625
fold_01,1,55968,3,3,0.9398855566978455
fold_01,1,55969,1,1,0.8863596320152283
fold_01,1,55969,2,2,0.9156664609909058
fold_01,1,55969,3,3,0.9263358116149902
fold_01,1,56042,1,1,0.943625271320343
fold_01,1,56042,2,2,0.9359065890312195
fold_01,1,56042,3,3,0.9323347806930542
fold_01,1,56066,1,1,0.9183459281921387
fold_01,1,56066,2,2,0.9272727966308594
fold_01,1,56066,3,3,0.9289771914482117
fold_01,1,56154,1,1,0.9388684034347534
fold_01,1,56154,2,2,0.9443770051002502
fold_01,1,56154,3,3,0.9279436469078064
fold_01,1,56269,1,1,0.9264478087425232
fold_01,1,56269,2,2,0.9207553267478943
fold_01,1,56269,3,3,0.9274219870567322
fold_01,1,56290,1,1,0.9066235423088074
fold_01,1,56290,2,2,0.9205816388130188
fold_01,1,56290,3,3,0.873977541923523
fold_01,1,56314,1,1,0.9318420886993408
fold_01,1,56314,2,2,0.9179233908653259
fold_01,1,56314,3,3,0.9113964438438416
fold_01,1,56454,1,1,0.8971440196037292
fold_01,1,56454,2,2,0.8985850214958191
fold_01,1,56454,3,3,0.9369096159934998
fold_01,1,56471,1,1,0.9020274877548218
fold_01,1,56471,2,2,0.9228395819664001
fold_01,1,56471,3,3,0.9061015248298645
fold_01,1,56681,1,1,0.9433866143226624
fold_01,1,56681,2,2,0.9082392454147339
fold_01,1,56681,3,3,0.8929504752159119
fold_01,1,56723,1,1,0.935063362121582
fold_01,1,56723,2,2,0.9178339838981628
fold_01,1,56723,3,3,0.9347251653671265
fold_01,1,56751,1,1,0.9020323753356934
fold_01,1,56751,2,2,0.8988467454910278
fold_01,1,56751,3,3,0.9291039109230042
fold_01,1,56784,1,1,0.9247491955757141
fold_01,1,56784,2,2,0.9338535666465759
fold_01,1,56784,3,3,0.9224935173988342
fold_01,1,56850,1,1,0.9329083561897278
fold_01,1,56850,2,2,0.9113077521324158
fold_01,1,56850,3,3,0.9181406497955322
fold_01,1,56867,1,1,0.9252547025680542
fold_01,1,56867,2,2,0.9137850999832153
fold_01,1,56867,3,3,0.9374058842658997
fold_01,1,56911,1,1,0.9031600952148438
fold_01,1,56911,2,2,0.9371867179870605
fold_01,1,56911,3,3,0.9362135529518127
fold_01,1,56948,1,1,0.9334972500801086
fold_01,1,56948,2,2,0.9452623128890991
fold_01,1,56948,3,3,0.93769770860672
fold_01,1,57046,1,1,0.9372069239616394
fold_01,1,57046,2,2,0.9140772819519043
fold_01,1,57046,3,3,0.9439231157302856
fold_01,1,57060,1,1,0.9316127896308899
fold_01,1,57060,2,2,0.8820201754570007
fold_01,1,57060,3,3,0.9125728607177734
fold_01,1,57435,1,1,0.9283994436264038
fold_01,1,57435,2,2,0.9339248538017273
fold_01,1,57435,3,3,0.925145149230957
fold_01,1,57478,1,1,0.9422107934951782
fold_01,1,57478,2,2,0.9324812293052673
fold_01,1,57478,3,3,0.859876811504364
fold_01,1,57553,1,1,0.9378573894500732
fold_01,1,57553,2,2,0.937930703163147
fold_01,1,57553,3,3,0.935565710067749
fold_01,1,57650,1,1,0.9390712380409241
fold_01,1,57650,2,2,0.8891152143478394
fold_01,1,57650,3,3,0.9129981994628906
fold_01,1,57681,1,1,0.8494778871536255
fold_01,1,57681,2,2,0.8452760577201843
fold_01,1,57681,3,3,0.9082058668136597
fold_01,1,57822,1,1,0.9479674100875854
fold_01,1,57822,2,2,0.9241466522216797
fold_01,1,57822,3,3,0.9122073650360107
fold_01,1,57838,1,1,0.9496045708656311
fold_01,1,57838,2,2,0.9364790320396423
fold_01,1,57838,3,3,0.9355754256248474
fold_01,1,57906,1,1,0.90524822473526
fold_01,1,57906,2,2,0.9066156148910522
fold_01,1,57906,3,3,0.9054005146026611
fold_01,1,58096,1,1,0.9123227596282959
fold_01,1,58096,2,2,0.9260141253471375
fold_01,1,58096,3,3,0.9069291949272156
fold_01,1,58144,1,1,0.9406694173812866
fold_01,1,58144,2,2,0.9293054342269897
fold_01,1,58144,3,3,0.9270110726356506
fold_01,1,58164,1,1,0.9084191918373108
fold_01,1,58164,2,2,0.941439151763916
fold_01,1,58164,3,3,0.8920103311538696
fold_01,1,58187,1,1,0.9249888062477112
fold_01,1,58187,2,2,0.9017518758773804
fold_01,1,58187,3,3,0.883579671382904
fold_01,1,58404,1,1,0.9425851702690125
fold_01,1,58404,2,2,0.94279944896698
fold_01,1,58404,3,3,0.9389855265617371
fold_01,1,59023,1,1,0.9317148923873901
fold_01,1,59023,2,2,0.9396015405654907
fold_01,1,59023,3,3,0.9432823657989502
fold_01,1,59039,1,1,0.9358823895454407
fold_01,1,59039,2,2,0.9314247369766235
fold_01,1,59039,3,3,0.9409973621368408
fold_01,1,59046,1,1,0.918897271156311
fold_01,1,59046,2,2,0.9439855217933655
fold_01,1,59046,3,3,0.9371629357337952
fold_01,1,59194,1,1,0.928209662437439
fold_01,1,59194,2,2,0.9454366564750671
fold_01,1,59194,3,3,0.9443722367286682
fold_01,1,59284,1,1,0.9489769339561462
fold_01,1,59284,2,2,0.9530613422393799
fold_01,1,59284,3,3,0.9227616190910339
fold_01,1,59585,1,1,0.9177325367927551
fold_01,1,59585,2,2,0.9350450038909912
fold_01,1,59585,3,3,0.9206011295318604
fold_01,1,59595,1,1,0.930912971496582
fold_01,1,59595,2,2,0.9337406754493713
fold_01,1,59595,3,3,0.9292440414428711
fold_01,1,59631,1,1,0.9091614484786987
fold_01,1,59631,2,2,0.924312949180603
fold_01,1,59631,3,3,0.9251968264579773
fold_01,1,59699,1,1,0.9439780116081238
fold_01,1,59699,2,2,0.9065704345703125
fold_01,1,59699,3,3,0.9225088357925415
fold_01,1,59817,1,1,0.9509362578392029
fold_01,1,59817,2,2,0.9444094300270081
fold_01,1,59817,3,3,0.9294770359992981
fold_01,1,59994,1,1,0.9422783851623535
fold_01,1,59994,2,2,0.9477079510688782
fold_01,1,59994,3,3,0.9426318407058716
fold_01,1,60094,1,1,0.9329925775527954
fold_01,1,60094,2,2,0.9364996552467346
fold_01,1,60094,3,3,0.9314751029014587
fold_01,1,60186,1,1,0.9366771578788757
fold_01,1,60186,2,2,0.9466336369514465
fold_01,1,60186,3,3,0.9454836249351501
fold_01,1,60251,1,1,0.932772696018219
fold_01,1,60251,2,2,0.9412270188331604
fold_01,1,60251,3,3,0.9393746852874756
fold_01,1,60305,1,1,0.9634450674057007
fold_01,1,60305,2,2,0.9325321316719055
fold_01,1,60305,3,3,0.9376378655433655
fold_01,1,60505,1,1,0.9297839403152466
fold_01,1,60505,2,2,0.9072448015213013
fold_01,1,60505,3,3,0.9490588903427124
fold_01,1,60553,1,1,0.9278561472892761
fold_01,1,60553,2,2,0.9347870349884033
fold_01,1,60553,3,3,0.88312828540802
fold_01,1,60845,1,1,0.9512828588485718
fold_01,1,60845,2,2,0.8922281265258789
fold_01,1,60845,3,3,0.9008644223213196
fold_01,1,60867,1,1,0.9369885325431824
fold_01,1,60867,2,2,0.913865864276886
fold_01,1,60867,3,3,0.9356054663658142
fold_01,1,61122,1,1,0.9241147041320801
fold_01,1,61122,2,2,0.9127026200294495
fold_01,1,61122,3,3,0.9378533959388733
fold_01,1,61133,1,1,0.9351626038551331
fold_01,1,61133,2,2,0.9196364283561707
fold_01,1,61133,3,3,0.9311447739601135
fold_01,1,61177,1,1,0.9408948421478271
fold_01,1,61177,2,2,0.9113230109214783
fold_01,1,61177,3,3,0.9133886098861694
fold_01,1,61216,1,1,0.9230100512504578
fold_01,1,61216,2,2,0.9372517466545105
fold_01,1,61216,3,3,0.9399734735488892
fold_01,1,61510,1,1,0.931294322013855
fold_01,1,61510,2,2,0.9361787438392639
fold_01,1,61510,3,3,0.9187284111976624
fold_01,1,61513,1,1,0.9339991807937622
fold_01,1,61513,2,2,0.9272502660751343
fold_01,1,61513,3,3,0.9263125658035278
fold_01,1,61677,1,1,0.9312869906425476
fold_01,1,61677,2,2,0.9041741490364075
fold_01,1,61677,3,3,0.9279815554618835
fold_01,1,61738,1,1,0.9413201808929443
fold_01,1,61738,2,2,0.942734956741333
fold_01,1,61738,3,3,0.9309959411621094
fold_01,1,61748,1,1,0.9317798614501953
fold_01,1,61748,2,2,0.9346845746040344
fold_01,1,61748,3,3,0.9225704669952393
fold_01,1,61752,1,1,0.9332994222640991
fold_01,1,61752,2,2,0.9334245324134827
fold_01,1,61752,3,3,0.9250425696372986
fold_01,1,61797,1,1,0.9328063130378723
fold_01,1,61797,2,2,0.9315563440322876
fold_01,1,61797,3,3,0.9463171362876892
fold_01,1,61809,1,1,0.9205808639526367
fold_01,1,61809,2,2,0.9567282795906067
fold_01,1,61809,3,3,0.9512496590614319
fold_01,1,61873,1,1,0.9474918246269226
fold_01,1,61873,2,2,0.9213917255401611
fold_01,1,61873,3,3,0.9133256673812866
fold_01,1,61972,1,1,0.9334816336631775
fold_01,1,61972,2,2,0.9406416416168213
fold_01,1,61972,3,3,0.9258142113685608
fold_01,1,62006,1,1,0.936150848865509
fold_01,1,62006,2,2,0.9420130848884583
fold_01,1,62006,3,3,0.9359228014945984
fold_01,1,62015,1,1,0.9053972363471985
fold_01,1,62015,2,2,0.9186590909957886
fold_01,1,62015,3,3,0.9250389933586121
fold_01,1,62209,1,1,0.9442942142486572
fold_01,1,62209,2,2,0.9421327114105225
fold_01,1,62209,3,3,0.9184459447860718
fold_01,1,62228,1,1,0.9421130418777466
fold_01,1,62228,2,2,0.9084423184394836
fold_01,1,62228,3,3,0.944138765335083
fold_01,1,62275,1,1,0.9148749113082886
fold_01,1,62275,2,2,0.9108362793922424
fold_01,1,62275,3,3,0.8975590467453003
fold_01,1,62302,1,1,0.9424833655357361
fold_01,1,62302,2,2,0.9303151369094849
fold_01,1,62302,3,3,0.9334567189216614
fold_01,1,62479,1,1,0.9458312392234802
fold_01,1,62479,2,2,0.9349144697189331
fold_01,1,62479,3,3,0.9278895258903503
fold_01,1,62544,1,1,0.9236940741539001
fold_01,1,62544,2,2,0.9352391958236694
fold_01,1,62544,3,3,0.931471586227417
fold_01,1,62561,1,1,0.9462660551071167
fold_01,1,62561,2,2,0.9314910173416138
fold_01,1,62561,3,3,0.9411286115646362
fold_01,1,62683,1,1,0.9427487850189209
fold_01,1,62683,2,2,0.9297266602516174
fold_01,1,62683,3,3,0.911889374256134
fold_01,1,62960,1,1,0.9441729784011841
fold_01,1,62960,2,2,0.9489127993583679
fold_01,1,62960,3,3,0.9475683569908142
fold_01,1,63081,1,1,0.9409860968589783
fold_01,1,63081,2,2,0.9261147379875183
fold_01,1,63081,3,3,0.9149921536445618
fold_01,1,63182,1,1,0.9386941194534302
fold_01,1,63182,2,2,0.9293228387832642
fold_01,1,63182,3,3,0.9170684218406677
fold_01,1,63746,1,1,0.9235237836837769
fold_01,1,63746,2,2,0.9089571833610535
fold_01,1,63746,3,3,0.9345126152038574
fold_01,1,63825,1,1,0.9229206442832947
fold_01,1,63825,2,2,0.9423199892044067
fold_01,1,63825,3,3,0.9172053933143616
fold_01,1,63931,1,1,0.9310956001281738
fold_01,1,63931,2,2,0.9389827847480774
fold_01,1,63931,3,3,0.9346194863319397
fold_01,1,63944,1,1,0.9165652394294739
fold_01,1,63944,2,2,0.9184451699256897
fold_01,1,63944,3,3,0.9399108290672302
fold_01,1,64004,1,1,0.9243751764297485
fold_01,1,64004,2,2,0.9374780058860779
fold_01,1,64004,3,3,0.9124044179916382
fold_01,1,64096,1,1,0.921438455581665
fold_01,1,64096,2,2,0.9253761172294617
fold_01,1,64096,3,3,0.9189972877502441
fold_01,1,64295,1,1,0.9383484125137329
fold_01,1,64295,2,2,0.9370027184486389
fold_01,1,64295,3,3,0.9372794032096863
fold_01,1,64483,1,1,0.9382556676864624
fold_01,1,64483,2,2,0.9097501635551453
fold_01,1,64483,3,3,0.9248837828636169
fold_01,1,64498,1,1,0.9265778660774231
fold_01,1,64498,2,2,0.9166629314422607
fold_01,1,64498,3,3,0.9430899024009705
fold_01,1,64615,1,1,0.9043251872062683
fold_01,1,64615,2,2,0.9160232543945312
fold_01,1,64615,3,3,0.893779456615448
fold_01,1,64621,1,1,0.9296600222587585
fold_01,1,64621,2,2,0.9366787672042847
fold_01,1,64621,3,3,0.929774820804596
fold_01,1,64867,1,1,0.9530177116394043
fold_01,1,64867,2,2,0.946128249168396
fold_01,1,64867,3,3,0.934855580329895
fold_01,1,64880,1,1,0.9438905715942383
fold_01,1,64880,2,2,0.9307435154914856
fold_01,1,64880,3,3,0.9219563603401184
fold_01,1,65010,1,1,0.9005342125892639
fold_01,1,65010,2,2,0.9224991798400879
fold_01,1,65010,3,3,0.9228545427322388
fold_01,1,65069,1,1,0.926947295665741
fold_01,1,65069,2,2,0.9218505024909973
fold_01,1,65069,3,3,0.9083006978034973
fold_01,1,65148,1,1,0.9467890858650208
fold_01,1,65148,2,2,0.931479811668396
fold_01,1,65148,3,3,0.9381985664367676
fold_01,1,65187,1,1,0.9246860146522522
fold_01,1,65187,2,2,0.904409646987915
fold_01,1,65187,3,3,0.840969443321228
fold_01,1,65253,1,1,0.9293811917304993
fold_01,1,65253,2,2,0.9133676290512085
fold_01,1,65253,3,3,0.9453995823860168
fold_01,1,65267,1,1,0.9405734539031982
fold_01,1,65267,2,2,0.9305976033210754
fold_01,1,65267,3,3,0.9318264126777649
fold_01,1,65376,1,1,0.9212721586227417
fold_01,1,65376,2,2,0.9438671469688416
fold_01,1,65376,3,3,0.9229042530059814
fold_01,1,65445,1,1,0.8797525763511658
fold_01,1,65445,2,2,0.9424823522567749
fold_01,1,65445,3,3,0.9430025219917297
fold_01,1,65639,1,1,0.930463433265686
fold_01,1,65639,2,2,0.9250109195709229
fold_01,1,65639,3,3,0.9221309423446655
fold_01,1,65686,1,1,0.9347172975540161
fold_01,1,65686,2,2,0.9295153021812439
fold_01,1,65686,3,3,0.9199681282043457
fold_01,1,65769,1,1,0.9338799118995667
fold_01,1,65769,2,2,0.9417100548744202
fold_01,1,65769,3,3,0.9459702372550964
fold_01,1,65799,1,1,0.9419092535972595
fold_01,1,65799,2,2,0.9221259951591492
fold_01,1,65799,3,3,0.9413198828697205
fold_01,1,65821,1,1,0.9375813007354736
fold_01,1,65821,2,2,0.9287115931510925
fold_01,1,65821,3,3,0.9395302534103394
fold_01,1,65872,1,1,0.9396349191665649
fold_01,1,65872,2,2,0.9375022053718567
fold_01,1,65872,3,3,0.9332596659660339
fold_01,1,65920,1,1,0.9294240474700928
fold_01,1,65920,2,2,0.9320956468582153
fold_01,1,65920,3,3,0.9198237061500549
fold_01,1,65943,1,1,0.9321860074996948
fold_01,1,65943,2,2,0.9416958689689636
fold_01,1,65943,3,3,0.9186998009681702
fold_01,1,66004,1,1,0.9337342381477356
fold_01,1,66004,2,2,0.9396771192550659
fold_01,1,66004,3,3,0.9289613962173462
fold_01,1,66216,1,1,0.9320573806762695
fold_01,1,66216,2,2,0.9284456372261047
fold_01,1,66216,3,3,0.9262161254882812
fold_01,1,66278,1,1,0.9408647418022156
fold_01,1,66278,2,2,0.9241865277290344
fold_01,1,66278,3,3,0.9448111653327942
fold_01,1,66330,1,1,0.8954303860664368
fold_01,1,66330,2,2,0.937999427318573
fold_01,1,66330,3,3,0.9555789232254028
fold_01,1,66464,1,1,0.9199824929237366
fold_01,1,66464,2,2,0.9499619603157043
fold_01,1,66464,3,3,0.9417713284492493
fold_01,1,66489,1,1,0.9313122034072876
fold_01,1,66489,2,2,0.9224820137023926
fold_01,1,66489,3,3,0.9435223340988159
fold_01,1,66580,1,1,0.9457787275314331
fold_01,1,66580,2,2,0.9369935989379883
fold_01,1,66580,3,3,0.9451048374176025
fold_01,1,66773,1,1,0.936299204826355
fold_01,1,66773,2,2,0.9337751865386963
fold_01,1,66773,3,3,0.9491795301437378
fold_01,1,66836,1,1,0.9474582076072693
fold_01,1,66836,2,2,0.9487949013710022
fold_01,1,66836,3,3,0.9199169874191284
fold_01,1,66946,1,1,0.9352386593818665
fold_01,1,66946,2,2,0.9373595714569092
fold_01,1,66946,3,3,0.9154370427131653
fold_01,1,66976,1,1,0.9327271580696106
fold_01,1,66976,2,2,0.9176095724105835
fold_01,1,66976,3,3,0.9398655891418457
fold_01,1,67045,1,1,0.9331157803535461
fold_01,1,67045,2,2,0.9237554669380188
fold_01,1,67045,3,3,0.9259786605834961
fold_01,1,67113,1,1,0.9091647863388062
fold_01,1,67113,2,2,0.9355758428573608
fold_01,1,67113,3,3,0.8817780613899231
fold_01,1,67168,1,1,0.9171879291534424
fold_01,1,67168,2,2,0.9372221827507019
fold_01,1,67168,3,3,0.9168086051940918
fold_01,1,67204,1,1,0.8885594010353088
fold_01,1,67204,2,2,0.9061909914016724
fold_01,1,67204,3,3,0.9495639204978943
fold_01,1,67237,1,1,0.9332048892974854
fold_01,1,67237,2,2,0.9302390813827515
fold_01,1,67237,3,3,0.9358445405960083
fold_01,1,67295,1,1,0.8980087041854858
fold_01,1,67295,2,2,0.9435220956802368
fold_01,1,67295,3,3,0.9432777166366577
fold_01,1,67742,1,1,0.9429271817207336
fold_01,1,67742,2,2,0.955342173576355
fold_01,1,67742,3,3,0.9413819909095764
fold_01,1,67802,1,1,0.9247129559516907
fold_01,1,67802,2,2,0.9519748091697693
fold_01,1,67802,3,3,0.9462553858757019
fold_01,1,67829,1,1,0.9374011754989624
fold_01,1,67829,2,2,0.9072449207305908
fold_01,1,67829,3,3,0.9159643054008484
fold_01,1,68168,1,1,0.9443896412849426
fold_01,1,68168,2,2,0.9279337525367737
fold_01,1,68168,3,3,0.9344480037689209
fold_01,1,68278,1,1,0.9479159712791443
fold_01,1,68278,2,2,0.9454689025878906
fold_01,1,68278,3,3,0.9332836866378784
fold_01,1,68311,1,1,0.9427637457847595
fold_01,1,68311,2,2,0.9464960694313049
fold_01,1,68311,3,3,0.9416844248771667
fold_01,1,68339,1,1,0.9344907999038696
fold_01,1,68339,2,2,0.9252244234085083
fold_01,1,68339,3,3,0.9007617831230164
fold_01,1,68418,1,1,0.9374344944953918
fold_01,1,68418,2,2,0.9272130131721497
fold_01,1,68418,3,3,0.9080694913864136
fold_01,1,68471,1,1,0.9313772320747375
fold_01,1,68471,2,2,0.9123668074607849
fold_01,1,68471,3,3,0.9435293078422546
fold_01,1,68741,1,1,0.9296329617500305
fold_01,1,68741,2,2,0.9486478567123413
fold_01,1,68741,3,3,0.9504810571670532
fold_01,1,68814,1,1,0.9405607581138611
fold_01,1,68814,2,2,0.9466733932495117
fold_01,1,68814,3,3,0.8947768807411194
fold_01,1,68842,1,1,0.9241330027580261
fold_01,1,68842,2,2,0.9431482553482056
fold_01,1,68842,3,3,0.9188716411590576
fold_01,1,68858,1,1,0.939727246761322
fold_01,1,68858,2,2,0.921527624130249
fold_01,1,68858,3,3,0.9297423362731934
fold_01,1,68897,1,1,0.9424354434013367
fold_01,1,68897,2,2,0.913505494594574
fold_01,1,68897,3,3,0.9347087740898132
fold_01,1,69007,1,1,0.9505422711372375
fold_01,1,69007,2,2,0.93704754114151
fold_01,1,69007,3,3,0.9428476095199585
fold_01,1,69130,1,1,0.9346437454223633
fold_01,1,69130,2,2,0.9391946792602539
fold_01,1,69130,3,3,0.9316219687461853
fold_01,1,69214,1,1,0.9188553690910339
fold_01,1,69214,2,2,0.9436536431312561
fold_01,1,69214,3,3,0.9283162951469421
fold_01,1,69240,1,1,0.9310991168022156
fold_01,1,69240,2,2,0.9075583815574646
fold_01,1,69240,3,3,0.9365006685256958
fold_01,1,69502,1,1,0.9342870116233826
fold_01,1,69502,2,2,0.8946926593780518
fold_01,1,69502,3,3,0.9355500936508179
fold_01,1,69614,1,1,0.9189302325248718
fold_01,1,69614,2,2,0.9364641308784485
fold_01,1,69614,3,3,0.9126512408256531
fold_01,1,69813,1,1,0.9117224216461182
fold_01,1,69813,2,2,0.941715657711029
fold_01,1,69813,3,3,0.9282512068748474
fold_01,1,69831,1,1,0.9227719902992249
fold_01,1,69831,2,2,0.930002748966217
fold_01,1,69831,3,3,0.9203512668609619
fold_01,1,69839,1,1,0.9405648708343506
fold_01,1,69839,2,2,0.9352155923843384
fold_01,1,69839,3,3,0.8943822383880615
fold_01,1,69854,1,1,0.9178216457366943
fold_01,1,69854,2,2,0.9371362328529358
fold_01,1,69854,3,3,0.9049961566925049
fold_01,1,69918,1,1,0.9305597543716431
fold_01,1,69918,2,2,0.8968703150749207
fold_01,1,69918,3,3,0.9215902090072632
fold_01,1,70075,1,1,0.9412329196929932
fold_01,1,70075,2,2,0.9353004097938538
fold_01,1,70075,3,3,0.9303683042526245
fold_01,1,70095,1,1,0.9447994232177734
fold_01,1,70095,2,2,0.9165018796920776
fold_01,1,70095,3,3,0.9232233762741089
fold_01,1,70193,1,1,0.9399964213371277
fold_01,1,70193,2,2,0.9326352477073669
fold_01,1,70193,3,3,0.9462713003158569
fold_01,1,70232,1,1,0.9515109658241272
fold_01,1,70232,2,2,0.9394530653953552
fold_01,1,70232,3,3,0.9384645819664001
fold_01,1,70335,1,1,0.9127984046936035
fold_01,1,70335,2,2,0.9456915855407715
fold_01,1,70335,3,3,0.9268056154251099
fold_01,1,70360,1,1,0.9441946148872375
fold_01,1,70360,2,2,0.9284421801567078
fold_01,1,70360,3,3,0.9342683553695679
fold_01,1,70427,1,1,0.9274346828460693
fold_01,1,70427,2,2,0.9291653633117676
fold_01,1,70427,3,3,0.9344443678855896
fold_01,1,70505,1,1,0.9302420020103455
fold_01,1,70505,2,2,0.9345320463180542
fold_01,1,70505,3,3,0.9470192790031433
fold_01,1,71229,1,1,0.9138133525848389
fold_01,1,71229,2,2,0.8881621360778809
fold_01,1,71229,3,3,0.8502153754234314
fold_01,1,71232,1,1,0.9423973560333252
fold_01,1,71232,2,2,0.9502041935920715
fold_01,1,71232,3,3,0.9457229971885681
fold_01,1,71241,1,1,0.9380818605422974
fold_01,1,71241,2,2,0.9312083125114441
fold_01,1,71241,3,3,0.9387125372886658
fold_01,1,71410,1,1,0.9351136684417725
fold_01,1,71410,2,2,0.8955732583999634
fold_01,1,71410,3,3,0.9015808701515198
fold_01,1,71450,1,1,0.9465242624282837
fold_01,1,71450,2,2,0.9418551325798035
fold_01,1,71450,3,3,0.9344321489334106
fold_01,1,71753,1,1,0.9353591203689575
fold_01,1,71753,2,2,0.9385983943939209
fold_01,1,71753,3,3,0.9423006176948547
fold_01,1,71894,1,1,0.928200364112854
fold_01,1,71894,2,2,0.9230941534042358
fold_01,1,71894,3,3,0.9302114844322205
fold_01,1,72015,1,1,0.9413691163063049
fold_01,1,72015,2,2,0.9200983643531799
fold_01,1,72015,3,3,0.929646372795105
fold_01,1,72080,1,1,0.9379439353942871
fold_01,1,72080,2,2,0.928467333316803
fold_01,1,72080,3,3,0.9417251944541931
fold_01,1,72209,1,1,0.9383723735809326
fold_01,1,72209,2,2,0.9036110043525696
fold_01,1,72209,3,3,0.9216682314872742
fold_01,1,72312,1,1,0.8677771687507629
fold_01,1,72312,2,2,0.9227810502052307
fold_01,1,72312,3,3,0.9445976614952087
fold_01,1,72510,1,1,0.9362618923187256
fold_01,1,72510,2,2,0.9196062088012695
fold_01,1,72510,3,3,0.9331810474395752
fold_01,1,72605,1,1,0.9130175113677979
fold_01,1,72605,2,2,0.9299383759498596
fold_01,1,72605,3,3,0.9132286906242371
fold_01,1,72719,1,1,0.9272845387458801
fold_01,1,72719,2,2,0.9208836555480957
fold_01,1,72719,3,3,0.9476318955421448
fold_01,1,72948,1,1,0.922661542892456
fold_01,1,72948,2,2,0.9462563991546631
fold_01,1,72948,3,3,0.9282812476158142
fold_02,2,2950,1,1,0.8699318170547485
fold_02,2,2950,2,2,0.8684332370758057
fold_02,2,2950,3,3,0.9239195585250854
fold_02,2,2990,1,1,0.9234679937362671
fold_02,2,2990,2,2,0.948198676109314
fold_02,2,2990,3,3,0.9239044189453125
fold_02,2,3049,1,1,0.9297495484352112
fold_02,2,3049,2,2,0.9418879151344299
fold_02,2,3049,3,3,0.943047821521759
fold_02,2,3077,1,1,0.9394265413284302
fold_02,2,3077,2,2,0.9476549625396729
fold_02,2,3077,3,3,0.9387298822402954
fold_02,2,3146,1,1,0.9270215034484863
fold_02,2,3146,2,2,0.8618059754371643
fold_02,2,3146,3,3,0.9226886630058289
fold_02,2,3157,1,1,0.9154163599014282
fold_02,2,3157,2,2,0.9371777176856995
fold_02,2,3157,3,3,0.9158769845962524
fold_02,2,3164,1,1,0.9251831769943237
fold_02,2,3164,2,2,0.9317361116409302
fold_02,2,3164,3,3,0.9193519353866577
fold_02,2,3171,1,1,0.9167101383209229
fold_02,2,3171,2,2,0.9202136993408203
fold_02,2,3171,3,3,0.887093722820282
fold_02,2,3181,1,1,0.8837422132492065
fold_02,2,3181,2,2,0.9138156175613403
fold_02,2,3181,3,3,0.913887619972229
fold_02,2,3386,1,1,0.9134586453437805
fold_02,2,3386,2,2,0.917506754398346
fold_02,2,3386,3,3,0.8979619741439819
fold_02,2,3434,1,1,0.9113250970840454
fold_02,2,3434,2,2,0.9322415590286255
fold_02,2,3434,3,3,0.9341903328895569
fold_02,2,3449,1,1,0.9429583549499512
fold_02,2,3449,2,2,0.8960801362991333
fold_02,2,3449,3,3,0.9086060523986816
fold_02,2,3489,1,1,0.9235576391220093
fold_02,2,3489,2,2,0.909516453742981
fold_02,2,3489,3,3,0.9041157960891724
fold_02,2,3626,1,1,0.947014331817627
fold_02,2,3626,2,2,0.8769066333770752
fold_02,2,3626,3,3,0.951342761516571
fold_02,2,3682,1,1,0.9235354661941528
fold_02,2,3682,2,2,0.9329147338867188
fold_02,2,3682,3,3,0.9491055011749268
fold_02,2,3687,1,1,0.952968180179596
fold_02,2,3687,2,2,0.9365466833114624
fold_02,2,3687,3,3,0.889983594417572
fold_02,2,3729,1,1,0.9162222743034363
fold_02,2,3729,2,2,0.9216676950454712
fold_02,2,3729,3,3,0.9081202149391174
fold_02,2,3809,1,1,0.852799117565155
fold_02,2,3809,2,2,0.936552107334137
fold_02,2,3809,3,3,0.8432353734970093
fold_02,2,3842,1,1,0.9359021782875061
fold_02,2,3842,2,2,0.9148468375205994
fold_02,2,3842,3,3,0.912186324596405
fold_02,2,3847,1,1,0.9475945830345154
fold_02,2,3847,2,2,0.9320560693740845
fold_02,2,3847,3,3,0.9465953707695007
fold_02,2,3856,1,1,0.9394227266311646
fold_02,2,3856,2,2,0.9468156695365906
fold_02,2,3856,3,3,0.9334907531738281
fold_02,2,3913,1,1,0.9256473183631897
fold_02,2,3913,2,2,0.9209396243095398
fold_02,2,3913,3,3,0.9217442274093628
fold_02,2,3951,1,1,0.9104800820350647
fold_02,2,3951,2,2,0.9242713451385498
fold_02,2,3951,3,3,0.8999087810516357
fold_02,2,4051,1,1,0.9288665056228638
fold_02,2,4051,2,2,0.9495126605033875
fold_02,2,4051,3,3,0.9308068156242371
fold_02,2,4058,1,1,0.9226091504096985
fold_02,2,4058,2,2,0.9100509881973267
fold_02,2,4058,3,3,0.7735605239868164
fold_02,2,4129,1,1,0.9117760062217712
fold_02,2,4129,2,2,0.9212872385978699
fold_02,2,4129,3,3,0.9211427569389343
fold_02,2,4156,1,1,0.9156807661056519
fold_02,2,4156,2,2,0.8836278915405273
fold_02,2,4156,3,3,0.921525239944458
fold_02,2,4249,1,1,0.9213196039199829
fold_02,2,4249,2,2,0.937842607498169
fold_02,2,4249,3,3,0.9092514514923096
fold_02,2,4423,1,1,0.9121890664100647
fold_02,2,4423,2,2,0.9261013269424438
fold_02,2,4423,3,3,0.9352123141288757
fold_02,2,4436,1,1,0.9149762392044067
fold_02,2,4436,2,2,0.9055222272872925
fold_02,2,4436,3,3,0.9211639165878296
fold_02,2,4612,1,1,0.9108370542526245
fold_02,2,4612,2,2,0.8938137888908386
fold_02,2,4612,3,3,0.8775370121002197
fold_02,2,4667,1,1,0.9415285587310791
fold_02,2,4667,2,2,0.8782217502593994
fold_02,2,4667,3,3,0.9442766904830933
fold_02,2,4690,1,1,0.9394205808639526
fold_02,2,4690,2,2,0.8918322324752808
fold_02,2,4690,3,3,0.9052353501319885
fold_02,2,4768,1,1,0.9200929403305054
fold_02,2,4768,2,2,0.8947296142578125
fold_02,2,4768,3,3,0.9386577010154724
fold_02,2,4786,1,1,0.9448018074035645
fold_02,2,4786,2,2,0.9391360878944397
fold_02,2,4786,3,3,0.9409096837043762
fold_02,2,4835,1,1,0.9384127259254456
fold_02,2,4835,2,2,0.9299955368041992
fold_02,2,4835,3,3,0.950106680393219
fold_02,2,4869,1,1,0.9467939734458923
fold_02,2,4869,2,2,0.9374054670333862
fold_02,2,4869,3,3,0.9372590780258179
fold_02,2,4892,1,1,0.929375410079956
fold_02,2,4892,2,2,0.9341592788696289
fold_02,2,4892,3,3,0.9351477026939392
fold_02,2,4930,1,1,0.9530667066574097
fold_02,2,4930,2,2,0.950365424156189
fold_02,2,4930,3,3,0.9324795603752136
fold_02,2,5034,1,1,0.9199658632278442
fold_02,2,5034,2,2,0.9408878087997437
fold_02,2,5034,3,3,0.9278748035430908
fold_02,2,5106,1,1,0.909812867641449
fold_02,2,5106,2,2,0.9407919645309448
fold_02,2,5106,3,3,0.9260640144348145
fold_02,2,5204,1,1,0.9366022348403931
fold_02,2,5204,2,2,0.9101689457893372
fold_02,2,5204,3,3,0.9258975386619568
fold_02,2,5301,1,1,0.9307162761688232
fold_02,2,5301,2,2,0.9466378688812256
fold_02,2,5301,3,3,0.935501754283905
fold_02,2,5338,1,1,0.845924437046051
fold_02,2,5338,2,2,0.9211742877960205
fold_02,2,5338,3,3,0.9007487297058105
fold_02,2,5459,1,1,0.8669120073318481
fold_02,2,5459,2,2,0.8966444134712219
fold_02,2,5459,3,3,0.9068176746368408
fold_02,2,5542,1,1,0.923435389995575
fold_02,2,5542,2,2,0.9291350245475769
fold_02,2,5542,3,3,0.8890508413314819
fold_02,2,5583,1,1,0.9372241497039795
fold_02,2,5583,2,2,0.9192503690719604
fold_02,2,5583,3,3,0.901069164276123
fold_02,2,5602,1,1,0.9289207458496094
fold_02,2,5602,2,2,0.8769652843475342
fold_02,2,5602,3,3,0.9254668951034546
fold_02,2,5714,1,1,0.9300214052200317
fold_02,2,5714,2,2,0.9302788972854614
fold_02,2,5714,3,3,0.9246232509613037
fold_02,2,6199,1,1,0.9366481900215149
fold_02,2,6199,2,2,0.9154888987541199
fold_02,2,6199,3,3,0.9472308158874512
fold_02,2,6222,1,1,0.9500017762184143
fold_02,2,6222,2,2,0.8686610460281372
fold_02,2,6222,3,3,0.8873279094696045
fold_02,2,6431,1,1,0.9325680732727051
fold_02,2,6431,2,2,0.9544225931167603
fold_02,2,6431,3,3,0.9143578410148621
fold_02,2,6444,1,1,0.9239960312843323
fold_02,2,6444,2,2,0.8886212706565857
fold_02,2,6444,3,3,0.9249063730239868
fold_02,2,6489,1,1,0.93663489818573
fold_02,2,6489,2,2,0.9303383827209473
fold_02,2,6489,3,3,0.9150336980819702
fold_02,2,6514,1,1,0.9023498892784119
fold_02,2,6514,2,2,0.9165320992469788
fold_02,2,6514,3,3,0.9093800187110901
fold_02,2,6521,1,1,0.9520578980445862
fold_02,2,6521,2,2,0.9405437111854553
fold_02,2,6521,3,3,0.9081676602363586
fold_02,2,6558,1,1,0.9333515167236328
fold_02,2,6558,2,2,0.9420642852783203
fold_02,2,6558,3,3,0.941856324672699
fold_02,2,6801,1,1,0.9386239051818848
fold_02,2,6801,2,2,0.9296609163284302
fold_02,2,6801,3,3,0.8924024105072021
fold_02,2,7007,1,1,0.9223940968513489
fold_02,2,7007,2,2,0.9178814888000488
fold_02,2,7007,3,3,0.9337127208709717
fold_02,2,7039,1,1,0.9324432015419006
fold_02,2,7039,2,2,0.8832594156265259
fold_02,2,7039,3,3,0.9369644522666931
fold_02,2,7120,1,1,0.9458749890327454
fold_02,2,7120,2,2,0.8983991146087646
fold_02,2,7120,3,3,0.9048495888710022
fold_02,2,7207,1,1,0.9417293071746826
fold_02,2,7207,2,2,0.9293961524963379
fold_02,2,7207,3,3,0.9479851126670837
fold_02,2,7366,1,1,0.9247322082519531
fold_02,2,7366,2,2,0.927921712398529
fold_02,2,7366,3,3,0.9074214696884155
fold_02,2,7409,1,1,0.9274829626083374
fold_02,2,7409,2,2,0.9024876356124878
fold_02,2,7409,3,3,0.9297147989273071
fold_02,2,7418,1,1,0.9219934940338135
fold_02,2,7418,2,2,0.9029000997543335
fold_02,2,7418,3,3,0.9107329249382019
fold_02,2,7480,1,1,0.9341121912002563
fold_02,2,7480,2,2,0.9344805479049683
fold_02,2,7480,3,3,0.9171962738037109
fold_02,2,7654,1,1,0.9375884532928467
fold_02,2,7654,2,2,0.9334772825241089
fold_02,2,7654,3,3,0.9362088441848755
fold_02,2,7840,1,1,0.9507098197937012
fold_02,2,7840,2,2,0.918551504611969
fold_02,2,7840,3,3,0.9352813959121704
fold_02,2,7859,1,1,0.9451276659965515
fold_02,2,7859,2,2,0.9232547879219055
fold_02,2,7859,3,3,0.9061821103096008
fold_02,2,7944,1,1,0.9285074472427368
fold_02,2,7944,2,2,0.9433692693710327
fold_02,2,7944,3,3,0.937468945980072
fold_02,2,7948,1,1,0.9181065559387207
fold_02,2,7948,2,2,0.9544061422348022
fold_02,2,7948,3,3,0.9345097541809082
fold_02,2,7954,1,1,0.9095959663391113
fold_02,2,7954,2,2,0.9290423393249512
fold_02,2,7954,3,3,0.908301055431366
fold_02,2,8006,1,1,0.9048136472702026
fold_02,2,8006,2,2,0.9327384233474731
fold_02,2,8006,3,3,0.8979129195213318
fold_02,2,8109,1,1,0.9429076313972473
fold_02,2,8109,2,2,0.9303711652755737
fold_02,2,8109,3,3,0.9388191103935242
fold_02,2,8204,1,1,0.9159637093544006
fold_02,2,8204,2,2,0.842890202999115
fold_02,2,8204,3,3,0.8838306069374084
fold_02,2,8225,1,1,0.9272121787071228
fold_02,2,8225,2,2,0.902703046798706
fold_02,2,8225,3,3,0.9380055069923401
fold_02,2,8387,1,1,0.912714958190918
fold_02,2,8387,2,2,0.9122970700263977
fold_02,2,8387,3,3,0.9154154062271118
fold_02,2,8394,1,1,0.9384288191795349
fold_02,2,8394,2,2,0.9205986261367798
fold_02,2,8394,3,3,0.945899248123169
fold_02,2,8415,1,1,0.9255481958389282
fold_02,2,8415,2,2,0.9291790723800659
fold_02,2,8415,3,3,0.915168821811676
fold_02,2,8435,1,1,0.9375684261322021
fold_02,2,8435,2,2,0.9040030241012573
fold_02,2,8435,3,3,0.9455211758613586
fold_02,2,8465,1,1,0.9003559947013855
fold_02,2,8465,2,2,0.8979076743125916
fold_02,2,8465,3,3,0.909609317779541
fold_02,2,8509,1,1,0.9161726236343384
fold_02,2,8509,2,2,0.9028634428977966
fold_02,2,8509,3,3,0.9538710713386536
fold_02,2,8646,1,1,0.9459461569786072
fold_02,2,8646,2,2,0.9053013920783997
fold_02,2,8646,3,3,0.9325708746910095
fold_02,2,8807,1,1,0.9395865201950073
fold_02,2,8807,2,2,0.9317877292633057
fold_02,2,8807,3,3,0.9271327257156372
fold_02,2,8843,1,1,0.9390703439712524
fold_02,2,8843,2,2,0.9501010775566101
fold_02,2,8843,3,3,0.924558162689209
fold_02,2,8933,1,1,0.9422022700309753
fold_02,2,8933,2,2,0.9277499318122864
fold_02,2,8933,3,3,0.957180380821228
fold_02,2,9027,1,1,0.9190255999565125
fold_02,2,9027,2,2,0.9105339646339417
fold_02,2,9027,3,3,0.9342172145843506
fold_02,2,9048,1,1,0.9371833801269531
fold_02,2,9048,2,2,0.9179436564445496
fold_02,2,9048,3,3,0.929119884967804
fold_02,2,9147,1,1,0.9309102296829224
fold_02,2,9147,2,2,0.9277142286300659
fold_02,2,9147,3,3,0.9425865411758423
fold_02,2,9230,1,1,0.9320515394210815
fold_02,2,9230,2,2,0.9115608930587769
fold_02,2,9230,3,3,0.9334309101104736
fold_02,2,9434,1,1,0.9512379169464111
fold_02,2,9434,2,2,0.9381442666053772
fold_02,2,9434,3,3,0.8978120684623718
fold_02,2,9722,1,1,0.9239633679389954
fold_02,2,9722,2,2,0.9138095378875732
fold_02,2,9722,3,3,0.923699140548706
fold_02,2,9847,1,1,0.8209547996520996
fold_02,2,9847,2,2,0.8998537063598633
fold_02,2,9847,3,3,0.8915979266166687
fold_02,2,9865,1,1,0.9262362122535706
fold_02,2,9865,2,2,0.9015835523605347
fold_02,2,9865,3,3,0.9382141828536987
fold_02,2,9917,1,1,0.9310550689697266
fold_02,2,9917,2,2,0.9297298789024353
fold_02,2,9917,3,3,0.8963094353675842
fold_02,2,10006,1,1,0.9163832664489746
fold_02,2,10006,2,2,0.9442487359046936
fold_02,2,10006,3,3,0.9299992918968201
fold_02,2,10046,1,1,0.9393163323402405
fold_02,2,10046,2,2,0.9452154040336609
fold_02,2,10046,3,3,0.7275770306587219
fold_02,2,10064,1,1,0.9298464059829712
fold_02,2,10064,2,2,0.9455431699752808
fold_02,2,10064,3,3,0.930494487285614
fold_02,2,10105,1,1,0.9272375702857971
fold_02,2,10105,2,2,0.9259618520736694
fold_02,2,10105,3,3,0.9320019483566284
fold_02,2,10107,1,1,0.9393056035041809
fold_02,2,10107,2,2,0.9297718405723572
fold_02,2,10107,3,3,0.9332339763641357
fold_02,2,10244,1,1,0.9330885410308838
fold_02,2,10244,2,2,0.947014570236206
fold_02,2,10244,3,3,0.9271311163902283
fold_02,2,10471,1,1,0.9409312605857849
fold_02,2,10471,2,2,0.9326944947242737
fold_02,2,10471,3,3,0.9092864990234375
fold_02,2,10507,1,1,0.940446674823761
fold_02,2,10507,2,2,0.9457395076751709
fold_02,2,10507,3,3,0.9159436225891113
fold_02,2,10610,1,1,0.8900440335273743
fold_02,2,10610,2,2,0.9081634879112244
fold_02,2,10610,3,3,0.9229416251182556
fold_02,2,11159,1,1,0.9396845102310181
fold_02,2,11159,2,2,0.8992676734924316
fold_02,2,11159,3,3,0.7940746545791626
fold_02,2,11333,1,1,0.9471149444580078
fold_02,2,11333,2,2,0.9129456281661987
fold_02,2,11333,3,3,0.9189984202384949
fold_02,2,11487,1,1,0.8807482123374939
fold_02,2,11487,2,2,0.8872940540313721
fold_02,2,11487,3,3,0.9217984676361084
fold_02,2,11521,1,1,0.9422268271446228
fold_02,2,11521,2,2,0.9048163294792175
fold_02,2,11521,3,3,0.9304010272026062
fold_02,2,11617,1,1,0.9350007772445679
fold_02,2,11617,2,2,0.925487220287323
fold_02,2,11617,3,3,0.9201534390449524
fold_02,2,11635,1,1,0.9355099201202393
fold_02,2,11635,2,2,0.9288327097892761
fold_02,2,11635,3,3,0.9308221340179443
fold_02,2,11689,1,1,0.9515444040298462
fold_02,2,11689,2,2,0.9352403879165649
fold_02,2,11689,3,3,0.9316161870956421
fold_02,2,11725,1,1,0.9362082481384277
fold_02,2,11725,2,2,0.946567177772522
fold_02,2,11725,3,3,0.9565941691398621
fold_02,2,11796,1,1,0.9253461360931396
fold_02,2,11796,2,2,0.9365203976631165
fold_02,2,11796,3,3,0.9361201524734497
fold_02,2,11837,1,1,0.9390963315963745
fold_02,2,11837,2,2,0.9417600631713867
fold_02,2,11837,3,3,0.9363192915916443
fold_02,2,11844,1,1,0.9297052621841431
fold_02,2,11844,2,2,0.9460601806640625
fold_02,2,11844,3,3,0.9221788644790649
fold_02,2,11932,1,1,0.9253605604171753
fold_02,2,11932,2,2,0.9383236169815063
fold_02,2,11932,3,3,0.9214898347854614
fold_02,2,11942,1,1,0.9428321123123169
fold_02,2,11942,2,2,0.9399566650390625
fold_02,2,11942,3,3,0.9370232820510864
fold_02,2,11952,1,1,0.9373699426651001
fold_02,2,11952,2,2,0.930978000164032
fold_02,2,11952,3,3,0.9331498146057129
fold_02,2,12308,1,1,0.9185144305229187
fold_02,2,12308,2,2,0.884240448474884
fold_02,2,12308,3,3,0.9359509944915771
fold_02,2,12634,1,1,0.919445812702179
fold_02,2,12634,2,2,0.9177727699279785
fold_02,2,12634,3,3,0.924560546875
fold_02,2,12685,1,1,0.9232408404350281
fold_02,2,12685,2,2,0.9184666872024536
fold_02,2,12685,3,3,0.8911288380622864
fold_02,2,12796,1,1,0.9387175440788269
fold_02,2,12796,2,2,0.9397044777870178
fold_02,2,12796,3,3,0.8727470636367798
fold_02,2,12798,1,1,0.9410854578018188
fold_02,2,12798,2,2,0.9034303426742554
fold_02,2,12798,3,3,0.8719580173492432
fold_02,2,12922,1,1,0.8889572024345398
fold_02,2,12922,2,2,0.9272682666778564
fold_02,2,12922,3,3,0.9374963045120239
fold_02,2,12937,1,1,0.9054580926895142
fold_02,2,12937,2,2,0.903053343296051
fold_02,2,12937,3,3,0.9270140528678894
fold_02,2,13138,1,1,0.9454099535942078
fold_02,2,13138,2,2,0.9398666024208069
fold_02,2,13138,3,3,0.9493706822395325
fold_02,2,13230,1,1,0.909070611000061
fold_02,2,13230,2,2,0.9354573488235474
fold_02,2,13230,3,3,0.9119042754173279
fold_02,2,13312,1,1,0.9256105422973633
fold_02,2,13312,2,2,0.9188260436058044
fold_02,2,13312,3,3,0.8945949077606201
fold_02,2,13314,1,1,0.9095766544342041
fold_02,2,13314,2,2,0.9405553340911865
fold_02,2,13314,3,3,0.9390043616294861
fold_02,2,13613,1,1,0.9239891767501831
fold_02,2,13613,2,2,0.9441382884979248
fold_02,2,13613,3,3,0.9309388995170593
fold_02,2,13653,1,1,0.9059292078018188
fold_02,2,13653,2,2,0.9351245164871216
fold_02,2,13653,3,3,0.9097787737846375
fold_02,2,13662,1,1,0.9355403184890747
fold_02,2,13662,2,2,0.9452745914459229
fold_02,2,13662,3,3,0.8805162906646729
fold_02,2,13720,1,1,0.8793704509735107
fold_02,2,13720,2,2,0.9141271710395813
fold_02,2,13720,3,3,0.898605227470398
fold_02,2,14121,1,1,0.9134437441825867
fold_02,2,14121,2,2,0.872553288936615
fold_02,2,14121,3,3,0.8877974152565002
fold_02,2,14179,1,1,0.911222517490387
fold_02,2,14179,2,2,0.9253907203674316
fold_02,2,14179,3,3,0.9203572869300842
fold_02,2,14528,1,1,0.9493860006332397
fold_02,2,14528,2,2,0.9286826848983765
fold_02,2,14528,3,3,0.953073263168335
fold_02,2,14594,1,1,0.9529499411582947
fold_02,2,14594,2,2,0.9365769028663635
fold_02,2,14594,3,3,0.9325114488601685
fold_02,2,14610,1,1,0.9444059729576111
fold_02,2,14610,2,2,0.9240338206291199
fold_02,2,14610,3,3,0.913754403591156
fold_02,2,14644,1,1,0.9234744310379028
fold_02,2,14644,2,2,0.9410127997398376
fold_02,2,14644,3,3,0.9413411021232605
fold_02,2,14793,1,1,0.9428690075874329
fold_02,2,14793,2,2,0.9354186058044434
fold_02,2,14793,3,3,0.8855602741241455
fold_02,2,14808,1,1,0.9486194849014282
fold_02,2,14808,2,2,0.9143259525299072
fold_02,2,14808,3,3,0.9193924069404602
fold_02,2,14820,1,1,0.9254847168922424
fold_02,2,14820,2,2,0.9473719000816345
fold_02,2,14820,3,3,0.8986276388168335
fold_02,2,14898,1,1,0.9176517724990845
fold_02,2,14898,2,2,0.9514800310134888
fold_02,2,14898,3,3,0.9355480074882507
fold_02,2,14931,1,1,0.9103878736495972
fold_02,2,14931,2,2,0.933755099773407
fold_02,2,14931,3,3,0.9282867908477783
fold_02,2,15003,1,1,0.9228043556213379
fold_02,2,15003,2,2,0.9256940484046936
fold_02,2,15003,3,3,0.9245812892913818
fold_02,2,15364,1,1,0.9142304062843323
fold_02,2,15364,2,2,0.9217576384544373
fold_02,2,15364,3,3,0.8926177620887756
fold_02,2,15492,1,1,0.9348436594009399
fold_02,2,15492,2,2,0.9315695762634277
fold_02,2,15492,3,3,0.9200706481933594
fold_02,2,15506,1,1,0.931105375289917
fold_02,2,15506,2,2,0.9351645112037659
fold_02,2,15506,3,3,0.9306485652923584
fold_02,2,15819,1,1,0.9272783994674683
fold_02,2,15819,2,2,0.9293314218521118
fold_02,2,15819,3,3,0.9305392503738403
fold_02,2,15939,1,1,0.9444671869277954
fold_02,2,15939,2,2,0.9461951851844788
fold_02,2,15939,3,3,0.932708740234375
fold_02,2,16063,1,1,0.9119051098823547
fold_02,2,16063,2,2,0.9259655475616455
fold_02,2,16063,3,3,0.9174147248268127
fold_02,2,16252,1,1,0.8556120991706848
fold_02,2,16252,2,2,0.9348063468933105
fold_02,2,16252,3,3,0.9159234166145325
fold_02,2,16344,1,1,0.9080584645271301
fold_02,2,16344,2,2,0.8957338333129883
fold_02,2,16344,3,3,0.9175675511360168
fold_02,2,16466,1,1,0.9205310344696045
fold_02,2,16466,2,2,0.8919039964675903
fold_02,2,16466,3,3,0.9191882610321045
fold_02,2,16616,1,1,0.8776047825813293
fold_02,2,16616,2,2,0.9439569711685181
fold_02,2,16616,3,3,0.9365204572677612
fold_02,2,16702,1,1,0.9377633333206177
fold_02,2,16702,2,2,0.942797064781189
fold_02,2,16702,3,3,0.9414180517196655
fold_02,2,16723,1,1,0.9416371583938599
fold_02,2,16723,2,2,0.9301764369010925
fold_02,2,16723,3,3,0.9386639595031738
fold_02,2,16823,1,1,0.9017589092254639
fold_02,2,16823,2,2,0.907346248626709
fold_02,2,16823,3,3,0.918982207775116
fold_02,2,16917,1,1,0.9442278146743774
fold_02,2,16917,2,2,0.9529154300689697
fold_02,2,16917,3,3,0.9323278665542603
fold_02,2,17048,1,1,0.9290539622306824
fold_02,2,17048,2,2,0.9444410800933838
fold_02,2,17048,3,3,0.8970444202423096
fold_02,2,17238,1,1,0.9338067770004272
fold_02,2,17238,2,2,0.945970892906189
fold_02,2,17238,3,3,0.909122884273529
fold_02,2,17374,1,1,0.9281641244888306
fold_02,2,17374,2,2,0.9404889345169067
fold_02,2,17374,3,3,0.9463005065917969
fold_02,2,17450,1,1,0.9241811633110046
fold_02,2,17450,2,2,0.9248138666152954
fold_02,2,17450,3,3,0.9346059560775757
fold_02,2,17463,1,1,0.9324580430984497
fold_02,2,17463,2,2,0.9420970678329468
fold_02,2,17463,3,3,0.937796413898468
fold_02,2,17485,1,1,0.9413842558860779
fold_02,2,17485,2,2,0.9439804553985596
fold_02,2,17485,3,3,0.9233949184417725
fold_02,2,17549,1,1,0.9437446594238281
fold_02,2,17549,2,2,0.9535180926322937
fold_02,2,17549,3,3,0.9301329851150513
fold_02,2,17595,1,1,0.92508864402771
fold_02,2,17595,2,2,0.9192318916320801
fold_02,2,17595,3,3,0.9416115283966064
fold_02,2,17776,1,1,0.9305588603019714
fold_02,2,17776,2,2,0.9331859350204468
fold_02,2,17776,3,3,0.9225077629089355
fold_02,2,17934,1,1,0.9372140765190125
fold_02,2,17934,2,2,0.9562955498695374
fold_02,2,17934,3,3,0.9506663680076599
fold_02,2,17942,1,1,0.9084263443946838
fold_02,2,17942,2,2,0.9330798983573914
fold_02,2,17942,3,3,0.9068533778190613
fold_02,2,18268,1,1,0.9164280891418457
fold_02,2,18268,2,2,0.9045985341072083
fold_02,2,18268,3,3,0.9138209819793701
fold_02,2,18434,1,1,0.9380139112472534
fold_02,2,18434,2,2,0.9235625267028809
fold_02,2,18434,3,3,0.9240462183952332
fold_02,2,18483,1,1,0.8977574110031128
fold_02,2,18483,2,2,0.936880886554718
fold_02,2,18483,3,3,0.9313920736312866
fold_02,2,18505,1,1,0.8505289554595947
fold_02,2,18505,2,2,0.9110364317893982
fold_02,2,18505,3,3,0.9232168197631836
fold_02,2,18543,1,1,0.886690616607666
fold_02,2,18543,2,2,0.9214748740196228
fold_02,2,18543,3,3,0.8275673389434814
fold_02,2,18690,1,1,0.9197604060173035
fold_02,2,18690,2,2,0.9051892161369324
fold_02,2,18690,3,3,0.914817214012146
fold_02,2,18796,1,1,0.9178797006607056
fold_02,2,18796,2,2,0.9037352204322815
fold_02,2,18796,3,3,0.9273494482040405
fold_02,2,19074,1,1,0.9085996150970459
fold_02,2,19074,2,2,0.9226544499397278
fold_02,2,19074,3,3,0.9485127329826355
fold_02,2,19181,1,1,0.9359889030456543
fold_02,2,19181,2,2,0.9564059972763062
fold_02,2,19181,3,3,0.9434316754341125
fold_02,2,19199,1,1,0.9435132145881653
fold_02,2,19199,2,2,0.9311463832855225
fold_02,2,19199,3,3,0.9225295186042786
fold_02,2,19200,1,1,0.9128638505935669
fold_02,2,19200,2,2,0.9297863841056824
fold_02,2,19200,3,3,0.9222279191017151
fold_02,2,19292,1,1,0.9080931544303894
fold_02,2,19292,2,2,0.948161244392395
fold_02,2,19292,3,3,0.9347906112670898
fold_02,2,19436,1,1,0.9462587833404541
fold_02,2,19436,2,2,0.9048985242843628
fold_02,2,19436,3,3,0.9113553166389465
fold_02,2,19690,1,1,0.9001438617706299
fold_02,2,19690,2,2,0.89698725938797
fold_02,2,19690,3,3,0.9010177850723267
fold_02,2,19933,1,1,0.9490121006965637
fold_02,2,19933,2,2,0.9378489255905151
fold_02,2,19933,3,3,0.9204241633415222
fold_02,2,20054,1,1,0.9116044640541077
fold_02,2,20054,2,2,0.9144878387451172
fold_02,2,20054,3,3,0.9092655181884766
fold_02,2,20080,1,1,0.9082730412483215
fold_02,2,20080,2,2,0.9317563772201538
fold_02,2,20080,3,3,0.9280093908309937
fold_02,2,20206,1,1,0.9230257272720337
fold_02,2,20206,2,2,0.9402557611465454
fold_02,2,20206,3,3,0.9045979380607605
fold_02,2,20223,1,1,0.9045875072479248
fold_02,2,20223,2,2,0.929871141910553
fold_02,2,20223,3,3,0.8962129354476929
fold_02,2,20265,1,1,0.9337838292121887
fold_02,2,20265,2,2,0.947329044342041
fold_02,2,20265,3,3,0.9322165846824646
fold_02,2,20307,1,1,0.9153962731361389
fold_02,2,20307,2,2,0.8917050361633301
fold_02,2,20307,3,3,0.9095159769058228
fold_02,2,20442,1,1,0.9316827058792114
fold_02,2,20442,2,2,0.93226557970047
fold_02,2,20442,3,3,0.8896853923797607
fold_02,2,20633,1,1,0.935451865196228
fold_02,2,20633,2,2,0.9340603947639465
fold_02,2,20633,3,3,0.9371824264526367
fold_02,2,20650,1,1,0.9337785840034485
fold_02,2,20650,2,2,0.9366636872291565
fold_02,2,20650,3,3,0.9210500717163086
fold_02,2,20738,1,1,0.9273728132247925
fold_02,2,20738,2,2,0.9466396570205688
fold_02,2,20738,3,3,0.9402316808700562
fold_02,2,20820,1,1,0.9236938953399658
fold_02,2,20820,2,2,0.9332190155982971
fold_02,2,20820,3,3,0.9061460494995117
fold_02,2,21108,1,1,0.9164729118347168
fold_02,2,21108,2,2,0.92109215259552
fold_02,2,21108,3,3,0.910366415977478
fold_02,2,21192,1,1,0.942175030708313
fold_02,2,21192,2,2,0.9381157159805298
fold_02,2,21192,3,3,0.9231878519058228
fold_02,2,21194,1,1,0.9377337098121643
fold_02,2,21194,2,2,0.9092050194740295
fold_02,2,21194,3,3,0.9255921840667725
fold_02,2,21218,1,1,0.9045602083206177
fold_02,2,21218,2,2,0.9471398591995239
fold_02,2,21218,3,3,0.95123291015625
fold_02,2,21253,1,1,0.930644154548645
fold_02,2,21253,2,2,0.9225686192512512
fold_02,2,21253,3,3,0.9356791973114014
fold_02,2,21279,1,1,0.9233551025390625
fold_02,2,21279,2,2,0.9314202070236206
fold_02,2,21279,3,3,0.945544958114624
fold_02,2,21508,1,1,0.9467165470123291
fold_02,2,21508,2,2,0.9294987916946411
fold_02,2,21508,3,3,0.9309110641479492
fold_02,2,21526,1,1,0.9211268424987793
fold_02,2,21526,2,2,0.9204906225204468
fold_02,2,21526,3,3,0.8936141133308411
fold_02,2,21601,1,1,0.9369364976882935
fold_02,2,21601,2,2,0.9427078366279602
fold_02,2,21601,3,3,0.9458572268486023
fold_02,2,21950,1,1,0.8905351758003235
fold_02,2,21950,2,2,0.9496883153915405
fold_02,2,21950,3,3,0.9375318884849548
fold_02,2,21989,1,1,0.9388123750686646
fold_02,2,21989,2,2,0.9152954816818237
fold_02,2,21989,3,3,0.9074466228485107
fold_02,2,22138,1,1,0.9461463689804077
fold_02,2,22138,2,2,0.9163171052932739
fold_02,2,22138,3,3,0.9277399778366089
fold_02,2,22143,1,1,0.918010413646698
fold_02,2,22143,2,2,0.8996562361717224
fold_02,2,22143,3,3,0.9188615679740906
fold_02,2,22155,1,1,0.8739648461341858
fold_02,2,22155,2,2,0.9162936210632324
fold_02,2,22155,3,3,0.929114043712616
fold_02,2,22263,1,1,0.942802906036377
fold_02,2,22263,2,2,0.9283903241157532
fold_02,2,22263,3,3,0.9315142035484314
fold_02,2,22387,1,1,0.9430694580078125
fold_02,2,22387,2,2,0.9231057167053223
fold_02,2,22387,3,3,0.900964617729187
fold_02,2,22495,1,1,0.9449943900108337
fold_02,2,22495,2,2,0.8998333215713501
fold_02,2,22495,3,3,0.9235810041427612
fold_02,2,22515,1,1,0.9347214698791504
fold_02,2,22515,2,2,0.8981039524078369
fold_02,2,22515,3,3,0.9141411781311035
fold_02,2,22523,1,1,0.9277719259262085
fold_02,2,22523,2,2,0.9343324303627014
fold_02,2,22523,3,3,0.9353633522987366
fold_02,2,22530,1,1,0.9319678544998169
fold_02,2,22530,2,2,0.9344782829284668
fold_02,2,22530,3,3,0.9128302335739136
fold_02,2,22585,1,1,0.933516263961792
fold_02,2,22585,2,2,0.8683916330337524
fold_02,2,22585,3,3,0.8982425332069397
fold_02,2,22587,1,1,0.9528369903564453
fold_02,2,22587,2,2,0.9438117146492004
fold_02,2,22587,3,3,0.9027613401412964
fold_02,2,22772,1,1,0.8437775373458862
fold_02,2,22772,2,2,0.9352625608444214
fold_02,2,22772,3,3,0.9300125241279602
fold_02,2,22782,1,1,0.9074903130531311
fold_02,2,22782,2,2,0.9297611117362976
fold_02,2,22782,3,3,0.9108011722564697
fold_02,2,22794,1,1,0.9088597893714905
fold_02,2,22794,2,2,0.9252383708953857
fold_02,2,22794,3,3,0.9331027269363403
fold_02,2,22845,1,1,0.8942827582359314
fold_02,2,22845,2,2,0.9014391899108887
fold_02,2,22845,3,3,0.8862361907958984
fold_02,2,22873,1,1,0.8988046646118164
fold_02,2,22873,2,2,0.897506833076477
fold_02,2,22873,3,3,0.9381463527679443
fold_02,2,22879,1,1,0.9496490955352783
fold_02,2,22879,2,2,0.9514232873916626
fold_02,2,22879,3,3,0.9301126003265381
fold_02,2,22886,1,1,0.9502174258232117
fold_02,2,22886,2,2,0.922932505607605
fold_02,2,22886,3,3,0.9341431856155396
fold_02,2,22957,1,1,0.9346533417701721
fold_02,2,22957,2,2,0.9384155869483948
fold_02,2,22957,3,3,0.9361538290977478
fold_02,2,22967,1,1,0.9278312921524048
fold_02,2,22967,2,2,0.9248729348182678
fold_02,2,22967,3,3,0.9356200695037842
fold_02,2,22993,1,1,0.9213883280754089
fold_02,2,22993,2,2,0.9195168614387512
fold_02,2,22993,3,3,0.9313413500785828
fold_02,2,23036,1,1,0.9316766858100891
fold_02,2,23036,2,2,0.9234176874160767
fold_02,2,23036,3,3,0.9137943387031555
fold_02,2,23241,1,1,0.9487987756729126
fold_02,2,23241,2,2,0.9304964542388916
fold_02,2,23241,3,3,0.9335391521453857
fold_02,2,23492,1,1,0.9009943604469299
fold_02,2,23492,2,2,0.8942919373512268
fold_02,2,23492,3,3,0.9029814004898071
fold_02,2,23715,1,1,0.937190592288971
fold_02,2,23715,2,2,0.9353435039520264
fold_02,2,23715,3,3,0.9275636076927185
fold_02,2,23729,1,1,0.9248855113983154
fold_02,2,23729,2,2,0.8758206367492676
fold_02,2,23729,3,3,0.9468098878860474
fold_02,2,23871,1,1,0.9223586916923523
fold_02,2,23871,2,2,0.8860436677932739
fold_02,2,23871,3,3,0.9240367412567139
fold_02,2,23993,1,1,0.9427728652954102
fold_02,2,23993,2,2,0.9284490942955017
fold_02,2,23993,3,3,0.9450253844261169
fold_02,2,24202,1,1,0.9446746110916138
fold_02,2,24202,2,2,0.9397144317626953
fold_02,2,24202,3,3,0.9361010193824768
fold_02,2,24214,1,1,0.9136247634887695
fold_02,2,24214,2,2,0.898684561252594
fold_02,2,24214,3,3,0.9177453517913818
fold_02,2,24264,1,1,0.893591046333313
fold_02,2,24264,2,2,0.8875197172164917
fold_02,2,24264,3,3,0.9223827123641968
fold_02,2,24517,1,1,0.948465883731842
fold_02,2,24517,2,2,0.9085636734962463
fold_02,2,24517,3,3,0.9286556243896484
fold_02,2,24530,1,1,0.9157013893127441
fold_02,2,24530,2,2,0.9221404194831848
fold_02,2,24530,3,3,0.9324435591697693
fold_02,2,24560,1,1,0.920936107635498
fold_02,2,24560,2,2,0.9166009426116943
fold_02,2,24560,3,3,0.9285840392112732
fold_02,2,24638,1,1,0.913611114025116
fold_02,2,24638,2,2,0.9120760560035706
fold_02,2,24638,3,3,0.8874433040618896
fold_02,2,24640,1,1,0.9382964372634888
fold_02,2,24640,2,2,0.9335978031158447
fold_02,2,24640,3,3,0.9265390038490295
fold_02,2,24649,1,1,0.9169270992279053
fold_02,2,24649,2,2,0.9211210608482361
fold_02,2,24649,3,3,0.9264057874679565
fold_02,2,24739,1,1,0.9022560119628906
fold_02,2,24739,2,2,0.9238722324371338
fold_02,2,24739,3,3,0.8823720216751099
fold_02,2,24846,1,1,0.9312242269515991
fold_02,2,24846,2,2,0.9130499362945557
fold_02,2,24846,3,3,0.915774941444397
fold_02,2,25091,1,1,0.9394041299819946
fold_02,2,25091,2,2,0.8904481530189514
fold_02,2,25091,3,3,0.9226662516593933
fold_02,2,25111,1,1,0.9301000833511353
fold_02,2,25111,2,2,0.9457351565361023
fold_02,2,25111,3,3,0.9245486855506897
fold_02,2,25250,1,1,0.9429806470870972
fold_02,2,25250,2,2,0.9309991002082825
fold_02,2,25250,3,3,0.9439011216163635
fold_02,2,25268,1,1,0.9426326751708984
fold_02,2,25268,2,2,0.938607931137085
fold_02,2,25268,3,3,0.9058510065078735
fold_02,2,25284,1,1,0.937374472618103
fold_02,2,25284,2,2,0.9366893172264099
fold_02,2,25284,3,3,0.9508216977119446
fold_02,2,25287,1,1,0.926101565361023
fold_02,2,25287,2,2,0.905667781829834
fold_02,2,25287,3,3,0.9366912245750427
fold_02,2,25318,1,1,0.9272018074989319
fold_02,2,25318,2,2,0.9353947043418884
fold_02,2,25318,3,3,0.9046273827552795
fold_02,2,25319,1,1,0.9093542098999023
fold_02,2,25319,2,2,0.9265543222427368
fold_02,2,25319,3,3,0.9090648293495178
fold_02,2,25371,1,1,0.9294708967208862
fold_02,2,25371,2,2,0.9263685941696167
fold_02,2,25371,3,3,0.9394936561584473
fold_02,2,25578,1,1,0.9056217670440674
fold_02,2,25578,2,2,0.936478853225708
fold_02,2,25578,3,3,0.8990344405174255
fold_02,2,25581,1,1,0.9211978912353516
fold_02,2,25581,2,2,0.9257693290710449
fold_02,2,25581,3,3,0.9173028469085693
fold_02,2,25588,1,1,0.9415535926818848
fold_02,2,25588,2,2,0.9202332496643066
fold_02,2,25588,3,3,0.9243370294570923
fold_02,2,25602,1,1,0.8936885595321655
fold_02,2,25602,2,2,0.9230961799621582
fold_02,2,25602,3,3,0.8237839937210083
fold_02,2,25693,1,1,0.9057924747467041
fold_02,2,25693,2,2,0.8661948442459106
fold_02,2,25693,3,3,0.9187545776367188
fold_02,2,25702,1,1,0.927322268486023
fold_02,2,25702,2,2,0.9166206121444702
fold_02,2,25702,3,3,0.8736218810081482
fold_02,2,25741,1,1,0.9388976693153381
fold_02,2,25741,2,2,0.9365363717079163
fold_02,2,25741,3,3,0.9318361282348633
fold_02,2,25746,1,1,0.9388163685798645
fold_02,2,25746,2,2,0.902316153049469
fold_02,2,25746,3,3,0.8963040113449097
fold_02,2,25881,1,1,0.9191886782646179
fold_02,2,25881,2,2,0.9130248427391052
fold_02,2,25881,3,3,0.8888059854507446
fold_02,2,26119,1,1,0.9031311273574829
fold_02,2,26119,2,2,0.8737491965293884
fold_02,2,26119,3,3,0.901846706867218
fold_02,2,26127,1,1,0.9400549530982971
fold_02,2,26127,2,2,0.915233850479126
fold_02,2,26127,3,3,0.937552273273468
fold_02,2,26163,1,1,0.9556933045387268
fold_02,2,26163,2,2,0.9214884042739868
fold_02,2,26163,3,3,0.920308530330658
fold_02,2,26292,1,1,0.9190785884857178
fold_02,2,26292,2,2,0.9427676200866699
fold_02,2,26292,3,3,0.9159067273139954
fold_02,2,26307,1,1,0.8314635753631592
fold_02,2,26307,2,2,0.9201518297195435
fold_02,2,26307,3,3,0.9298622608184814
fold_02,2,26351,1,1,0.9438107013702393
fold_02,2,26351,2,2,0.9306499361991882
fold_02,2,26351,3,3,0.9339798092842102
fold_02,2,26372,1,1,0.9226945042610168
fold_02,2,26372,2,2,0.9316508769989014
fold_02,2,26372,3,3,0.9122333526611328
fold_02,2,26435,1,1,0.9267516136169434
fold_02,2,26435,2,2,0.8971245288848877
fold_02,2,26435,3,3,0.8383057713508606
fold_02,2,26458,1,1,0.9267650246620178
fold_02,2,26458,2,2,0.9369403123855591
fold_02,2,26458,3,3,0.9187588095664978
fold_02,2,26598,1,1,0.9214173555374146
fold_02,2,26598,2,2,0.8574362397193909
fold_02,2,26598,3,3,0.9314791560173035
fold_02,2,26720,1,1,0.93843013048172
fold_02,2,26720,2,2,0.9383364319801331
fold_02,2,26720,3,3,0.9233099818229675
fold_02,2,26780,1,1,0.9216371774673462
fold_02,2,26780,2,2,0.9400222897529602
fold_02,2,26780,3,3,0.8872997164726257
fold_02,2,26895,1,1,0.9374760389328003
fold_02,2,26895,2,2,0.9118082523345947
fold_02,2,26895,3,3,0.9219767451286316
fold_02,2,26909,1,1,0.9265013933181763
fold_02,2,26909,2,2,0.927696704864502
fold_02,2,26909,3,3,0.8877812623977661
fold_02,2,26990,1,1,0.9183371067047119
fold_02,2,26990,2,2,0.9375889301300049
fold_02,2,26990,3,3,0.9207655787467957
fold_02,2,27242,1,1,0.9279637336730957
fold_02,2,27242,2,2,0.9140903949737549
fold_02,2,27242,3,3,0.7945006489753723
fold_02,2,27275,1,1,0.9396259188652039
fold_02,2,27275,2,2,0.9207363724708557
fold_02,2,27275,3,3,0.9290404319763184
fold_02,2,27287,1,1,0.9234443306922913
fold_02,2,27287,2,2,0.9037980437278748
fold_02,2,27287,3,3,0.9072548151016235
fold_02,2,27326,1,1,0.9246774315834045
fold_02,2,27326,2,2,0.93758624792099
fold_02,2,27326,3,3,0.9012148976325989
fold_02,2,27435,1,1,0.9320993423461914
fold_02,2,27435,2,2,0.9270018339157104
fold_02,2,27435,3,3,0.9360203146934509
fold_02,2,27568,1,1,0.9247966408729553
fold_02,2,27568,2,2,0.9311703443527222
fold_02,2,27568,3,3,0.9162561297416687
fold_02,2,27580,1,1,0.869635820388794
fold_02,2,27580,2,2,0.9343156814575195
fold_02,2,27580,3,3,0.9186239838600159
fold_02,2,27830,1,1,0.9109663367271423
fold_02,2,27830,2,2,0.8836520910263062
fold_02,2,27830,3,3,0.8987983465194702
fold_02,2,27878,1,1,0.9132531881332397
fold_02,2,27878,2,2,0.9382259845733643
fold_02,2,27878,3,3,0.9153831601142883
fold_02,2,27972,1,1,0.9266440868377686
fold_02,2,27972,2,2,0.818329930305481
fold_02,2,27972,3,3,0.8827630281448364
fold_02,2,28024,1,1,0.9089270830154419
fold_02,2,28024,2,2,0.8865623474121094
fold_02,2,28024,3,3,0.911417543888092
fold_02,2,28068,1,1,0.9378088116645813
fold_02,2,28068,2,2,0.9324896931648254
fold_02,2,28068,3,3,0.936656653881073
fold_02,2,28096,1,1,0.9524725079536438
fold_02,2,28096,2,2,0.9184349179267883
fold_02,2,28096,3,3,0.9352434873580933
fold_02,2,28159,1,1,0.9571834802627563
fold_02,2,28159,2,2,0.9465534687042236
fold_02,2,28159,3,3,0.9579464793205261
fold_02,2,28189,1,1,0.931748628616333
fold_02,2,28189,2,2,0.9365528225898743
fold_02,2,28189,3,3,0.9411488771438599
fold_02,2,28286,1,1,0.8623577952384949
fold_02,2,28286,2,2,0.9381493926048279
fold_02,2,28286,3,3,0.9403445720672607
fold_02,2,28303,1,1,0.9017385244369507
fold_02,2,28303,2,2,0.9350523352622986
fold_02,2,28303,3,3,0.9222590923309326
fold_02,2,28319,1,1,0.9302382469177246
fold_02,2,28319,2,2,0.9426931738853455
fold_02,2,28319,3,3,0.8963163495063782
fold_02,2,28325,1,1,0.9248977303504944
fold_02,2,28325,2,2,0.9356773495674133
fold_02,2,28325,3,3,0.9041907787322998
fold_02,2,28349,1,1,0.9385324120521545
fold_02,2,28349,2,2,0.9323902726173401
fold_02,2,28349,3,3,0.9196949601173401
fold_02,2,28418,1,1,0.9376261830329895
fold_02,2,28418,2,2,0.9049016237258911
fold_02,2,28418,3,3,0.9295817613601685
fold_02,2,28524,1,1,0.9243082404136658
fold_02,2,28524,2,2,0.9393841624259949
fold_02,2,28524,3,3,0.9482658505439758
fold_02,2,28595,1,1,0.890778124332428
fold_02,2,28595,2,2,0.928192675113678
fold_02,2,28595,3,3,0.9362366199493408
fold_02,2,28745,1,1,0.9145126938819885
fold_02,2,28745,2,2,0.9212635159492493
fold_02,2,28745,3,3,0.9166041612625122
fold_02,2,28751,1,1,0.869388222694397
fold_02,2,28751,2,2,0.9423068165779114
fold_02,2,28751,3,3,0.9408059120178223
fold_02,2,28755,1,1,0.927228569984436
fold_02,2,28755,2,2,0.9428727626800537
fold_02,2,28755,3,3,0.8753210306167603
fold_02,2,28788,1,1,0.9140716791152954
fold_02,2,28788,2,2,0.9265730977058411
fold_02,2,28788,3,3,0.909117579460144
fold_02,2,29021,1,1,0.9230736494064331
fold_02,2,29021,2,2,0.9391986131668091
fold_02,2,29021,3,3,0.9401770234107971
fold_02,2,29381,1,1,0.9360871315002441
fold_02,2,29381,2,2,0.9155197143554688
fold_02,2,29381,3,3,0.9400999546051025
fold_02,2,29711,1,1,0.932011067867279
fold_02,2,29711,2,2,0.932453453540802
fold_02,2,29711,3,3,0.9244576096534729
fold_02,2,29837,1,1,0.9206913709640503
fold_02,2,29837,2,2,0.9352591037750244
fold_02,2,29837,3,3,0.947422981262207
fold_02,2,29886,1,1,0.9542592763900757
fold_02,2,29886,2,2,0.9408880472183228
fold_02,2,29886,3,3,0.9086686372756958
fold_02,2,29919,1,1,0.9157804846763611
fold_02,2,29919,2,2,0.9217840433120728
fold_02,2,29919,3,3,0.9346408247947693
fold_02,2,29980,1,1,0.872265100479126
fold_02,2,29980,2,2,0.9274110198020935
fold_02,2,29980,3,3,0.8863088488578796
fold_02,2,30081,1,1,0.9425218105316162
fold_02,2,30081,2,2,0.9297272562980652
fold_02,2,30081,3,3,0.9423419833183289
fold_02,2,30373,1,1,0.8974394798278809
fold_02,2,30373,2,2,0.9255331754684448
fold_02,2,30373,3,3,0.9327437877655029
fold_02,2,30395,1,1,0.9336467981338501
fold_02,2,30395,2,2,0.92672199010849
fold_02,2,30395,3,3,0.9347350001335144
fold_02,2,30407,1,1,0.9348039031028748
fold_02,2,30407,2,2,0.9189359545707703
fold_02,2,30407,3,3,0.925897479057312
fold_02,2,30430,1,1,0.9256740808486938
fold_02,2,30430,2,2,0.9425672292709351
fold_02,2,30430,3,3,0.9137176871299744
fold_02,2,30563,1,1,0.9464276432991028
fold_02,2,30563,2,2,0.9532795548439026
fold_02,2,30563,3,3,0.9404319524765015
fold_02,2,30601,1,1,0.8961976766586304
fold_02,2,30601,2,2,0.9173901677131653
fold_02,2,30601,3,3,0.831558883190155
fold_02,2,30632,1,1,0.9441640973091125
fold_02,2,30632,2,2,0.9184298515319824
fold_02,2,30632,3,3,0.9429384469985962
fold_02,2,30672,1,1,0.9326890707015991
fold_02,2,30672,2,2,0.914959192276001
fold_02,2,30672,3,3,0.952629804611206
fold_02,2,30847,1,1,0.9380981922149658
fold_02,2,30847,2,2,0.9039530158042908
fold_02,2,30847,3,3,0.886626660823822
fold_02,2,30856,1,1,0.9150451421737671
fold_02,2,30856,2,2,0.9342242479324341
fold_02,2,30856,3,3,0.9399824142456055
fold_02,2,30887,1,1,0.8974490165710449
fold_02,2,30887,2,2,0.9245443344116211
fold_02,2,30887,3,3,0.916685938835144
fold_02,2,30954,1,1,0.9405689835548401
fold_02,2,30954,2,2,0.92429119348526
fold_02,2,30954,3,3,0.9427617192268372
fold_02,2,31028,1,1,0.9311164021492004
fold_02,2,31028,2,2,0.9321028590202332
fold_02,2,31028,3,3,0.8835809230804443
fold_02,2,31233,1,1,0.946498453617096
fold_02,2,31233,2,2,0.8812763094902039
fold_02,2,31233,3,3,0.9304112195968628
fold_02,2,31659,1,1,0.9385821223258972
fold_02,2,31659,2,2,0.9382176399230957
fold_02,2,31659,3,3,0.8967055678367615
fold_02,2,31747,1,1,0.9319319128990173
fold_02,2,31747,2,2,0.9275864362716675
fold_02,2,31747,3,3,0.9421647191047668
fold_02,2,31801,1,1,0.9454485774040222
fold_02,2,31801,2,2,0.8971208333969116
fold_02,2,31801,3,3,0.9317474961280823
fold_02,2,31837,1,1,0.917323112487793
fold_02,2,31837,2,2,0.9364787340164185
fold_02,2,31837,3,3,0.9314529895782471
fold_02,2,31936,1,1,0.9291077852249146
fold_02,2,31936,2,2,0.9335486888885498
fold_02,2,31936,3,3,0.9505140781402588
fold_02,2,31964,1,1,0.9325380325317383
fold_02,2,31964,2,2,0.9451591968536377
fold_02,2,31964,3,3,0.9438717365264893
fold_02,2,32053,1,1,0.9294545650482178
fold_02,2,32053,2,2,0.9333915710449219
fold_02,2,32053,3,3,0.9100140333175659
fold_02,2,32232,1,1,0.9147233963012695
fold_02,2,32232,2,2,0.9014771580696106
fold_02,2,32232,3,3,0.9220827221870422
fold_02,2,32303,1,1,0.9185774326324463
fold_02,2,32303,2,2,0.8953808546066284
fold_02,2,32303,3,3,0.915757417678833
fold_02,2,32307,1,1,0.93096524477005
fold_02,2,32307,2,2,0.9414281845092773
fold_02,2,32307,3,3,0.8936065435409546
fold_02,2,32625,1,1,0.9013293385505676
fold_02,2,32625,2,2,0.938633918762207
fold_02,2,32625,3,3,0.911547839641571
fold_02,2,32716,1,1,0.9138851761817932
fold_02,2,32716,2,2,0.9076608419418335
fold_02,2,32716,3,3,0.9040489196777344
fold_02,2,32772,1,1,0.9192134737968445
fold_02,2,32772,2,2,0.9252134561538696
fold_02,2,32772,3,3,0.9347801804542542
fold_02,2,32891,1,1,0.9340330958366394
fold_02,2,32891,2,2,0.9324468970298767
fold_02,2,32891,3,3,0.9217854738235474
fold_02,2,32910,1,1,0.9162451028823853
fold_02,2,32910,2,2,0.934428870677948
fold_02,2,32910,3,3,0.9282132983207703
fold_02,2,33131,1,1,0.8891462087631226
fold_02,2,33131,2,2,0.9257539510726929
fold_02,2,33131,3,3,0.9086083769798279
fold_02,2,33171,1,1,0.9459911584854126
fold_02,2,33171,2,2,0.947778046131134
fold_02,2,33171,3,3,0.9140030145645142
fold_02,2,33189,1,1,0.8723767399787903
fold_02,2,33189,2,2,0.9041357636451721
fold_02,2,33189,3,3,0.905931830406189
fold_02,2,33245,1,1,0.9333029985427856
fold_02,2,33245,2,2,0.9409257173538208
fold_02,2,33245,3,3,0.9277327060699463
fold_02,2,33289,1,1,0.9087162017822266
fold_02,2,33289,2,2,0.91143798828125
fold_02,2,33289,3,3,0.9162329435348511
fold_02,2,33521,1,1,0.8988004922866821
fold_02,2,33521,2,2,0.9284176826477051
fold_02,2,33521,3,3,0.8947569131851196
fold_02,2,33543,1,1,0.8686349987983704
fold_02,2,33543,2,2,0.9231804609298706
fold_02,2,33543,3,3,0.8753570914268494
fold_02,2,33813,1,1,0.9229526519775391
fold_02,2,33813,2,2,0.9219186305999756
fold_02,2,33813,3,3,0.9244906902313232
fold_02,2,34068,1,1,0.9165197014808655
fold_02,2,34068,2,2,0.9332607984542847
fold_02,2,34068,3,3,0.9158238172531128
fold_02,2,34089,1,1,0.9118521213531494
fold_02,2,34089,2,2,0.9154187440872192
fold_02,2,34089,3,3,0.9263184666633606
fold_02,2,34126,1,1,0.9196006655693054
fold_02,2,34126,2,2,0.9310753345489502
fold_02,2,34126,3,3,0.9283461570739746
fold_02,2,34186,1,1,0.9159850478172302
fold_02,2,34186,2,2,0.9096168279647827
fold_02,2,34186,3,3,0.9273788928985596
fold_02,2,34238,1,1,0.9296976327896118
fold_02,2,34238,2,2,0.9315588474273682
fold_02,2,34238,3,3,0.8912903070449829
fold_02,2,34418,1,1,0.9349420070648193
fold_02,2,34418,2,2,0.8995817303657532
fold_02,2,34418,3,3,0.9357094764709473
fold_02,2,34603,1,1,0.899540364742279
fold_02,2,34603,2,2,0.8615743517875671
fold_02,2,34603,3,3,0.8910840153694153
fold_02,2,34829,1,1,0.9354230761528015
fold_02,2,34829,2,2,0.9152317643165588
fold_02,2,34829,3,3,0.9349019527435303
fold_02,2,34850,1,1,0.9338462352752686
fold_02,2,34850,2,2,0.9361626505851746
fold_02,2,34850,3,3,0.9404736757278442
fold_02,2,34874,1,1,0.9231227040290833
fold_02,2,34874,2,2,0.9122547507286072
fold_02,2,34874,3,3,0.9241369962692261
fold_02,2,35743,1,1,0.9375741481781006
fold_02,2,35743,2,2,0.9187936782836914
fold_02,2,35743,3,3,0.9073852300643921
fold_02,2,35752,1,1,0.9157619476318359
fold_02,2,35752,2,2,0.948138952255249
fold_02,2,35752,3,3,0.9169343113899231
fold_02,2,35790,1,1,0.8915292024612427
fold_02,2,35790,2,2,0.9235043525695801
fold_02,2,35790,3,3,0.9115928411483765
fold_02,2,35798,1,1,0.9307018518447876
fold_02,2,35798,2,2,0.9404057264328003
fold_02,2,35798,3,3,0.9485546350479126
fold_02,2,35986,1,1,0.9165582060813904
fold_02,2,35986,2,2,0.9394446611404419
fold_02,2,35986,3,3,0.9394662976264954
fold_02,2,36067,1,1,0.9154659509658813
fold_02,2,36067,2,2,0.9178646802902222
fold_02,2,36067,3,3,0.9244930148124695
fold_02,2,36258,1,1,0.9213022589683533
fold_02,2,36258,2,2,0.913960874080658
fold_02,2,36258,3,3,0.9228330850601196
fold_02,2,36476,1,1,0.9419877529144287
fold_02,2,36476,2,2,0.9089037775993347
fold_02,2,36476,3,3,0.9361737370491028
fold_02,2,36569,1,1,0.9240254163742065
fold_02,2,36569,2,2,0.9204891324043274
fold_02,2,36569,3,3,0.9212360382080078
fold_02,2,36576,1,1,0.9337857961654663
fold_02,2,36576,2,2,0.91594398021698
fold_02,2,36576,3,3,0.9435124397277832
fold_02,2,36623,1,1,0.924017608165741
fold_02,2,36623,2,2,0.9369067549705505
fold_02,2,36623,3,3,0.9287365078926086
fold_02,2,36682,1,1,0.95074462890625
fold_02,2,36682,2,2,0.9539276957511902
fold_02,2,36682,3,3,0.9442889094352722
fold_02,2,36731,1,1,0.9295184016227722
fold_02,2,36731,2,2,0.9392634034156799
fold_02,2,36731,3,3,0.9205508232116699
fold_02,2,36759,1,1,0.9366025924682617
fold_02,2,36759,2,2,0.8751509785652161
fold_02,2,36759,3,3,0.9171397089958191
fold_02,2,36910,1,1,0.9475406408309937
fold_02,2,36910,2,2,0.949468731880188
fold_02,2,36910,3,3,0.952624499797821
fold_02,2,36945,1,1,0.9391427040100098
fold_02,2,36945,2,2,0.9213911890983582
fold_02,2,36945,3,3,0.9234339594841003
fold_02,2,36974,1,1,0.9425114393234253
fold_02,2,36974,2,2,0.9377558827400208
fold_02,2,36974,3,3,0.9414049386978149
fold_02,2,36978,1,1,0.9541943669319153
fold_02,2,36978,2,2,0.9059129953384399
fold_02,2,36978,3,3,0.9472965002059937
fold_02,2,37059,1,1,0.9302458763122559
fold_02,2,37059,2,2,0.934319794178009
fold_02,2,37059,3,3,0.9529131650924683
fold_02,2,37221,1,1,0.9363104701042175
fold_02,2,37221,2,2,0.938613772392273
fold_02,2,37221,3,3,0.9088722467422485
fold_02,2,37224,1,1,0.9499890804290771
fold_02,2,37224,2,2,0.9525507688522339
fold_02,2,37224,3,3,0.925341784954071
fold_02,2,37436,1,1,0.8968632817268372
fold_02,2,37436,2,2,0.8684551119804382
fold_02,2,37436,3,3,0.9312387704849243
fold_02,2,37494,1,1,0.930129885673523
fold_02,2,37494,2,2,0.9420402646064758
fold_02,2,37494,3,3,0.9287601709365845
fold_02,2,37736,1,1,0.9125194549560547
fold_02,2,37736,2,2,0.9118716716766357
fold_02,2,37736,3,3,0.9082402586936951
fold_02,2,37927,1,1,0.8735992908477783
fold_02,2,37927,2,2,0.921156108379364
fold_02,2,37927,3,3,0.9139554500579834
fold_02,2,38022,1,1,0.9297177791595459
fold_02,2,38022,2,2,0.9287091493606567
fold_02,2,38022,3,3,0.8972675800323486
fold_02,2,38025,1,1,0.9301311373710632
fold_02,2,38025,2,2,0.926042914390564
fold_02,2,38025,3,3,0.9423196315765381
fold_02,2,38246,1,1,0.9468882083892822
fold_02,2,38246,2,2,0.9437486529350281
fold_02,2,38246,3,3,0.9461999535560608
fold_02,2,38297,1,1,0.9226739406585693
fold_02,2,38297,2,2,0.9251960515975952
fold_02,2,38297,3,3,0.9171316623687744
fold_02,2,38310,1,1,0.9442524313926697
fold_02,2,38310,2,2,0.9110641479492188
fold_02,2,38310,3,3,0.9266594648361206
fold_02,2,38358,1,1,0.9155561923980713
fold_02,2,38358,2,2,0.9060012698173523
fold_02,2,38358,3,3,0.9109959602355957
fold_02,2,38486,1,1,0.9172237515449524
fold_02,2,38486,2,2,0.9417021870613098
fold_02,2,38486,3,3,0.9203624129295349
fold_02,2,38494,1,1,0.941201388835907
fold_02,2,38494,2,2,0.9498831033706665
fold_02,2,38494,3,3,0.9451392292976379
fold_02,2,38641,1,1,0.9539633393287659
fold_02,2,38641,2,2,0.9253424406051636
fold_02,2,38641,3,3,0.9345066547393799
fold_02,2,38794,1,1,0.9394672513008118
fold_02,2,38794,2,2,0.9197826981544495
fold_02,2,38794,3,3,0.9234203696250916
fold_02,2,38817,1,1,0.9460734128952026
fold_02,2,38817,2,2,0.9481784701347351
fold_02,2,38817,3,3,0.9278307557106018
fold_02,2,38829,1,1,0.929784893989563
fold_02,2,38829,2,2,0.9384218454360962
fold_02,2,38829,3,3,0.9404047727584839
fold_02,2,38853,1,1,0.9412782192230225
fold_02,2,38853,2,2,0.9385298490524292
fold_02,2,38853,3,3,0.9445439577102661
fold_02,2,38978,1,1,0.9391777515411377
fold_02,2,38978,2,2,0.9326025247573853
fold_02,2,38978,3,3,0.9422070980072021
fold_02,2,39289,1,1,0.9208602905273438
fold_02,2,39289,2,2,0.9137730598449707
fold_02,2,39289,3,3,0.9205691814422607
fold_02,2,39369,1,1,0.9352051615715027
fold_02,2,39369,2,2,0.8771365880966187
fold_02,2,39369,3,3,0.9068760275840759
fold_02,2,39402,1,1,0.9315499663352966
fold_02,2,39402,2,2,0.9450129270553589
fold_02,2,39402,3,3,0.9129565954208374
fold_02,2,39841,1,1,0.9316945672035217
fold_02,2,39841,2,2,0.9266389012336731
fold_02,2,39841,3,3,0.9380228519439697
fold_02,2,39997,1,1,0.9240710735321045
fold_02,2,39997,2,2,0.9065908789634705
fold_02,2,39997,3,3,0.9117045998573303
fold_02,2,40153,1,1,0.9320768117904663
fold_02,2,40153,2,2,0.8725710511207581
fold_02,2,40153,3,3,0.9341065883636475
fold_02,2,40235,1,1,0.9252443909645081
fold_02,2,40235,2,2,0.9236277341842651
fold_02,2,40235,3,3,0.9350446462631226
fold_02,2,40423,1,1,0.9244881272315979
fold_02,2,40423,2,2,0.9504510164260864
fold_02,2,40423,3,3,0.9100167751312256
fold_02,2,40548,1,1,0.9502298831939697
fold_02,2,40548,2,2,0.9154989719390869
fold_02,2,40548,3,3,0.9151619076728821
fold_02,2,40575,1,1,0.910106360912323
fold_02,2,40575,2,2,0.911310613155365
fold_02,2,40575,3,3,0.8819345235824585
fold_02,2,40721,1,1,0.9211950302124023
fold_02,2,40721,2,2,0.9226347208023071
fold_02,2,40721,3,3,0.8802529573440552
fold_02,2,40770,1,1,0.9335693120956421
fold_02,2,40770,2,2,0.9223874807357788
fold_02,2,40770,3,3,0.9186694025993347
fold_02,2,40840,1,1,0.943968653678894
fold_02,2,40840,2,2,0.9314000606536865
fold_02,2,40840,3,3,0.933059811592102
fold_02,2,40846,1,1,0.9428138732910156
fold_02,2,40846,2,2,0.9208472967147827
fold_02,2,40846,3,3,0.9173634648323059
fold_02,2,40909,1,1,0.8956459164619446
fold_02,2,40909,2,2,0.9140862822532654
fold_02,2,40909,3,3,0.930524468421936
fold_02,2,40924,1,1,0.92780601978302
fold_02,2,40924,2,2,0.9299987554550171
fold_02,2,40924,3,3,0.9340057969093323
fold_02,2,40935,1,1,0.9438571929931641
fold_02,2,40935,2,2,0.9178504347801208
fold_02,2,40935,3,3,0.9247560501098633
fold_02,2,40979,1,1,0.8987113237380981
fold_02,2,40979,2,2,0.8724907636642456
fold_02,2,40979,3,3,0.9099410772323608
fold_02,2,41056,1,1,0.9137545824050903
fold_02,2,41056,2,2,0.8969601988792419
fold_02,2,41056,3,3,0.9217119216918945
fold_02,2,41097,1,1,0.921310544013977
fold_02,2,41097,2,2,0.9207355380058289
fold_02,2,41097,3,3,0.9289234280586243
fold_02,2,41116,1,1,0.9469016790390015
fold_02,2,41116,2,2,0.9249607920646667
fold_02,2,41116,3,3,0.9390935897827148
fold_02,2,41137,1,1,0.9382066130638123
fold_02,2,41137,2,2,0.9253010153770447
fold_02,2,41137,3,3,0.9386819005012512
fold_02,2,41162,1,1,0.916889488697052
fold_02,2,41162,2,2,0.8698811531066895
fold_02,2,41162,3,3,0.9199536442756653
fold_02,2,41482,1,1,0.9282249808311462
fold_02,2,41482,2,2,0.9328637719154358
fold_02,2,41482,3,3,0.9416746497154236
fold_02,2,41566,1,1,0.9457167983055115
fold_02,2,41566,2,2,0.9341057538986206
fold_02,2,41566,3,3,0.8801493644714355
fold_02,2,41653,1,1,0.9347033500671387
fold_02,2,41653,2,2,0.8888006210327148
fold_02,2,41653,3,3,0.9163804054260254
fold_02,2,41710,1,1,0.943184494972229
fold_02,2,41710,2,2,0.9326591491699219
fold_02,2,41710,3,3,0.9432097673416138
fold_02,2,41778,1,1,0.9153546690940857
fold_02,2,41778,2,2,0.9183460474014282
fold_02,2,41778,3,3,0.9066746234893799
fold_02,2,41814,1,1,0.9217718839645386
fold_02,2,41814,2,2,0.943932831287384
fold_02,2,41814,3,3,0.9345165491104126
fold_02,2,41927,1,1,0.9166533946990967
fold_02,2,41927,2,2,0.9382501840591431
fold_02,2,41927,3,3,0.929036557674408
fold_02,2,41934,1,1,0.9043649435043335
fold_02,2,41934,2,2,0.8942199945449829
fold_02,2,41934,3,3,0.8447481393814087
fold_02,2,42007,1,1,0.8914846777915955
fold_02,2,42007,2,2,0.9223499298095703
fold_02,2,42007,3,3,0.9323604106903076
fold_02,2,42126,1,1,0.9068084359169006
fold_02,2,42126,2,2,0.9175428152084351
fold_02,2,42126,3,3,0.9181994199752808
fold_02,2,42166,1,1,0.9181783199310303
fold_02,2,42166,2,2,0.8775379657745361
fold_02,2,42166,3,3,0.9333738684654236
fold_02,2,42171,1,1,0.9314510226249695
fold_02,2,42171,2,2,0.9292213320732117
fold_02,2,42171,3,3,0.9050519466400146
fold_02,2,42214,1,1,0.9482841491699219
fold_02,2,42214,2,2,0.9248355627059937
fold_02,2,42214,3,3,0.9143691658973694
fold_02,2,42224,1,1,0.9353547096252441
fold_02,2,42224,2,2,0.943580150604248
fold_02,2,42224,3,3,0.9519517421722412
fold_02,2,42299,1,1,0.9344495534896851
fold_02,2,42299,2,2,0.8919913172721863
fold_02,2,42299,3,3,0.9200125932693481
fold_02,2,42473,1,1,0.9344979524612427
fold_02,2,42473,2,2,0.9131560325622559
fold_02,2,42473,3,3,0.8799104690551758
fold_02,2,42563,1,1,0.9501574039459229
fold_02,2,42563,2,2,0.9179410338401794
fold_02,2,42563,3,3,0.9117724299430847
fold_02,2,42642,1,1,0.9248560070991516
fold_02,2,42642,2,2,0.9128017425537109
fold_02,2,42642,3,3,0.914783239364624
fold_02,2,42697,1,1,0.9537726640701294
fold_02,2,42697,2,2,0.9317325353622437
fold_02,2,42697,3,3,0.8123376369476318
fold_02,2,42781,1,1,0.9361933469772339
fold_02,2,42781,2,2,0.9479554295539856
fold_02,2,42781,3,3,0.9397503733634949
fold_02,2,42851,1,1,0.9224870204925537
fold_02,2,42851,2,2,0.9148213267326355
fold_02,2,42851,3,3,0.9328233599662781
fold_02,2,42912,1,1,0.9312408566474915
fold_02,2,42912,2,2,0.9462425112724304
fold_02,2,42912,3,3,0.9106144905090332
fold_02,2,42946,1,1,0.9378766417503357
fold_02,2,42946,2,2,0.9269462823867798
fold_02,2,42946,3,3,0.9073095321655273
fold_02,2,42980,1,1,0.9328659772872925
fold_02,2,42980,2,2,0.943669855594635
fold_02,2,42980,3,3,0.9177772998809814
fold_02,2,43107,1,1,0.9043208360671997
fold_02,2,43107,2,2,0.9323412775993347
fold_02,2,43107,3,3,0.9071994423866272
fold_02,2,43157,1,1,0.9221326112747192
fold_02,2,43157,2,2,0.9013311266899109
fold_02,2,43157,3,3,0.9228528141975403
fold_02,2,43159,1,1,0.9024098515510559
fold_02,2,43159,2,2,0.9290561079978943
fold_02,2,43159,3,3,0.9167380332946777
fold_02,2,43164,1,1,0.9305513501167297
fold_02,2,43164,2,2,0.9234464168548584
fold_02,2,43164,3,3,0.9086193442344666
fold_02,2,43224,1,1,0.936147153377533
fold_02,2,43224,2,2,0.9190284609794617
fold_02,2,43224,3,3,0.9369940757751465
fold_02,2,43250,1,1,0.9305197596549988
fold_02,2,43250,2,2,0.9327805042266846
fold_02,2,43250,3,3,0.9162253141403198
fold_02,2,43428,1,1,0.9279524087905884
fold_02,2,43428,2,2,0.9307262897491455
fold_02,2,43428,3,3,0.9247716069221497
fold_02,2,43445,1,1,0.9478665590286255
fold_02,2,43445,2,2,0.9329130053520203
fold_02,2,43445,3,3,0.9131742715835571
fold_02,2,43465,1,1,0.8613409996032715
fold_02,2,43465,2,2,0.8956897854804993
fold_02,2,43465,3,3,0.918522834777832
fold_02,2,43619,1,1,0.9228417873382568
fold_02,2,43619,2,2,0.8804266452789307
fold_02,2,43619,3,3,0.9345120191574097
fold_02,2,43675,1,1,0.9442335963249207
fold_02,2,43675,2,2,0.8497529029846191
fold_02,2,43675,3,3,0.9446802735328674
fold_02,2,43689,1,1,0.9482371807098389
fold_02,2,43689,2,2,0.9125643372535706
fold_02,2,43689,3,3,0.8732995390892029
fold_02,2,43746,1,1,0.9096187353134155
fold_02,2,43746,2,2,0.9379010200500488
fold_02,2,43746,3,3,0.8723180890083313
fold_02,2,43818,1,1,0.8932299017906189
fold_02,2,43818,2,2,0.9271717071533203
fold_02,2,43818,3,3,0.8440317511558533
fold_02,2,43820,1,1,0.9267557859420776
fold_02,2,43820,2,2,0.924953281879425
fold_02,2,43820,3,3,0.8973710536956787
fold_02,2,43852,1,1,0.8872027397155762
fold_02,2,43852,2,2,0.903781533241272
fold_02,2,43852,3,3,0.9263077974319458
fold_02,2,43950,1,1,0.9369480609893799
fold_02,2,43950,2,2,0.9079475402832031
fold_02,2,43950,3,3,0.8893897533416748
fold_02,2,43984,1,1,0.8984054923057556
fold_02,2,43984,2,2,0.8937535285949707
fold_02,2,43984,3,3,0.9335989952087402
fold_02,2,44052,1,1,0.9380477666854858
fold_02,2,44052,2,2,0.902424693107605
fold_02,2,44052,3,3,0.9240346550941467
fold_02,2,44138,1,1,0.9210504293441772
fold_02,2,44138,2,2,0.9267652034759521
fold_02,2,44138,3,3,0.92685866355896
fold_02,2,44144,1,1,0.9420716762542725
fold_02,2,44144,2,2,0.9377789497375488
fold_02,2,44144,3,3,0.9299998879432678
fold_02,2,44705,1,1,0.9346675872802734
fold_02,2,44705,2,2,0.9078952670097351
fold_02,2,44705,3,3,0.9121246933937073
fold_02,2,44720,1,1,0.9343037009239197
fold_02,2,44720,2,2,0.9390028119087219
fold_02,2,44720,3,3,0.9458851218223572
fold_02,2,44844,1,1,0.9555305242538452
fold_02,2,44844,2,2,0.9371132850646973
fold_02,2,44844,3,3,0.9231330156326294
fold_02,2,44971,1,1,0.9457051753997803
fold_02,2,44971,2,2,0.9000255465507507
fold_02,2,44971,3,3,0.8997228145599365
fold_02,2,44980,1,1,0.9294156432151794
fold_02,2,44980,2,2,0.9288318753242493
fold_02,2,44980,3,3,0.9070814251899719
fold_02,2,45129,1,1,0.9457666873931885
fold_02,2,45129,2,2,0.8723440170288086
fold_02,2,45129,3,3,0.9282216429710388
fold_02,2,45213,1,1,0.9384574294090271
fold_02,2,45213,2,2,0.9340676069259644
fold_02,2,45213,3,3,0.9416995048522949
fold_02,2,45356,1,1,0.9508334398269653
fold_02,2,45356,2,2,0.9331207275390625
fold_02,2,45356,3,3,0.9508187770843506
fold_02,2,45595,1,1,0.9213777780532837
fold_02,2,45595,2,2,0.9313915967941284
fold_02,2,45595,3,3,0.9316071271896362
fold_02,2,45632,1,1,0.9454524517059326
fold_02,2,45632,2,2,0.9320706725120544
fold_02,2,45632,3,3,0.9180998206138611
fold_02,2,45750,1,1,0.9292677640914917
fold_02,2,45750,2,2,0.884087085723877
fold_02,2,45750,3,3,0.9195340871810913
fold_02,2,45837,1,1,0.9382182359695435
fold_02,2,45837,2,2,0.929039478302002
fold_02,2,45837,3,3,0.890602707862854
fold_02,2,45843,1,1,0.9337172508239746
fold_02,2,45843,2,2,0.9401583671569824
fold_02,2,45843,3,3,0.9226490259170532
fold_02,2,45945,1,1,0.9149314165115356
fold_02,2,45945,2,2,0.9159872531890869
fold_02,2,45945,3,3,0.9218426942825317
fold_02,2,45981,1,1,0.9189426898956299
fold_02,2,45981,2,2,0.9481801390647888
fold_02,2,45981,3,3,0.925572395324707
fold_02,2,46002,1,1,0.9322808980941772
fold_02,2,46002,2,2,0.9037299156188965
fold_02,2,46002,3,3,0.9089291095733643
fold_02,2,46036,1,1,0.8415651321411133
fold_02,2,46036,2,2,0.9052897691726685
fold_02,2,46036,3,3,0.9281274080276489
fold_02,2,46150,1,1,0.940356969833374
fold_02,2,46150,2,2,0.9237614870071411
fold_02,2,46150,3,3,0.927087128162384
fold_02,2,46160,1,1,0.9405942559242249
fold_02,2,46160,2,2,0.9523580074310303
fold_02,2,46160,3,3,0.9284741878509521
fold_02,2,46274,1,1,0.9335457682609558
fold_02,2,46274,2,2,0.9329448938369751
fold_02,2,46274,3,3,0.9169832468032837
fold_02,2,46321,1,1,0.9299725890159607
fold_02,2,46321,2,2,0.9135466814041138
fold_02,2,46321,3,3,0.9217771291732788
fold_02,2,46372,1,1,0.8979742527008057
fold_02,2,46372,2,2,0.9490268230438232
fold_02,2,46372,3,3,0.9406790137290955
fold_02,2,46380,1,1,0.9448557496070862
fold_02,2,46380,2,2,0.9100210070610046
fold_02,2,46380,3,3,0.9315511584281921
fold_02,2,46460,1,1,0.9127109050750732
fold_02,2,46460,2,2,0.9288637638092041
fold_02,2,46460,3,3,0.905657172203064
fold_02,2,46462,1,1,0.921667218208313
fold_02,2,46462,2,2,0.9257773756980896
fold_02,2,46462,3,3,0.8906421065330505
fold_02,2,46523,1,1,0.8995290398597717
fold_02,2,46523,2,2,0.8671202659606934
fold_02,2,46523,3,3,0.9171146154403687
fold_02,2,46642,1,1,0.8779184222221375
fold_02,2,46642,2,2,0.9280247092247009
fold_02,2,46642,3,3,0.9307471513748169
fold_02,2,46661,1,1,0.9253391027450562
fold_02,2,46661,2,2,0.9336128830909729
fold_02,2,46661,3,3,0.9376783967018127
fold_02,2,46806,1,1,0.9343117475509644
fold_02,2,46806,2,2,0.9460680484771729
fold_02,2,46806,3,3,0.9051841497421265
fold_02,2,46835,1,1,0.9154393672943115
fold_02,2,46835,2,2,0.8815422058105469
fold_02,2,46835,3,3,0.9082951545715332
fold_02,2,46861,1,1,0.9229602217674255
fold_02,2,46861,2,2,0.9265421032905579
fold_02,2,46861,3,3,0.9163759350776672
fold_02,2,47033,1,1,0.9263477325439453
fold_02,2,47033,2,2,0.8432023525238037
fold_02,2,47033,3,3,0.9280755519866943
fold_02,2,47070,1,1,0.9556300640106201
fold_02,2,47070,2,2,0.9298328757286072
fold_02,2,47070,3,3,0.9331626296043396
fold_02,2,47099,1,1,0.9199726581573486
fold_02,2,47099,2,2,0.9166340827941895
fold_02,2,47099,3,3,0.9325301647186279
fold_02,2,47290,1,1,0.8964906930923462
fold_02,2,47290,2,2,0.9404770731925964
fold_02,2,47290,3,3,0.9028894305229187
fold_02,2,47293,1,1,0.9321627616882324
fold_02,2,47293,2,2,0.8881722092628479
fold_02,2,47293,3,3,0.8463737368583679
fold_02,2,47321,1,1,0.8961222171783447
fold_02,2,47321,2,2,0.933214545249939
fold_02,2,47321,3,3,0.9245905876159668
fold_02,2,47408,1,1,0.8995376825332642
fold_02,2,47408,2,2,0.9358190894126892
fold_02,2,47408,3,3,0.8531054854393005
fold_02,2,47600,1,1,0.918883204460144
fold_02,2,47600,2,2,0.9364593029022217
fold_02,2,47600,3,3,0.9146870374679565
fold_02,2,47687,1,1,0.9425415992736816
fold_02,2,47687,2,2,0.9308857917785645
fold_02,2,47687,3,3,0.9164745211601257
fold_02,2,48157,1,1,0.9435919523239136
fold_02,2,48157,2,2,0.93558269739151
fold_02,2,48157,3,3,0.9020147323608398
fold_02,2,48260,1,1,0.9470334649085999
fold_02,2,48260,2,2,0.9435256719589233
fold_02,2,48260,3,3,0.9262797236442566
fold_02,2,48374,1,1,0.9010671973228455
fold_02,2,48374,2,2,0.8984251022338867
fold_02,2,48374,3,3,0.9182184934616089
fold_02,2,48379,1,1,0.92355877161026
fold_02,2,48379,2,2,0.9371780157089233
fold_02,2,48379,3,3,0.9324067831039429
fold_02,2,48393,1,1,0.9211833477020264
fold_02,2,48393,2,2,0.915556788444519
fold_02,2,48393,3,3,0.9173164963722229
fold_02,2,48422,1,1,0.9430931806564331
fold_02,2,48422,2,2,0.9439664483070374
fold_02,2,48422,3,3,0.9361028075218201
fold_02,2,48508,1,1,0.947411835193634
fold_02,2,48508,2,2,0.882666826248169
fold_02,2,48508,3,3,0.9131593108177185
fold_02,2,48530,1,1,0.9003180861473083
fold_02,2,48530,2,2,0.9425451159477234
fold_02,2,48530,3,3,0.9306758642196655
fold_02,2,48617,1,1,0.9270928502082825
fold_02,2,48617,2,2,0.9225530624389648
fold_02,2,48617,3,3,0.9031268358230591
fold_02,2,48622,1,1,0.9094326496124268
fold_02,2,48622,2,2,0.9214116334915161
fold_02,2,48622,3,3,0.9275885820388794
fold_02,2,48679,1,1,0.8845436573028564
fold_02,2,48679,2,2,0.9387995600700378
fold_02,2,48679,3,3,0.932155430316925
fold_02,2,48681,1,1,0.941704273223877
fold_02,2,48681,2,2,0.9162607789039612
fold_02,2,48681,3,3,0.9423174262046814
fold_02,2,48802,1,1,0.9482345581054688
fold_02,2,48802,2,2,0.9266924858093262
fold_02,2,48802,3,3,0.9549086093902588
fold_02,2,48839,1,1,0.9172877669334412
fold_02,2,48839,2,2,0.9203214645385742
fold_02,2,48839,3,3,0.9103790521621704
fold_02,2,49076,1,1,0.921684741973877
fold_02,2,49076,2,2,0.9415648579597473
fold_02,2,49076,3,3,0.9142120480537415
fold_02,2,49466,1,1,0.9438584446907043
fold_02,2,49466,2,2,0.9476988315582275
fold_02,2,49466,3,3,0.8839046359062195
fold_02,2,49480,1,1,0.9220384359359741
fold_02,2,49480,2,2,0.9341817498207092
fold_02,2,49480,3,3,0.9255490899085999
fold_02,2,49731,1,1,0.9467383027076721
fold_02,2,49731,2,2,0.8957275152206421
fold_02,2,49731,3,3,0.9181405305862427
fold_02,2,49944,1,1,0.9258867502212524
fold_02,2,49944,2,2,0.942503035068512
fold_02,2,49944,3,3,0.937501847743988
fold_02,2,49955,1,1,0.940350353717804
fold_02,2,49955,2,2,0.9496996402740479
fold_02,2,49955,3,3,0.9201240539550781
fold_02,2,49957,1,1,0.9173910617828369
fold_02,2,49957,2,2,0.9249699711799622
fold_02,2,49957,3,3,0.9224076271057129
fold_02,2,49969,1,1,0.9202677011489868
fold_02,2,49969,2,2,0.8909184336662292
fold_02,2,49969,3,3,0.9197204113006592
fold_02,2,49979,1,1,0.9440250992774963
fold_02,2,49979,2,2,0.8740342855453491
fold_02,2,49979,3,3,0.9389114379882812
fold_02,2,50114,1,1,0.9428510665893555
fold_02,2,50114,2,2,0.9421966075897217
fold_02,2,50114,3,3,0.9206398725509644
fold_02,2,50170,1,1,0.9270210266113281
fold_02,2,50170,2,2,0.8659430742263794
fold_02,2,50170,3,3,0.88747239112854
fold_02,2,50653,1,1,0.9139236211776733
fold_02,2,50653,2,2,0.9168113470077515
fold_02,2,50653,3,3,0.899196445941925
fold_02,2,50734,1,1,0.9354493021965027
fold_02,2,50734,2,2,0.9350818991661072
fold_02,2,50734,3,3,0.9410631656646729
fold_02,2,50755,1,1,0.9230968952178955
fold_02,2,50755,2,2,0.9293190240859985
fold_02,2,50755,3,3,0.8729261755943298
fold_02,2,50811,1,1,0.9546788930892944
fold_02,2,50811,2,2,0.9413754343986511
fold_02,2,50811,3,3,0.9257148504257202
fold_02,2,50882,1,1,0.9428474307060242
fold_02,2,50882,2,2,0.9460460543632507
fold_02,2,50882,3,3,0.9245129227638245
fold_02,2,51062,1,1,0.8932633399963379
fold_02,2,51062,2,2,0.8803500533103943
fold_02,2,51062,3,3,0.8838886022567749
fold_02,2,51077,1,1,0.943074107170105
fold_02,2,51077,2,2,0.9394090175628662
fold_02,2,51077,3,3,0.8828076124191284
fold_02,2,51148,1,1,0.9245415329933167
fold_02,2,51148,2,2,0.9562546610832214
fold_02,2,51148,3,3,0.9002223014831543
fold_02,2,51171,1,1,0.8705505132675171
fold_02,2,51171,2,2,0.9418522119522095
fold_02,2,51171,3,3,0.933694064617157
fold_02,2,51185,1,1,0.9373807311058044
fold_02,2,51185,2,2,0.9109708070755005
fold_02,2,51185,3,3,0.9391006231307983
fold_02,2,51521,1,1,0.9361882209777832
fold_02,2,51521,2,2,0.9523448348045349
fold_02,2,51521,3,3,0.8800409436225891
fold_02,2,51745,1,1,0.9277374148368835
fold_02,2,51745,2,2,0.9204791188240051
fold_02,2,51745,3,3,0.89337557554245
fold_02,2,51788,1,1,0.9427958726882935
fold_02,2,51788,2,2,0.9234219789505005
fold_02,2,51788,3,3,0.9499585032463074
fold_02,2,51843,1,1,0.9209810495376587
fold_02,2,51843,2,2,0.9234740734100342
fold_02,2,51843,3,3,0.9398061037063599
fold_02,2,51965,1,1,0.9182130098342896
fold_02,2,51965,2,2,0.9310536980628967
fold_02,2,51965,3,3,0.9364870190620422
fold_02,2,51983,1,1,0.9153396487236023
fold_02,2,51983,2,2,0.9393376111984253
fold_02,2,51983,3,3,0.9243651032447815
fold_02,2,51988,1,1,0.9207499027252197
fold_02,2,51988,2,2,0.9298741221427917
fold_02,2,51988,3,3,0.9150595664978027
fold_02,2,52070,1,1,0.9361774325370789
fold_02,2,52070,2,2,0.9343586564064026
fold_02,2,52070,3,3,0.9382776021957397
fold_02,2,52302,1,1,0.9274610280990601
fold_02,2,52302,2,2,0.938956618309021
fold_02,2,52302,3,3,0.9534319043159485
fold_02,2,52394,1,1,0.9461907744407654
fold_02,2,52394,2,2,0.941309928894043
fold_02,2,52394,3,3,0.927000880241394
fold_02,2,52527,1,1,0.9314035177230835
fold_02,2,52527,2,2,0.9339353442192078
fold_02,2,52527,3,3,0.9256287813186646
fold_02,2,52554,1,1,0.9329586625099182
fold_02,2,52554,2,2,0.9336869716644287
fold_02,2,52554,3,3,0.9420477151870728
fold_02,2,52596,1,1,0.9378552436828613
fold_02,2,52596,2,2,0.9017280340194702
fold_02,2,52596,3,3,0.9336044192314148
fold_02,2,52652,1,1,0.9370264410972595
fold_02,2,52652,2,2,0.9307265281677246
fold_02,2,52652,3,3,0.9389221668243408
fold_02,2,52892,1,1,0.8944181203842163
fold_02,2,52892,2,2,0.9046670198440552
fold_02,2,52892,3,3,0.8709547519683838
fold_02,2,52931,1,1,0.9065226316452026
fold_02,2,52931,2,2,0.939708948135376
fold_02,2,52931,3,3,0.9336835145950317
fold_02,2,53052,1,1,0.9408122301101685
fold_02,2,53052,2,2,0.9316424131393433
fold_02,2,53052,3,3,0.903866171836853
fold_02,2,53152,1,1,0.9394927024841309
fold_02,2,53152,2,2,0.918033242225647
fold_02,2,53152,3,3,0.926091194152832
fold_02,2,53155,1,1,0.9130014181137085
fold_02,2,53155,2,2,0.8912953734397888
fold_02,2,53155,3,3,0.9452827572822571
fold_02,2,53157,1,1,0.920171856880188
fold_02,2,53157,2,2,0.8868557214736938
fold_02,2,53157,3,3,0.9228060245513916
fold_02,2,53270,1,1,0.914980411529541
fold_02,2,53270,2,2,0.9045151472091675
fold_02,2,53270,3,3,0.902238130569458
fold_02,2,53370,1,1,0.9562071561813354
fold_02,2,53370,2,2,0.8158922791481018
fold_02,2,53370,3,3,0.9459648728370667
fold_02,2,53511,1,1,0.9169446229934692
fold_02,2,53511,2,2,0.9258320927619934
fold_02,2,53511,3,3,0.9110134243965149
fold_02,2,53570,1,1,0.9165615439414978
fold_02,2,53570,2,2,0.9278506636619568
fold_02,2,53570,3,3,0.9179213047027588
fold_02,2,53727,1,1,0.9223321676254272
fold_02,2,53727,2,2,0.9331721067428589
fold_02,2,53727,3,3,0.9361294507980347
fold_02,2,53728,1,1,0.9510778188705444
fold_02,2,53728,2,2,0.9288041591644287
fold_02,2,53728,3,3,0.9159786701202393
fold_02,2,53773,1,1,0.925681471824646
fold_02,2,53773,2,2,0.9068423509597778
fold_02,2,53773,3,3,0.9115554094314575
fold_02,2,53858,1,1,0.9042329788208008
fold_02,2,53858,2,2,0.909745454788208
fold_02,2,53858,3,3,0.8739254474639893
fold_02,2,53881,1,1,0.9337043762207031
fold_02,2,53881,2,2,0.92461097240448
fold_02,2,53881,3,3,0.9404142498970032
fold_02,2,53891,1,1,0.9482192993164062
fold_02,2,53891,2,2,0.9321736097335815
fold_02,2,53891,3,3,0.9362412691116333
fold_02,2,54078,1,1,0.929742693901062
fold_02,2,54078,2,2,0.9187133312225342
fold_02,2,54078,3,3,0.9278460741043091
fold_02,2,54257,1,1,0.9141755700111389
fold_02,2,54257,2,2,0.9251556396484375
fold_02,2,54257,3,3,0.8788586258888245
fold_02,2,54361,1,1,0.9258509874343872
fold_02,2,54361,2,2,0.9154347777366638
fold_02,2,54361,3,3,0.9374314546585083
fold_02,2,54389,1,1,0.9255660176277161
fold_02,2,54389,2,2,0.8138291835784912
fold_02,2,54389,3,3,0.9293711185455322
fold_02,2,54643,1,1,0.8949244022369385
fold_02,2,54643,2,2,0.9173815250396729
fold_02,2,54643,3,3,0.898935854434967
fold_02,2,54683,1,1,0.9001947641372681
fold_02,2,54683,2,2,0.9158604145050049
fold_02,2,54683,3,3,0.9221096634864807
fold_02,2,54698,1,1,0.9149776101112366
fold_02,2,54698,2,2,0.9004393219947815
fold_02,2,54698,3,3,0.917506217956543
fold_02,2,54913,1,1,0.9424359798431396
fold_02,2,54913,2,2,0.9129356741905212
fold_02,2,54913,3,3,0.8870828151702881
fold_02,2,54959,1,1,0.8980104923248291
fold_02,2,54959,2,2,0.9081445932388306
fold_02,2,54959,3,3,0.9136325716972351
fold_02,2,55005,1,1,0.9445446729660034
fold_02,2,55005,2,2,0.929250955581665
fold_02,2,55005,3,3,0.9125491976737976
fold_02,2,55107,1,1,0.9377401471138
fold_02,2,55107,2,2,0.9435449838638306
fold_02,2,55107,3,3,0.9329598546028137
fold_02,2,55163,1,1,0.9095407128334045
fold_02,2,55163,2,2,0.8829904794692993
fold_02,2,55163,3,3,0.9212885499000549
fold_02,2,55405,1,1,0.9194977283477783
fold_02,2,55405,2,2,0.8911924958229065
fold_02,2,55405,3,3,0.9393130540847778
fold_02,2,55408,1,1,0.9339030981063843
fold_02,2,55408,2,2,0.9165984392166138
fold_02,2,55408,3,3,0.9092034697532654
fold_02,2,55526,1,1,0.9155292510986328
fold_02,2,55526,2,2,0.9237282276153564
fold_02,2,55526,3,3,0.9295846223831177
fold_02,2,55649,1,1,0.9216098785400391
fold_02,2,55649,2,2,0.9027252793312073
fold_02,2,55649,3,3,0.9234330654144287
fold_02,2,55669,1,1,0.929362952709198
fold_02,2,55669,2,2,0.9247618317604065
fold_02,2,55669,3,3,0.9308377504348755
fold_02,2,55678,1,1,0.8190178871154785
fold_02,2,55678,2,2,0.9152703285217285
fold_02,2,55678,3,3,0.9085841774940491
fold_02,2,55857,1,1,0.948391854763031
fold_02,2,55857,2,2,0.9293843507766724
fold_02,2,55857,3,3,0.917762041091919
fold_02,2,55933,1,1,0.8626921772956848
fold_02,2,55933,2,2,0.9323437213897705
fold_02,2,55933,3,3,0.9204546213150024
fold_02,2,55968,1,1,0.9199974536895752
fold_02,2,55968,2,2,0.931287407875061
fold_02,2,55968,3,3,0.9155542254447937
fold_02,2,55969,1,1,0.9140857458114624
fold_02,2,55969,2,2,0.9051761627197266
fold_02,2,55969,3,3,0.9211046099662781
fold_02,2,56042,1,1,0.9508380889892578
fold_02,2,56042,2,2,0.934592604637146
fold_02,2,56042,3,3,0.9364185929298401
fold_02,2,56066,1,1,0.9173228740692139
fold_02,2,56066,2,2,0.9108312129974365
fold_02,2,56066,3,3,0.8844189643859863
fold_02,2,56154,1,1,0.914557933807373
fold_02,2,56154,2,2,0.9213788509368896
fold_02,2,56154,3,3,0.9253122210502625
fold_02,2,56269,1,1,0.8827189803123474
fold_02,2,56269,2,2,0.9321476221084595
fold_02,2,56269,3,3,0.9126262664794922
fold_02,2,56290,1,1,0.928377091884613
fold_02,2,56290,2,2,0.9228111505508423
fold_02,2,56290,3,3,0.9330565333366394
fold_02,2,56314,1,1,0.9320886135101318
fold_02,2,56314,2,2,0.9363895058631897
fold_02,2,56314,3,3,0.9335564374923706
fold_02,2,56454,1,1,0.8857748508453369
fold_02,2,56454,2,2,0.8942329287528992
fold_02,2,56454,3,3,0.9234229326248169
fold_02,2,56471,1,1,0.8985660076141357
fold_02,2,56471,2,2,0.8844131827354431
fold_02,2,56471,3,3,0.8748935461044312
fold_02,2,56681,1,1,0.9509076476097107
fold_02,2,56681,2,2,0.913367509841919
fold_02,2,56681,3,3,0.9203005433082581
fold_02,2,56723,1,1,0.9525190591812134
fold_02,2,56723,2,2,0.9395092725753784
fold_02,2,56723,3,3,0.9301167726516724
fold_02,2,56751,1,1,0.9164353013038635
fold_02,2,56751,2,2,0.9125596284866333
fold_02,2,56751,3,3,0.9294976592063904
fold_02,2,56784,1,1,0.9385843873023987
fold_02,2,56784,2,2,0.9078846573829651
fold_02,2,56784,3,3,0.8909205198287964
fold_02,2,56850,1,1,0.929114043712616
fold_02,2,56850,2,2,0.9247114658355713
fold_02,2,56850,3,3,0.9343555569648743
fold_02,2,56867,1,1,0.9457564949989319
fold_02,2,56867,2,2,0.9181007146835327
fold_02,2,56867,3,3,0.8956983089447021
fold_02,2,56911,1,1,0.9256330132484436
fold_02,2,56911,2,2,0.9160877466201782
fold_02,2,56911,3,3,0.9154322743415833
fold_02,2,56948,1,1,0.8975591659545898
fold_02,2,56948,2,2,0.9322277307510376
fold_02,2,56948,3,3,0.9400731325149536
fold_02,2,57046,1,1,0.9441143870353699
fold_02,2,57046,2,2,0.9434072971343994
fold_02,2,57046,3,3,0.9175004959106445
fold_02,2,57060,1,1,0.8894855976104736
fold_02,2,57060,2,2,0.912277340888977
fold_02,2,57060,3,3,0.9001497626304626
fold_02,2,57435,1,1,0.9444829821586609
fold_02,2,57435,2,2,0.9180693626403809
fold_02,2,57435,3,3,0.9340100288391113
fold_02,2,57478,1,1,0.9078162312507629
fold_02,2,57478,2,2,0.9160011410713196
fold_02,2,57478,3,3,0.9233928918838501
fold_02,2,57553,1,1,0.934889018535614
fold_02,2,57553,2,2,0.9346009492874146
fold_02,2,57553,3,3,0.9356272220611572
fold_02,2,57650,1,1,0.9430246353149414
fold_02,2,57650,2,2,0.9061492681503296
fold_02,2,57650,3,3,0.9581902623176575
fold_02,2,57681,1,1,0.8996012210845947
fold_02,2,57681,2,2,0.9140732288360596
fold_02,2,57681,3,3,0.9367124438285828
fold_02,2,57822,1,1,0.939828097820282
fold_02,2,57822,2,2,0.9246711730957031
fold_02,2,57822,3,3,0.9357414841651917
fold_02,2,57838,1,1,0.9459123015403748
fold_02,2,57838,2,2,0.9284489154815674
fold_02,2,57838,3,3,0.9423351287841797
fold_02,2,57906,1,1,0.9249250888824463
fold_02,2,57906,2,2,0.9377359747886658
fold_02,2,57906,3,3,0.9256548881530762
fold_02,2,58096,1,1,0.9383784532546997
fold_02,2,58096,2,2,0.9090657830238342
fold_02,2,58096,3,3,0.9063243865966797
fold_02,2,58144,1,1,0.951460599899292
fold_02,2,58144,2,2,0.9526695013046265
fold_02,2,58144,3,3,0.8556921482086182
fold_02,2,58164,1,1,0.9197869300842285
fold_02,2,58164,2,2,0.8619132041931152
fold_02,2,58164,3,3,0.9174175262451172
fold_02,2,58187,1,1,0.9266499280929565
fold_02,2,58187,2,2,0.9147704839706421
fold_02,2,58187,3,3,0.9309496879577637
fold_02,2,58404,1,1,0.9398602247238159
fold_02,2,58404,2,2,0.8983689546585083
fold_02,2,58404,3,3,0.9459500312805176
fold_02,2,59023,1,1,0.9332503080368042
fold_02,2,59023,2,2,0.9133409261703491
fold_02,2,59023,3,3,0.9431557059288025
fold_02,2,59039,1,1,0.9288453459739685
fold_02,2,59039,2,2,0.9215032458305359
fold_02,2,59039,3,3,0.9259281754493713
fold_02,2,59046,1,1,0.9414904117584229
fold_02,2,59046,2,2,0.9354358315467834
fold_02,2,59046,3,3,0.9387356042861938
fold_02,2,59194,1,1,0.9077942371368408
fold_02,2,59194,2,2,0.9398645758628845
fold_02,2,59194,3,3,0.9393501877784729
fold_02,2,59284,1,1,0.9166221618652344
fold_02,2,59284,2,2,0.9048541784286499
fold_02,2,59284,3,3,0.8890011310577393
fold_02,2,59585,1,1,0.9376820921897888
fold_02,2,59585,2,2,0.9478365182876587
fold_02,2,59585,3,3,0.9250280261039734
fold_02,2,59595,1,1,0.9353933334350586
fold_02,2,59595,2,2,0.9344119429588318
fold_02,2,59595,3,3,0.8787779808044434
fold_02,2,59631,1,1,0.9255385398864746
fold_02,2,59631,2,2,0.9417757391929626
fold_02,2,59631,3,3,0.8986451625823975
fold_02,2,59699,1,1,0.945249080657959
fold_02,2,59699,2,2,0.9323952198028564
fold_02,2,59699,3,3,0.9083181619644165
fold_02,2,59817,1,1,0.9246273636817932
fold_02,2,59817,2,2,0.9172453284263611
fold_02,2,59817,3,3,0.925948977470398
fold_02,2,59994,1,1,0.9197570085525513
fold_02,2,59994,2,2,0.9193482398986816
fold_02,2,59994,3,3,0.8940210342407227
fold_02,2,60094,1,1,0.932103157043457
fold_02,2,60094,2,2,0.9128873348236084
fold_02,2,60094,3,3,0.887487530708313
fold_02,2,60186,1,1,0.931111216545105
fold_02,2,60186,2,2,0.9347368478775024
fold_02,2,60186,3,3,0.9287973642349243
fold_02,2,60251,1,1,0.9287564158439636
fold_02,2,60251,2,2,0.9366685748100281
fold_02,2,60251,3,3,0.9254391193389893
fold_02,2,60305,1,1,0.9519802331924438
fold_02,2,60305,2,2,0.9132913947105408
fold_02,2,60305,3,3,0.9075735807418823
fold_02,2,60505,1,1,0.9351085424423218
fold_02,2,60505,2,2,0.9391041994094849
fold_02,2,60505,3,3,0.9255427718162537
fold_02,2,60553,1,1,0.9361655116081238
fold_02,2,60553,2,2,0.877661406993866
fold_02,2,60553,3,3,0.9417639970779419
fold_02,2,60845,1,1,0.9401640295982361
fold_02,2,60845,2,2,0.9437767267227173
fold_02,2,60845,3,3,0.9313329458236694
fold_02,2,60867,1,1,0.9143297076225281
fold_02,2,60867,2,2,0.8906421661376953
fold_02,2,60867,3,3,0.9403812885284424
fold_02,2,61122,1,1,0.9432568550109863
fold_02,2,61122,2,2,0.9500837922096252
fold_02,2,61122,3,3,0.9092338681221008
fold_02,2,61133,1,1,0.9334556460380554
fold_02,2,61133,2,2,0.9201100468635559
fold_02,2,61133,3,3,0.8664963245391846
fold_02,2,61177,1,1,0.9118272662162781
fold_02,2,61177,2,2,0.9209156036376953
fold_02,2,61177,3,3,0.9163986444473267
fold_02,2,61216,1,1,0.9233250021934509
fold_02,2,61216,2,2,0.9374143481254578
fold_02,2,61216,3,3,0.9454113245010376
fold_02,2,61510,1,1,0.916736364364624
fold_02,2,61510,2,2,0.9034145474433899
fold_02,2,61510,3,3,0.9316819906234741
fold_02,2,61513,1,1,0.9298120737075806
fold_02,2,61513,2,2,0.8948770761489868
fold_02,2,61513,3,3,0.8658040761947632
fold_02,2,61677,1,1,0.920878529548645
fold_02,2,61677,2,2,0.9390447735786438
fold_02,2,61677,3,3,0.9185078740119934
fold_02,2,61738,1,1,0.9352874159812927
fold_02,2,61738,2,2,0.9464184045791626
fold_02,2,61738,3,3,0.9488486647605896
fold_02,2,61748,1,1,0.9326167106628418
fold_02,2,61748,2,2,0.9511407017707825
fold_02,2,61748,3,3,0.93892902135849
fold_02,2,61752,1,1,0.9346339702606201
fold_02,2,61752,2,2,0.9301279187202454
fold_02,2,61752,3,3,0.9231215119361877
fold_02,2,61797,1,1,0.916817307472229
fold_02,2,61797,2,2,0.929948091506958
fold_02,2,61797,3,3,0.9388462901115417
fold_02,2,61809,1,1,0.8746088147163391
fold_02,2,61809,2,2,0.9567022323608398
fold_02,2,61809,3,3,0.948901891708374
fold_02,2,61873,1,1,0.9317551255226135
fold_02,2,61873,2,2,0.9356008768081665
fold_02,2,61873,3,3,0.9364839196205139
fold_02,2,61972,1,1,0.9036950469017029
fold_02,2,61972,2,2,0.8719466924667358
fold_02,2,61972,3,3,0.9412063360214233
fold_02,2,62006,1,1,0.9353424310684204
fold_02,2,62006,2,2,0.9352765083312988
fold_02,2,62006,3,3,0.9303436279296875
fold_02,2,62015,1,1,0.9304563999176025
fold_02,2,62015,2,2,0.9094584584236145
fold_02,2,62015,3,3,0.9082072973251343
fold_02,2,62209,1,1,0.9492588043212891
fold_02,2,62209,2,2,0.9365919828414917
fold_02,2,62209,3,3,0.9315577745437622
fold_02,2,62228,1,1,0.93210768699646
fold_02,2,62228,2,2,0.9018792510032654
fold_02,2,62228,3,3,0.9322958588600159
fold_02,2,62275,1,1,0.9432222843170166
fold_02,2,62275,2,2,0.9297641515731812
fold_02,2,62275,3,3,0.8722987174987793
fold_02,2,62302,1,1,0.9473828077316284
fold_02,2,62302,2,2,0.9258930087089539
fold_02,2,62302,3,3,0.9261761903762817
fold_02,2,62479,1,1,0.9440306425094604
fold_02,2,62479,2,2,0.9149622321128845
fold_02,2,62479,3,3,0.923940122127533
fold_02,2,62544,1,1,0.9522655010223389
fold_02,2,62544,2,2,0.9418575763702393
fold_02,2,62544,3,3,0.9349632263183594
fold_02,2,62561,1,1,0.9367246627807617
fold_02,2,62561,2,2,0.9117180705070496
fold_02,2,62561,3,3,0.9030798077583313
fold_02,2,62683,1,1,0.9448456764221191
fold_02,2,62683,2,2,0.9065604209899902
fold_02,2,62683,3,3,0.9301377534866333
fold_02,2,62960,1,1,0.9394838213920593
fold_02,2,62960,2,2,0.9533963799476624
fold_02,2,62960,3,3,0.9300695061683655
fold_02,2,63081,1,1,0.8982589244842529
fold_02,2,63081,2,2,0.9167242050170898
fold_02,2,63081,3,3,0.9106283783912659
fold_02,2,63182,1,1,0.9198524951934814
fold_02,2,63182,2,2,0.9282351732254028
fold_02,2,63182,3,3,0.9367408156394958
fold_02,2,63746,1,1,0.9226266145706177
fold_02,2,63746,2,2,0.8937077522277832
fold_02,2,63746,3,3,0.9489976763725281
fold_02,2,63825,1,1,0.9226717352867126
fold_02,2,63825,2,2,0.9219105839729309
fold_02,2,63825,3,3,0.9131572246551514
fold_02,2,63931,1,1,0.9257093071937561
fold_02,2,63931,2,2,0.9182363748550415
fold_02,2,63931,3,3,0.937769889831543
fold_02,2,63944,1,1,0.9184723496437073
fold_02,2,63944,2,2,0.8630009889602661
fold_02,2,63944,3,3,0.9267683625221252
fold_02,2,64004,1,1,0.8977117538452148
fold_02,2,64004,2,2,0.9248613119125366
fold_02,2,64004,3,3,0.9219493865966797
fold_02,2,64096,1,1,0.9148589968681335
fold_02,2,64096,2,2,0.9517220258712769
fold_02,2,64096,3,3,0.9250929355621338
fold_02,2,64295,1,1,0.9413992762565613
fold_02,2,64295,2,2,0.9133808612823486
fold_02,2,64295,3,3,0.9040685892105103
fold_02,2,64483,1,1,0.9306743144989014
fold_02,2,64483,2,2,0.9002061486244202
fold_02,2,64483,3,3,0.8981301784515381
fold_02,2,64498,1,1,0.9283793568611145
fold_02,2,64498,2,2,0.9271561503410339
fold_02,2,64498,3,3,0.927295446395874
fold_02,2,64615,1,1,0.9004034996032715
fold_02,2,64615,2,2,0.9153798818588257
fold_02,2,64615,3,3,0.9154919385910034
fold_02,2,64621,1,1,0.9147118330001831
fold_02,2,64621,2,2,0.9347079396247864
fold_02,2,64621,3,3,0.8951625823974609
fold_02,2,64867,1,1,0.9382826089859009
fold_02,2,64867,2,2,0.9391701817512512
fold_02,2,64867,3,3,0.9331494569778442
fold_02,2,64880,1,1,0.8984104990959167
fold_02,2,64880,2,2,0.9343404769897461
fold_02,2,64880,3,3,0.8721712827682495
fold_02,2,65010,1,1,0.9122110605239868
fold_02,2,65010,2,2,0.9328897595405579
fold_02,2,65010,3,3,0.8701685070991516
fold_02,2,65069,1,1,0.9490320682525635
fold_02,2,65069,2,2,0.9190871715545654
fold_02,2,65069,3,3,0.8595477342605591
fold_02,2,65148,1,1,0.9331163763999939
fold_02,2,65148,2,2,0.9139231443405151
fold_02,2,65148,3,3,0.9318451285362244
fold_02,2,65187,1,1,0.9107763767242432
fold_02,2,65187,2,2,0.9392382502555847
fold_02,2,65187,3,3,0.9054788947105408
fold_02,2,65253,1,1,0.9372628331184387
fold_02,2,65253,2,2,0.9386030435562134
fold_02,2,65253,3,3,0.9315603971481323
fold_02,2,65267,1,1,0.9351586103439331
fold_02,2,65267,2,2,0.9008222818374634
fold_02,2,65267,3,3,0.9166157841682434
fold_02,2,65376,1,1,0.9362545013427734
fold_02,2,65376,2,2,0.9227992296218872
fold_02,2,65376,3,3,0.9104073643684387
fold_02,2,65445,1,1,0.9412807822227478
fold_02,2,65445,2,2,0.9156742691993713
fold_02,2,65445,3,3,0.9249493479728699
fold_02,2,65639,1,1,0.9389630556106567
fold_02,2,65639,2,2,0.9219517707824707
fold_02,2,65639,3,3,0.9324369430541992
fold_02,2,65686,1,1,0.9424676895141602
fold_02,2,65686,2,2,0.8926979303359985
fold_02,2,65686,3,3,0.918805718421936
fold_02,2,65769,1,1,0.9304027557373047
fold_02,2,65769,2,2,0.919904351234436
fold_02,2,65769,3,3,0.935186505317688
fold_02,2,65799,1,1,0.9486757516860962
fold_02,2,65799,2,2,0.9353960752487183
fold_02,2,65799,3,3,0.9384090900421143
fold_02,2,65821,1,1,0.9272941946983337
fold_02,2,65821,2,2,0.8903394937515259
fold_02,2,65821,3,3,0.9070238471031189
fold_02,2,65872,1,1,0.9246139526367188
fold_02,2,65872,2,2,0.9431062936782837
fold_02,2,65872,3,3,0.913818359375
fold_02,2,65920,1,1,0.9315208196640015
fold_02,2,65920,2,2,0.9468726515769958
fold_02,2,65920,3,3,0.9099405407905579
fold_02,2,65943,1,1,0.9324836134910583
fold_02,2,65943,2,2,0.9202072024345398
fold_02,2,65943,3,3,0.9089455008506775
fold_02,2,66004,1,1,0.9402580857276917
fold_02,2,66004,2,2,0.9285505414009094
fold_02,2,66004,3,3,0.9161683320999146
fold_02,2,66216,1,1,0.935870885848999
fold_02,2,66216,2,2,0.9264127016067505
fold_02,2,66216,3,3,0.8897755742073059
fold_02,2,66278,1,1,0.9204606413841248
fold_02,2,66278,2,2,0.9205183386802673
fold_02,2,66278,3,3,0.9346999526023865
fold_02,2,66330,1,1,0.9363256692886353
fold_02,2,66330,2,2,0.9437536597251892
fold_02,2,66330,3,3,0.9261320233345032
fold_02,2,66464,1,1,0.9312084317207336
fold_02,2,66464,2,2,0.9424570798873901
fold_02,2,66464,3,3,0.9249357581138611
fold_02,2,66489,1,1,0.9409008026123047
fold_02,2,66489,2,2,0.9417707920074463
fold_02,2,66489,3,3,0.9381173849105835
fold_02,2,66580,1,1,0.9141563773155212
fold_02,2,66580,2,2,0.9348100423812866
fold_02,2,66580,3,3,0.8964427709579468
fold_02,2,66773,1,1,0.8890916705131531
fold_02,2,66773,2,2,0.9166706800460815
fold_02,2,66773,3,3,0.9327235221862793
fold_02,2,66836,1,1,0.9328263998031616
fold_02,2,66836,2,2,0.9337518215179443
fold_02,2,66836,3,3,0.9356907606124878
fold_02,2,66946,1,1,0.9397000670433044
fold_02,2,66946,2,2,0.8776221871376038
fold_02,2,66946,3,3,0.9387913942337036
fold_02,2,66976,1,1,0.9208543300628662
fold_02,2,66976,2,2,0.9473004937171936
fold_02,2,66976,3,3,0.9320223927497864
fold_02,2,67045,1,1,0.9364393949508667
fold_02,2,67045,2,2,0.9158241748809814
fold_02,2,67045,3,3,0.9173418879508972
fold_02,2,67113,1,1,0.9219373464584351
fold_02,2,67113,2,2,0.9117124080657959
fold_02,2,67113,3,3,0.916769802570343
fold_02,2,67168,1,1,0.9076370000839233
fold_02,2,67168,2,2,0.9244022369384766
fold_02,2,67168,3,3,0.9401568174362183
fold_02,2,67204,1,1,0.9432520270347595
fold_02,2,67204,2,2,0.9142179489135742
fold_02,2,67204,3,3,0.9395736455917358
fold_02,2,67237,1,1,0.9375796318054199
fold_02,2,67237,2,2,0.9107005596160889
fold_02,2,67237,3,3,0.9233601093292236
fold_02,2,67295,1,1,0.9229661226272583
fold_02,2,67295,2,2,0.9237071871757507
fold_02,2,67295,3,3,0.937857449054718
fold_02,2,67742,1,1,0.9254952669143677
fold_02,2,67742,2,2,0.930260419845581
fold_02,2,67742,3,3,0.9388882517814636
fold_02,2,67802,1,1,0.9150069355964661
fold_02,2,67802,2,2,0.9300547242164612
fold_02,2,67802,3,3,0.9139638543128967
fold_02,2,67829,1,1,0.9389601945877075
fold_02,2,67829,2,2,0.9279110431671143
fold_02,2,67829,3,3,0.9254419207572937
fold_02,2,68168,1,1,0.9180843830108643
fold_02,2,68168,2,2,0.9330356121063232
fold_02,2,68168,3,3,0.9280734658241272
fold_02,2,68278,1,1,0.9461081624031067
fold_02,2,68278,2,2,0.9357097148895264
fold_02,2,68278,3,3,0.9497538805007935
fold_02,2,68311,1,1,0.9465885758399963
fold_02,2,68311,2,2,0.9116421937942505
fold_02,2,68311,3,3,0.9346146583557129
fold_02,2,68339,1,1,0.9509270191192627
fold_02,2,68339,2,2,0.9473953247070312
fold_02,2,68339,3,3,0.9250460267066956
fold_02,2,68418,1,1,0.9517989158630371
fold_02,2,68418,2,2,0.9325427412986755
fold_02,2,68418,3,3,0.9323294162750244
fold_02,2,68471,1,1,0.9174068570137024
fold_02,2,68471,2,2,0.9243384599685669
fold_02,2,68471,3,3,0.9256751537322998
fold_02,2,68741,1,1,0.9148668050765991
fold_02,2,68741,2,2,0.9400818943977356
fold_02,2,68741,3,3,0.92710280418396
fold_02,2,68814,1,1,0.8930166959762573
fold_02,2,68814,2,2,0.9207016825675964
fold_02,2,68814,3,3,0.9211246967315674
fold_02,2,68842,1,1,0.9404065608978271
fold_02,2,68842,2,2,0.919803261756897
fold_02,2,68842,3,3,0.9347492456436157
fold_02,2,68858,1,1,0.9298560619354248
fold_02,2,68858,2,2,0.897457480430603
fold_02,2,68858,3,3,0.933273196220398
fold_02,2,68897,1,1,0.9636847376823425
fold_02,2,68897,2,2,0.9273350238800049
fold_02,2,68897,3,3,0.9392193555831909
fold_02,2,69007,1,1,0.9395009875297546
fold_02,2,69007,2,2,0.9522390961647034
fold_02,2,69007,3,3,0.9372656941413879
fold_02,2,69130,1,1,0.9271669983863831
fold_02,2,69130,2,2,0.9160233736038208
fold_02,2,69130,3,3,0.9055012464523315
fold_02,2,69214,1,1,0.9304109811782837
fold_02,2,69214,2,2,0.9538231492042542
fold_02,2,69214,3,3,0.9359692335128784
fold_02,2,69240,1,1,0.9295947551727295
fold_02,2,69240,2,2,0.9454202055931091
fold_02,2,69240,3,3,0.9368875622749329
fold_02,2,69502,1,1,0.9099774360656738
fold_02,2,69502,2,2,0.859750509262085
fold_02,2,69502,3,3,0.9326170682907104
fold_02,2,69614,1,1,0.9009671807289124
fold_02,2,69614,2,2,0.8994674682617188
fold_02,2,69614,3,3,0.9233008623123169
fold_02,2,69813,1,1,0.9465763568878174
fold_02,2,69813,2,2,0.9220731258392334
fold_02,2,69813,3,3,0.9253599643707275
fold_02,2,69831,1,1,0.9054533243179321
fold_02,2,69831,2,2,0.9210418462753296
fold_02,2,69831,3,3,0.936683177947998
fold_02,2,69839,1,1,0.9451125264167786
fold_02,2,69839,2,2,0.9270398616790771
fold_02,2,69839,3,3,0.9348077774047852
fold_02,2,69854,1,1,0.9302688241004944
fold_02,2,69854,2,2,0.9001086950302124
fold_02,2,69854,3,3,0.8982594013214111
fold_02,2,69918,1,1,0.9244378209114075
fold_02,2,69918,2,2,0.9330971240997314
fold_02,2,69918,3,3,0.9237008094787598
fold_02,2,70075,1,1,0.9349534511566162
fold_02,2,70075,2,2,0.9496027827262878
fold_02,2,70075,3,3,0.9415324926376343
fold_02,2,70095,1,1,0.9367765784263611
fold_02,2,70095,2,2,0.9053539037704468
fold_02,2,70095,3,3,0.9442211985588074
fold_02,2,70193,1,1,0.9171244502067566
fold_02,2,70193,2,2,0.8736268281936646
fold_02,2,70193,3,3,0.9034647345542908
fold_02,2,70232,1,1,0.9352582693099976
fold_02,2,70232,2,2,0.9393911957740784
fold_02,2,70232,3,3,0.9291825890541077
fold_02,2,70335,1,1,0.9024185538291931
fold_02,2,70335,2,2,0.9313409328460693
fold_02,2,70335,3,3,0.9252166748046875
fold_02,2,70360,1,1,0.9352264404296875
fold_02,2,70360,2,2,0.89937824010849
fold_02,2,70360,3,3,0.9261126518249512
fold_02,2,70427,1,1,0.9373044371604919
fold_02,2,70427,2,2,0.9466952681541443
fold_02,2,70427,3,3,0.9278507828712463
fold_02,2,70505,1,1,0.9431701302528381
fold_02,2,70505,2,2,0.9091544151306152
fold_02,2,70505,3,3,0.9364638924598694
fold_02,2,71229,1,1,0.9020602703094482
fold_02,2,71229,2,2,0.9143673181533813
fold_02,2,71229,3,3,0.927227258682251
fold_02,2,71232,1,1,0.9413566589355469
fold_02,2,71232,2,2,0.9258779883384705
fold_02,2,71232,3,3,0.9110252261161804
fold_02,2,71241,1,1,0.947733998298645
fold_02,2,71241,2,2,0.9395117163658142
fold_02,2,71241,3,3,0.9180110692977905
fold_02,2,71410,1,1,0.9135814905166626
fold_02,2,71410,2,2,0.9376105666160583
fold_02,2,71410,3,3,0.9413397908210754
fold_02,2,71450,1,1,0.9430801272392273
fold_02,2,71450,2,2,0.9133920669555664
fold_02,2,71450,3,3,0.912024974822998
fold_02,2,71753,1,1,0.9441086649894714
fold_02,2,71753,2,2,0.9080988168716431
fold_02,2,71753,3,3,0.9213123917579651
fold_02,2,71894,1,1,0.9243123531341553
fold_02,2,71894,2,2,0.9207605123519897
fold_02,2,71894,3,3,0.920653223991394
fold_02,2,72015,1,1,0.9469431042671204
fold_02,2,72015,2,2,0.9280704855918884
fold_02,2,72015,3,3,0.9285556674003601
fold_02,2,72080,1,1,0.9273620843887329
fold_02,2,72080,2,2,0.9203099012374878
fold_02,2,72080,3,3,0.8982008099555969
fold_02,2,72209,1,1,0.9158389568328857
fold_02,2,72209,2,2,0.9335283041000366
fold_02,2,72209,3,3,0.9241846799850464
fold_02,2,72312,1,1,0.9425618052482605
fold_02,2,72312,2,2,0.9145727157592773
fold_02,2,72312,3,3,0.9363632798194885
fold_02,2,72510,1,1,0.9235054850578308
fold_02,2,72510,2,2,0.8922966718673706
fold_02,2,72510,3,3,0.9226275682449341
fold_02,2,72605,1,1,0.9155632257461548
fold_02,2,72605,2,2,0.9156242609024048
fold_02,2,72605,3,3,0.9310840964317322
fold_02,2,72719,1,1,0.9280264377593994
fold_02,2,72719,2,2,0.9193524122238159
fold_02,2,72719,3,3,0.9220014214515686
fold_02,2,72948,1,1,0.9417533278465271
fold_02,2,72948,2,2,0.9258038401603699
fold_02,2,72948,3,3,0.9347953200340271
fold_03,3,3049,1,1,0.9063444137573242
fold_03,3,3049,2,2,0.9369385838508606
fold_03,3,3049,3,3,0.9457505345344543
fold_03,3,3077,1,1,0.9282756447792053
fold_03,3,3077,2,2,0.9608049988746643
fold_03,3,3077,3,3,0.955083429813385
fold_03,3,3157,1,1,0.8338497877120972
fold_03,3,3157,2,2,0.9286460876464844
fold_03,3,3157,3,3,0.9384551644325256
fold_03,3,3164,1,1,0.9570575952529907
fold_03,3,3164,2,2,0.9582173228263855
fold_03,3,3164,3,3,0.9421054720878601
fold_03,3,3171,1,1,0.9361423850059509
fold_03,3,3171,2,2,0.9216794967651367
fold_03,3,3171,3,3,0.9194053411483765
fold_03,3,3386,1,1,0.9224812984466553
fold_03,3,3386,2,2,0.9134682416915894
fold_03,3,3386,3,3,0.9251509308815002
fold_03,3,3434,1,1,0.9304388165473938
fold_03,3,3434,2,2,0.949769914150238
fold_03,3,3434,3,3,0.9135830998420715
fold_03,3,3449,1,1,0.9434845447540283
fold_03,3,3449,2,2,0.9384014010429382
fold_03,3,3449,3,3,0.9470323920249939
fold_03,3,3489,1,1,0.9170568585395813
fold_03,3,3489,2,2,0.9413349032402039
fold_03,3,3489,3,3,0.9527047276496887
fold_03,3,3626,1,1,0.9474620819091797
fold_03,3,3626,2,2,0.9548691511154175
fold_03,3,3626,3,3,0.8974344730377197
fold_03,3,3682,1,1,0.906190812587738
fold_03,3,3682,2,2,0.8918170928955078
fold_03,3,3682,3,3,0.9322826862335205
fold_03,3,3687,1,1,0.9406886100769043
fold_03,3,3687,2,2,0.9411174058914185
fold_03,3,3687,3,3,0.9453208446502686
fold_03,3,3809,1,1,0.9334278106689453
fold_03,3,3809,2,2,0.9150497913360596
fold_03,3,3809,3,3,0.9448468089103699
fold_03,3,3842,1,1,0.946664035320282
fold_03,3,3842,2,2,0.9280065894126892
fold_03,3,3842,3,3,0.9564944505691528
fold_03,3,3847,1,1,0.9606765508651733
fold_03,3,3847,2,2,0.8780384063720703
fold_03,3,3847,3,3,0.9539244771003723
fold_03,3,3856,1,1,0.9315629005432129
fold_03,3,3856,2,2,0.9384576082229614
fold_03,3,3856,3,3,0.9348371624946594
fold_03,3,3913,1,1,0.937324047088623
fold_03,3,3913,2,2,0.9312381148338318
fold_03,3,3913,3,3,0.952849805355072
fold_03,3,4051,1,1,0.8831044435501099
fold_03,3,4051,2,2,0.9364054799079895
fold_03,3,4051,3,3,0.910276472568512
fold_03,3,4058,1,1,0.951734721660614
fold_03,3,4058,2,2,0.8964784741401672
fold_03,3,4058,3,3,0.9216777682304382
fold_03,3,4129,1,1,0.9527841806411743
fold_03,3,4129,2,2,0.9176983833312988
fold_03,3,4129,3,3,0.9103025197982788
fold_03,3,4249,1,1,0.941798985004425
fold_03,3,4249,2,2,0.9104585647583008
fold_03,3,4249,3,3,0.9509302973747253
fold_03,3,4423,1,1,0.952940046787262
fold_03,3,4423,2,2,0.9143819212913513
fold_03,3,4423,3,3,0.9552554488182068
fold_03,3,4667,1,1,0.9336681962013245
fold_03,3,4667,2,2,0.9451726675033569
fold_03,3,4667,3,3,0.9386550188064575
fold_03,3,4690,1,1,0.9511227011680603
fold_03,3,4690,2,2,0.9380171895027161
fold_03,3,4690,3,3,0.9542626738548279
fold_03,3,4786,1,1,0.9521543383598328
fold_03,3,4786,2,2,0.9053053855895996
fold_03,3,4786,3,3,0.9478737711906433
fold_03,3,4835,1,1,0.9597225189208984
fold_03,3,4835,2,2,0.9234486818313599
fold_03,3,4835,3,3,0.8910523056983948
fold_03,3,4869,1,1,0.9686878323554993
fold_03,3,4869,2,2,0.9292052984237671
fold_03,3,4869,3,3,0.9434186220169067
fold_03,3,4892,1,1,0.9080713987350464
fold_03,3,4892,2,2,0.9208739995956421
fold_03,3,4892,3,3,0.900422990322113
fold_03,3,4930,1,1,0.8924093842506409
fold_03,3,4930,2,2,0.9419533610343933
fold_03,3,4930,3,3,0.9386308193206787
fold_03,3,5034,1,1,0.9289167523384094
fold_03,3,5034,2,2,0.8984671235084534
fold_03,3,5034,3,3,0.9253535866737366
fold_03,3,5106,1,1,0.9370018243789673
fold_03,3,5106,2,2,0.9526606202125549
fold_03,3,5106,3,3,0.9512588381767273
fold_03,3,5204,1,1,0.9375075101852417
fold_03,3,5204,2,2,0.9464572072029114
fold_03,3,5204,3,3,0.9125868082046509
fold_03,3,5301,1,1,0.9384644627571106
fold_03,3,5301,2,2,0.9266313314437866
fold_03,3,5301,3,3,0.9671703577041626
fold_03,3,5338,1,1,0.9526523947715759
fold_03,3,5338,2,2,0.909031093120575
fold_03,3,5338,3,3,0.9437533617019653
fold_03,3,5542,1,1,0.9378787875175476
fold_03,3,5542,2,2,0.9172884821891785
fold_03,3,5542,3,3,0.9469348788261414
fold_03,3,5583,1,1,0.9364126324653625
fold_03,3,5583,2,2,0.9498834609985352
fold_03,3,5583,3,3,0.914958655834198
fold_03,3,5602,1,1,0.9549172520637512
fold_03,3,5602,2,2,0.9357010722160339
fold_03,3,5602,3,3,0.9328368306159973
fold_03,3,6199,1,1,0.9208069443702698
fold_03,3,6199,2,2,0.9351088404655457
fold_03,3,6199,3,3,0.9489372372627258
fold_03,3,6431,1,1,0.9433712363243103
fold_03,3,6431,2,2,0.904664158821106
fold_03,3,6431,3,3,0.9541162252426147
fold_03,3,6444,1,1,0.900976300239563
fold_03,3,6444,2,2,0.94821697473526
fold_03,3,6444,3,3,0.9445770382881165
fold_03,3,6489,1,1,0.932956874370575
fold_03,3,6489,2,2,0.9416916966438293
fold_03,3,6489,3,3,0.9384430050849915
fold_03,3,6521,1,1,0.9581791758537292
fold_03,3,6521,2,2,0.9382315278053284
fold_03,3,6521,3,3,0.8932351469993591
fold_03,3,6558,1,1,0.9385125041007996
fold_03,3,6558,2,2,0.9574446678161621
fold_03,3,6558,3,3,0.94009929895401
fold_03,3,6801,1,1,0.8953095078468323
fold_03,3,6801,2,2,0.9158498048782349
fold_03,3,6801,3,3,0.9507325291633606
fold_03,3,7007,1,1,0.9546305537223816
fold_03,3,7007,2,2,0.9392814040184021
fold_03,3,7007,3,3,0.9183711409568787
fold_03,3,7039,1,1,0.9262480139732361
fold_03,3,7039,2,2,0.9302030205726624
fold_03,3,7039,3,3,0.9067901372909546
fold_03,3,7120,1,1,0.9306656718254089
fold_03,3,7120,2,2,0.9512318968772888
fold_03,3,7120,3,3,0.9135633707046509
fold_03,3,7207,1,1,0.8832076191902161
fold_03,3,7207,2,2,0.9561291337013245
fold_03,3,7207,3,3,0.9427022933959961
fold_03,3,7366,1,1,0.9315620064735413
fold_03,3,7366,2,2,0.9016114473342896
fold_03,3,7366,3,3,0.9605157375335693
fold_03,3,7418,1,1,0.8858538269996643
fold_03,3,7418,2,2,0.9513600468635559
fold_03,3,7418,3,3,0.9260576367378235
fold_03,3,7654,1,1,0.9479259848594666
fold_03,3,7654,2,2,0.952893853187561
fold_03,3,7654,3,3,0.9483358860015869
fold_03,3,7840,1,1,0.8862607479095459
fold_03,3,7840,2,2,0.9616546034812927
fold_03,3,7840,3,3,0.8281212449073792
fold_03,3,7859,1,1,0.8933073878288269
fold_03,3,7859,2,2,0.9464126229286194
fold_03,3,7859,3,3,0.9471485614776611
fold_03,3,7944,1,1,0.9582075476646423
fold_03,3,7944,2,2,0.9190553426742554
fold_03,3,7944,3,3,0.9373247623443604
fold_03,3,7948,1,1,0.9503155946731567
fold_03,3,7948,2,2,0.9339577555656433
fold_03,3,7948,3,3,0.9133662581443787
fold_03,3,7954,1,1,0.9539470076560974
fold_03,3,7954,2,2,0.8845587372779846
fold_03,3,7954,3,3,0.935167670249939
fold_03,3,8006,1,1,0.9458912014961243
fold_03,3,8006,2,2,0.9507306814193726
fold_03,3,8006,3,3,0.9391988515853882
fold_03,3,8109,1,1,0.9316679835319519
fold_03,3,8109,2,2,0.9604734778404236
fold_03,3,8109,3,3,0.9410275816917419
fold_03,3,8225,1,1,0.9461141228675842
fold_03,3,8225,2,2,0.9386590719223022
fold_03,3,8225,3,3,0.9292830228805542
fold_03,3,8387,1,1,0.9502940773963928
fold_03,3,8387,2,2,0.9486126899719238
fold_03,3,8387,3,3,0.9529281258583069
fold_03,3,8394,1,1,0.8883767127990723
fold_03,3,8394,2,2,0.9354797005653381
fold_03,3,8394,3,3,0.9427515864372253
fold_03,3,8509,1,1,0.9417127966880798
fold_03,3,8509,2,2,0.9203245639801025
fold_03,3,8509,3,3,0.9498707056045532
fold_03,3,8646,1,1,0.9545580148696899
fold_03,3,8646,2,2,0.9428014159202576
fold_03,3,8646,3,3,0.8310800790786743
fold_03,3,8807,1,1,0.9624420404434204
fold_03,3,8807,2,2,0.9462491869926453
fold_03,3,8807,3,3,0.9375581741333008
fold_03,3,8843,1,1,0.9254730939865112
fold_03,3,8843,2,2,0.9564448595046997
fold_03,3,8843,3,3,0.9310365319252014
fold_03,3,8933,1,1,0.9019131660461426
fold_03,3,8933,2,2,0.9493593573570251
fold_03,3,8933,3,3,0.9515599012374878
fold_03,3,9027,1,1,0.9274981617927551
fold_03,3,9027,2,2,0.945584774017334
fold_03,3,9027,3,3,0.9516851902008057
fold_03,3,9048,1,1,0.9612864255905151
fold_03,3,9048,2,2,0.9205231666564941
fold_03,3,9048,3,3,0.9345093965530396
fold_03,3,9147,1,1,0.954928994178772
fold_03,3,9147,2,2,0.9431153535842896
fold_03,3,9147,3,3,0.952766478061676
fold_03,3,9434,1,1,0.9478791952133179
fold_03,3,9434,2,2,0.9607961773872375
fold_03,3,9434,3,3,0.9525372982025146
fold_03,3,9917,1,1,0.9538100361824036
fold_03,3,9917,2,2,0.9202767014503479
fold_03,3,9917,3,3,0.9504864811897278
fold_03,3,10006,1,1,0.9395273327827454
fold_03,3,10006,2,2,0.9222384095191956
fold_03,3,10006,3,3,0.90883868932724
fold_03,3,10046,1,1,0.944040834903717
fold_03,3,10046,2,2,0.9463380575180054
fold_03,3,10046,3,3,0.909809947013855
fold_03,3,10064,1,1,0.960342288017273
fold_03,3,10064,2,2,0.8929011821746826
fold_03,3,10064,3,3,0.9361283183097839
fold_03,3,10105,1,1,0.9497960805892944
fold_03,3,10105,2,2,0.9527163505554199
fold_03,3,10105,3,3,0.963148295879364
fold_03,3,10107,1,1,0.9355360269546509
fold_03,3,10107,2,2,0.9567830562591553
fold_03,3,10107,3,3,0.9273347854614258
fold_03,3,10244,1,1,0.9266939163208008
fold_03,3,10244,2,2,0.9107593297958374
fold_03,3,10244,3,3,0.9318823218345642
fold_03,3,10471,1,1,0.9408740401268005
fold_03,3,10471,2,2,0.9377051591873169
fold_03,3,10471,3,3,0.9588897824287415
fold_03,3,10507,1,1,0.9552674889564514
fold_03,3,10507,2,2,0.9429460763931274
fold_03,3,10507,3,3,0.955310046672821
fold_03,3,11159,1,1,0.915233850479126
fold_03,3,11159,2,2,0.9429196715354919
fold_03,3,11159,3,3,0.9400837421417236
fold_03,3,11333,1,1,0.952729344367981
fold_03,3,11333,2,2,0.9448157548904419
fold_03,3,11333,3,3,0.9500755071640015
fold_03,3,11521,1,1,0.9450703263282776
fold_03,3,11521,2,2,0.9339065551757812
fold_03,3,11521,3,3,0.9433133006095886
fold_03,3,11617,1,1,0.95286625623703
fold_03,3,11617,2,2,0.9430188536643982
fold_03,3,11617,3,3,0.9608014225959778
fold_03,3,11635,1,1,0.9400912523269653
fold_03,3,11635,2,2,0.9393305778503418
fold_03,3,11635,3,3,0.947248637676239
fold_03,3,11689,1,1,0.9083561897277832
fold_03,3,11689,2,2,0.9256270527839661
fold_03,3,11689,3,3,0.9297959208488464
fold_03,3,11725,1,1,0.9483770132064819
fold_03,3,11725,2,2,0.9622536897659302
fold_03,3,11725,3,3,0.9385106563568115
fold_03,3,11796,1,1,0.9364097118377686
fold_03,3,11796,2,2,0.9356003403663635
fold_03,3,11796,3,3,0.958117663860321
fold_03,3,11837,1,1,0.8920885324478149
fold_03,3,11837,2,2,0.9168395400047302
fold_03,3,11837,3,3,0.9491756558418274
fold_03,3,11844,1,1,0.9640663266181946
fold_03,3,11844,2,2,0.9495437741279602
fold_03,3,11844,3,3,0.9511743187904358
fold_03,3,11932,1,1,0.8874828219413757
fold_03,3,11932,2,2,0.9300617575645447
fold_03,3,11932,3,3,0.9430599808692932
fold_03,3,11942,1,1,0.9461922645568848
fold_03,3,11942,2,2,0.927147626876831
fold_03,3,11942,3,3,0.9164345860481262
fold_03,3,11952,1,1,0.925140380859375
fold_03,3,11952,2,2,0.9600644111633301
fold_03,3,11952,3,3,0.9590340256690979
fold_03,3,12308,1,1,0.9442945122718811
fold_03,3,12308,2,2,0.8826144337654114
fold_03,3,12308,3,3,0.9555574655532837
fold_03,3,12685,1,1,0.9277538657188416
fold_03,3,12685,2,2,0.9486576318740845
fold_03,3,12685,3,3,0.928952693939209
fold_03,3,12796,1,1,0.9472016096115112
fold_03,3,12796,2,2,0.9129732847213745
fold_03,3,12796,3,3,0.950658917427063
fold_03,3,12922,1,1,0.9557894468307495
fold_03,3,12922,2,2,0.9227665662765503
fold_03,3,12922,3,3,0.9484971165657043
fold_03,3,13138,1,1,0.9023358225822449
fold_03,3,13138,2,2,0.9460723400115967
fold_03,3,13138,3,3,0.959484875202179
fold_03,3,13230,1,1,0.918547511100769
fold_03,3,13230,2,2,0.9578771591186523
fold_03,3,13230,3,3,0.9330923557281494
fold_03,3,13312,1,1,0.9282931089401245
fold_03,3,13312,2,2,0.9386899471282959
fold_03,3,13312,3,3,0.9631190896034241
fold_03,3,13314,1,1,0.921758234500885
fold_03,3,13314,2,2,0.9431198239326477
fold_03,3,13314,3,3,0.9484262466430664
fold_03,3,13613,1,1,0.9480631351470947
fold_03,3,13613,2,2,0.962613582611084
fold_03,3,13613,3,3,0.9374948143959045
fold_03,3,13720,1,1,0.8806933760643005
fold_03,3,13720,2,2,0.9163015484809875
fold_03,3,13720,3,3,0.9353467226028442
fold_03,3,14179,1,1,0.9394242167472839
fold_03,3,14179,2,2,0.9579651951789856
fold_03,3,14179,3,3,0.9376579523086548
fold_03,3,14528,1,1,0.9371597170829773
fold_03,3,14528,2,2,0.9573391675949097
fold_03,3,14528,3,3,0.9216672778129578
fold_03,3,14594,1,1,0.9229557514190674
fold_03,3,14594,2,2,0.9202717542648315
fold_03,3,14594,3,3,0.9076215028762817
fold_03,3,14610,1,1,0.9042855501174927
fold_03,3,14610,2,2,0.9524345993995667
fold_03,3,14610,3,3,0.9351483583450317
fold_03,3,14793,1,1,0.9030654430389404
fold_03,3,14793,2,2,0.933785080909729
fold_03,3,14793,3,3,0.947435736656189
fold_03,3,14820,1,1,0.9472448825836182
fold_03,3,14820,2,2,0.9341421723365784
fold_03,3,14820,3,3,0.9387560486793518
fold_03,3,14898,1,1,0.9402502179145813
fold_03,3,14898,2,2,0.9266623258590698
fold_03,3,14898,3,3,0.8571189641952515
fold_03,3,15003,1,1,0.925044059753418
fold_03,3,15003,2,2,0.9526152610778809
fold_03,3,15003,3,3,0.9486137628555298
fold_03,3,15364,1,1,0.9515669941902161
fold_03,3,15364,2,2,0.9510496258735657
fold_03,3,15364,3,3,0.9216957688331604
fold_03,3,15506,1,1,0.9161180257797241
fold_03,3,15506,2,2,0.9587206840515137
fold_03,3,15506,3,3,0.9265364408493042
fold_03,3,15819,1,1,0.9420457482337952
fold_03,3,15819,2,2,0.9422031044960022
fold_03,3,15819,3,3,0.9416792988777161
fold_03,3,15939,1,1,0.91181880235672
fold_03,3,15939,2,2,0.9516389966011047
fold_03,3,15939,3,3,0.9543039798736572
fold_03,3,16063,1,1,0.9235600233078003
fold_03,3,16063,2,2,0.9362519979476929
fold_03,3,16063,3,3,0.9333363771438599
fold_03,3,16252,1,1,0.9422695636749268
fold_03,3,16252,2,2,0.9374501705169678
fold_03,3,16252,3,3,0.9048566222190857
fold_03,3,16344,1,1,0.8778343200683594
fold_03,3,16344,2,2,0.9334453344345093
fold_03,3,16344,3,3,0.936301589012146
fold_03,3,16616,1,1,0.9529150724411011
fold_03,3,16616,2,2,0.9530851244926453
fold_03,3,16616,3,3,0.9496713876724243
fold_03,3,16702,1,1,0.9407377243041992
fold_03,3,16702,2,2,0.9332961440086365
fold_03,3,16702,3,3,0.9410243630409241
fold_03,3,16723,1,1,0.9527530670166016
fold_03,3,16723,2,2,0.9578371047973633
fold_03,3,16723,3,3,0.9521600008010864
fold_03,3,16823,1,1,0.956638514995575
fold_03,3,16823,2,2,0.9304410815238953
fold_03,3,16823,3,3,0.9493505358695984
fold_03,3,16917,1,1,0.9526922106742859
fold_03,3,16917,2,2,0.9395267367362976
fold_03,3,16917,3,3,0.9191346168518066
fold_03,3,17048,1,1,0.8912918567657471
fold_03,3,17048,2,2,0.9329967498779297
fold_03,3,17048,3,3,0.8954058885574341
fold_03,3,17374,1,1,0.8901242017745972
fold_03,3,17374,2,2,0.9185413718223572
fold_03,3,17374,3,3,0.9255668520927429
fold_03,3,17450,1,1,0.9354762434959412
fold_03,3,17450,2,2,0.9516634345054626
fold_03,3,17450,3,3,0.9151177406311035
fold_03,3,17463,1,1,0.9382453560829163
fold_03,3,17463,2,2,0.9523235559463501
fold_03,3,17463,3,3,0.9508602619171143
fold_03,3,17485,1,1,0.8699237108230591
fold_03,3,17485,2,2,0.9605876207351685
fold_03,3,17485,3,3,0.9451451897621155
fold_03,3,17549,1,1,0.9393910765647888
fold_03,3,17549,2,2,0.953366756439209
fold_03,3,17549,3,3,0.9499022364616394
fold_03,3,17595,1,1,0.8557099103927612
fold_03,3,17595,2,2,0.9356398582458496
fold_03,3,17595,3,3,0.9004866480827332
fold_03,3,17776,1,1,0.9156041741371155
fold_03,3,17776,2,2,0.8661007285118103
fold_03,3,17776,3,3,0.9572511911392212
fold_03,3,17934,1,1,0.9498076438903809
fold_03,3,17934,2,2,0.9338976144790649
fold_03,3,17934,3,3,0.9419358372688293
fold_03,3,18434,1,1,0.949118971824646
fold_03,3,18434,2,2,0.93857342004776
fold_03,3,18434,3,3,0.9494852423667908
fold_03,3,18543,1,1,0.9343735575675964
fold_03,3,18543,2,2,0.9469693303108215
fold_03,3,18543,3,3,0.9462348818778992
fold_03,3,18690,1,1,0.9325498342514038
fold_03,3,18690,2,2,0.9226714968681335
fold_03,3,18690,3,3,0.912874698638916
fold_03,3,18796,1,1,0.9005495309829712
fold_03,3,18796,2,2,0.9300861358642578
fold_03,3,18796,3,3,0.9380888342857361
fold_03,3,19074,1,1,0.9533154368400574
fold_03,3,19074,2,2,0.9598112106323242
fold_03,3,19074,3,3,0.9188300967216492
fold_03,3,19181,1,1,0.958815336227417
fold_03,3,19181,2,2,0.9611486792564392
fold_03,3,19181,3,3,0.965228259563446
fold_03,3,19199,1,1,0.957490861415863
fold_03,3,19199,2,2,0.9498049020767212
fold_03,3,19199,3,3,0.9218719005584717
fold_03,3,19436,1,1,0.9561452269554138
fold_03,3,19436,2,2,0.9131312966346741
fold_03,3,19436,3,3,0.9422715902328491
fold_03,3,19933,1,1,0.935547947883606
fold_03,3,19933,2,2,0.9469119906425476
fold_03,3,19933,3,3,0.9449047446250916
fold_03,3,20054,1,1,0.9461920261383057
fold_03,3,20054,2,2,0.9479476809501648
fold_03,3,20054,3,3,0.9395274519920349
fold_03,3,20080,1,1,0.8523545861244202
fold_03,3,20080,2,2,0.9393624067306519
fold_03,3,20080,3,3,0.9640567898750305
fold_03,3,20206,1,1,0.8510313034057617
fold_03,3,20206,2,2,0.9160138964653015
fold_03,3,20206,3,3,0.8998331427574158
fold_03,3,20265,1,1,0.9281333088874817
fold_03,3,20265,2,2,0.9519926309585571
fold_03,3,20265,3,3,0.927211582660675
fold_03,3,20442,1,1,0.9197297692298889
fold_03,3,20442,2,2,0.9523149132728577
fold_03,3,20442,3,3,0.9601854681968689
fold_03,3,20633,1,1,0.9561393857002258
fold_03,3,20633,2,2,0.9536903500556946
fold_03,3,20633,3,3,0.956428587436676
fold_03,3,20650,1,1,0.9023303389549255
fold_03,3,20650,2,2,0.9174980521202087
fold_03,3,20650,3,3,0.9503868818283081
fold_03,3,20738,1,1,0.8777261972427368
fold_03,3,20738,2,2,0.9626148343086243
fold_03,3,20738,3,3,0.9565815329551697
fold_03,3,20820,1,1,0.9439593553543091
fold_03,3,20820,2,2,0.9390055537223816
fold_03,3,20820,3,3,0.9356712698936462
fold_03,3,21108,1,1,0.8910821676254272
fold_03,3,21108,2,2,0.9511824250221252
fold_03,3,21108,3,3,0.9563859105110168
fold_03,3,21192,1,1,0.9334307312965393
fold_03,3,21192,2,2,0.9469630122184753
fold_03,3,21192,3,3,0.95066899061203
fold_03,3,21194,1,1,0.9034310579299927
fold_03,3,21194,2,2,0.9306111931800842
fold_03,3,21194,3,3,0.9145959615707397
fold_03,3,21218,1,1,0.9605546593666077
fold_03,3,21218,2,2,0.9449896216392517
fold_03,3,21218,3,3,0.9329160451889038
fold_03,3,21253,1,1,0.9439106583595276
fold_03,3,21253,2,2,0.9009000062942505
fold_03,3,21253,3,3,0.9509921073913574
fold_03,3,21279,1,1,0.9404804706573486
fold_03,3,21279,2,2,0.8961668610572815
fold_03,3,21279,3,3,0.9396908283233643
fold_03,3,21601,1,1,0.956767737865448
fold_03,3,21601,2,2,0.9295496344566345
fold_03,3,21601,3,3,0.9437975287437439
fold_03,3,21950,1,1,0.9552062153816223
fold_03,3,21950,2,2,0.9452040791511536
fold_03,3,21950,3,3,0.92650306224823
fold_03,3,22138,1,1,0.8994410634040833
fold_03,3,22138,2,2,0.9259629845619202
fold_03,3,22138,3,3,0.9315808415412903
fold_03,3,22263,1,1,0.955811083316803
fold_03,3,22263,2,2,0.9411019682884216
fold_03,3,22263,3,3,0.9593234062194824
fold_03,3,22387,1,1,0.9340448379516602
fold_03,3,22387,2,2,0.9490213990211487
fold_03,3,22387,3,3,0.9145869612693787
fold_03,3,22495,1,1,0.951996386051178
fold_03,3,22495,2,2,0.8365612030029297
fold_03,3,22495,3,3,0.9366610050201416
fold_03,3,22515,1,1,0.9409890174865723
fold_03,3,22515,2,2,0.9273378252983093
fold_03,3,22515,3,3,0.9436155557632446
fold_03,3,22523,1,1,0.9561347961425781
fold_03,3,22523,2,2,0.9328497052192688
fold_03,3,22523,3,3,0.9488264322280884
fold_03,3,22530,1,1,0.9359982013702393
fold_03,3,22530,2,2,0.9241539835929871
fold_03,3,22530,3,3,0.9298786520957947
fold_03,3,22587,1,1,0.938178539276123
fold_03,3,22587,2,2,0.9492112994194031
fold_03,3,22587,3,3,0.9502354264259338
fold_03,3,22772,1,1,0.956609845161438
fold_03,3,22772,2,2,0.9524245262145996
fold_03,3,22772,3,3,0.9206833839416504
fold_03,3,22794,1,1,0.9179109930992126
fold_03,3,22794,2,2,0.9500805735588074
fold_03,3,22794,3,3,0.9563115239143372
fold_03,3,22879,1,1,0.9546524882316589
fold_03,3,22879,2,2,0.9640471339225769
fold_03,3,22879,3,3,0.8704257607460022
fold_03,3,22886,1,1,0.938775360584259
fold_03,3,22886,2,2,0.9428672194480896
fold_03,3,22886,3,3,0.9196878671646118
fold_03,3,22957,1,1,0.9223149418830872
fold_03,3,22957,2,2,0.9194162487983704
fold_03,3,22957,3,3,0.9535570740699768
fold_03,3,22967,1,1,0.9482755661010742
fold_03,3,22967,2,2,0.9624234437942505
fold_03,3,22967,3,3,0.9361186623573303
fold_03,3,22993,1,1,0.9149338603019714
fold_03,3,22993,2,2,0.9237238764762878
fold_03,3,22993,3,3,0.9296998381614685
fold_03,3,23036,1,1,0.9576616883277893
fold_03,3,23036,2,2,0.9538974165916443
fold_03,3,23036,3,3,0.909920871257782
fold_03,3,23241,1,1,0.9453173875808716
fold_03,3,23241,2,2,0.9377522468566895
fold_03,3,23241,3,3,0.9403398633003235
fold_03,3,23715,1,1,0.9409319162368774
fold_03,3,23715,2,2,0.9270567893981934
fold_03,3,23715,3,3,0.9307450652122498
fold_03,3,23729,1,1,0.9178172945976257
fold_03,3,23729,2,2,0.9046861529350281
fold_03,3,23729,3,3,0.9373106956481934
fold_03,3,23993,1,1,0.9240737557411194
fold_03,3,23993,2,2,0.9436560869216919
fold_03,3,23993,3,3,0.9315429925918579
fold_03,3,24202,1,1,0.9321390390396118
fold_03,3,24202,2,2,0.9443170428276062
fold_03,3,24202,3,3,0.9637526869773865
fold_03,3,24214,1,1,0.941810667514801
fold_03,3,24214,2,2,0.8977335691452026
fold_03,3,24214,3,3,0.932529866695404
fold_03,3,24517,1,1,0.9570476412773132
fold_03,3,24517,2,2,0.9487984776496887
fold_03,3,24517,3,3,0.9521152377128601
fold_03,3,24530,1,1,0.9493704438209534
fold_03,3,24530,2,2,0.9586784243583679
fold_03,3,24530,3,3,0.9406623244285583
fold_03,3,24560,1,1,0.9179436564445496
fold_03,3,24560,2,2,0.9513503909111023
fold_03,3,24560,3,3,0.9467189311981201
fold_03,3,24640,1,1,0.953718364238739
fold_03,3,24640,2,2,0.9557893872261047
fold_03,3,24640,3,3,0.9585285782814026
fold_03,3,24846,1,1,0.8036212921142578
fold_03,3,24846,2,2,0.9261404275894165
fold_03,3,24846,3,3,0.9190044403076172
fold_03,3,25091,1,1,0.935590922832489
fold_03,3,25091,2,2,0.9539428949356079
fold_03,3,25091,3,3,0.916087806224823
fold_03,3,25111,1,1,0.9469244480133057
fold_03,3,25111,2,2,0.9468218088150024
fold_03,3,25111,3,3,0.9337324500083923
fold_03,3,25250,1,1,0.9602874517440796
fold_03,3,25250,2,2,0.9520314931869507
fold_03,3,25250,3,3,0.9222621321678162
fold_03,3,25268,1,1,0.9252192974090576
fold_03,3,25268,2,2,0.9488123655319214
fold_03,3,25268,3,3,0.91070556640625
fold_03,3,25284,1,1,0.9570922255516052
fold_03,3,25284,2,2,0.933708131313324
fold_03,3,25284,3,3,0.9409942030906677
fold_03,3,25318,1,1,0.9150536060333252
fold_03,3,25318,2,2,0.9376367926597595
fold_03,3,25318,3,3,0.9305715560913086
fold_03,3,25319,1,1,0.9403168559074402
fold_03,3,25319,2,2,0.943095862865448
fold_03,3,25319,3,3,0.9437400102615356
fold_03,3,25371,1,1,0.9089075326919556
fold_03,3,25371,2,2,0.9366587400436401
fold_03,3,25371,3,3,0.9490461349487305
fold_03,3,25578,1,1,0.956024169921875
fold_03,3,25578,2,2,0.943112850189209
fold_03,3,25578,3,3,0.9164138436317444
fold_03,3,25581,1,1,0.9186391234397888
fold_03,3,25581,2,2,0.9331173896789551
fold_03,3,25581,3,3,0.9061864614486694
fold_03,3,25588,1,1,0.9529049396514893
fold_03,3,25588,2,2,0.9305006265640259
fold_03,3,25588,3,3,0.9188882112503052
fold_03,3,25702,1,1,0.9509044885635376
fold_03,3,25702,2,2,0.9477832913398743
fold_03,3,25702,3,3,0.9514808654785156
fold_03,3,25741,1,1,0.868497371673584
fold_03,3,25741,2,2,0.9288568496704102
fold_03,3,25741,3,3,0.9316174983978271
fold_03,3,25746,1,1,0.8866551518440247
fold_03,3,25746,2,2,0.946515679359436
fold_03,3,25746,3,3,0.9364143013954163
fold_03,3,26127,1,1,0.9236606955528259
fold_03,3,26127,2,2,0.9433239102363586
fold_03,3,26127,3,3,0.9575582146644592
fold_03,3,26163,1,1,0.9508201479911804
fold_03,3,26163,2,2,0.9201273322105408
fold_03,3,26163,3,3,0.9394911527633667
fold_03,3,26351,1,1,0.956930935382843
fold_03,3,26351,2,2,0.9496213793754578
fold_03,3,26351,3,3,0.8834960460662842
fold_03,3,26435,1,1,0.9052629470825195
fold_03,3,26435,2,2,0.9329482913017273
fold_03,3,26435,3,3,0.9433989524841309
fold_03,3,26458,1,1,0.9250402450561523
fold_03,3,26458,2,2,0.9219608306884766
fold_03,3,26458,3,3,0.8916739225387573
fold_03,3,26720,1,1,0.9492511749267578
fold_03,3,26720,2,2,0.9393613934516907
fold_03,3,26720,3,3,0.9511194825172424
fold_03,3,26895,1,1,0.9103797674179077
fold_03,3,26895,2,2,0.9273532629013062
fold_03,3,26895,3,3,0.8979337811470032
fold_03,3,26909,1,1,0.9249745607376099
fold_03,3,26909,2,2,0.93565833568573
fold_03,3,26909,3,3,0.9459342360496521
fold_03,3,26990,1,1,0.8840380907058716
fold_03,3,26990,2,2,0.941942036151886
fold_03,3,26990,3,3,0.9336079955101013
fold_03,3,27242,1,1,0.9362818002700806
fold_03,3,27242,2,2,0.9434433579444885
fold_03,3,27242,3,3,0.9449410438537598
fold_03,3,27275,1,1,0.8808504939079285
fold_03,3,27275,2,2,0.964566171169281
fold_03,3,27275,3,3,0.9454915523529053
fold_03,3,27326,1,1,0.9224850535392761
fold_03,3,27326,2,2,0.939510703086853
fold_03,3,27326,3,3,0.9406892657279968
fold_03,3,27435,1,1,0.9269107580184937
fold_03,3,27435,2,2,0.9545646905899048
fold_03,3,27435,3,3,0.9507964849472046
fold_03,3,27568,1,1,0.946346640586853
fold_03,3,27568,2,2,0.9551449418067932
fold_03,3,27568,3,3,0.9479590058326721
fold_03,3,27878,1,1,0.9296858310699463
fold_03,3,27878,2,2,0.881708025932312
fold_03,3,27878,3,3,0.8989124894142151
fold_03,3,28068,1,1,0.9386358857154846
fold_03,3,28068,2,2,0.9132245182991028
fold_03,3,28068,3,3,0.9336835145950317
fold_03,3,28096,1,1,0.934818685054779
fold_03,3,28096,2,2,0.9111378788948059
fold_03,3,28096,3,3,0.9291680455207825
fold_03,3,28159,1,1,0.956319272518158
fold_03,3,28159,2,2,0.9576359987258911
fold_03,3,28159,3,3,0.9396427869796753
fold_03,3,28189,1,1,0.9127556085586548
fold_03,3,28189,2,2,0.9341720938682556
fold_03,3,28189,3,3,0.8431352376937866
fold_03,3,28286,1,1,0.9491826891899109
fold_03,3,28286,2,2,0.9319003820419312
fold_03,3,28286,3,3,0.9183884859085083
fold_03,3,28303,1,1,0.938329815864563
fold_03,3,28303,2,2,0.9255053997039795
fold_03,3,28303,3,3,0.9416874051094055
fold_03,3,28319,1,1,0.9215728044509888
fold_03,3,28319,2,2,0.9261088967323303
fold_03,3,28319,3,3,0.9320157170295715
fold_03,3,28349,1,1,0.9413525462150574
fold_03,3,28349,2,2,0.9426559805870056
fold_03,3,28349,3,3,0.9479168057441711
fold_03,3,28418,1,1,0.96099454164505
fold_03,3,28418,2,2,0.9480212330818176
fold_03,3,28418,3,3,0.9191038012504578
fold_03,3,28524,1,1,0.9271572232246399
fold_03,3,28524,2,2,0.8918439149856567
fold_03,3,28524,3,3,0.8708934783935547
fold_03,3,28595,1,1,0.9311434626579285
fold_03,3,28595,2,2,0.9034690856933594
fold_03,3,28595,3,3,0.9575530886650085
fold_03,3,28745,1,1,0.913227379322052
fold_03,3,28745,2,2,0.9017792344093323
fold_03,3,28745,3,3,0.9192852973937988
fold_03,3,28751,1,1,0.9406511187553406
fold_03,3,28751,2,2,0.9555084705352783
fold_03,3,28751,3,3,0.9486427903175354
fold_03,3,28755,1,1,0.9436760544776917
fold_03,3,28755,2,2,0.9281654357910156
fold_03,3,28755,3,3,0.9357379078865051
fold_03,3,28788,1,1,0.9434759020805359
fold_03,3,28788,2,2,0.9372813701629639
fold_03,3,28788,3,3,0.8973153233528137
fold_03,3,29381,1,1,0.9366092681884766
fold_03,3,29381,2,2,0.9534822702407837
fold_03,3,29381,3,3,0.9277375340461731
fold_03,3,29711,1,1,0.9395765662193298
fold_03,3,29711,2,2,0.9297518134117126
fold_03,3,29711,3,3,0.9406176209449768
fold_03,3,29837,1,1,0.9272175431251526
fold_03,3,29837,2,2,0.9442022442817688
fold_03,3,29837,3,3,0.9416517615318298
fold_03,3,29886,1,1,0.936419665813446
fold_03,3,29886,2,2,0.928830087184906
fold_03,3,29886,3,3,0.9431736469268799
fold_03,3,30081,1,1,0.9248716831207275
fold_03,3,30081,2,2,0.9127786159515381
fold_03,3,30081,3,3,0.9485234022140503
fold_03,3,30395,1,1,0.9558914303779602
fold_03,3,30395,2,2,0.9570386409759521
fold_03,3,30395,3,3,0.9543378353118896
fold_03,3,30407,1,1,0.9082706570625305
fold_03,3,30407,2,2,0.9426395297050476
fold_03,3,30407,3,3,0.8882309198379517
fold_03,3,30430,1,1,0.8957045078277588
fold_03,3,30430,2,2,0.9200225472450256
fold_03,3,30430,3,3,0.9526774287223816
fold_03,3,30563,1,1,0.950344443321228
fold_03,3,30563,2,2,0.9339942932128906
fold_03,3,30563,3,3,0.9627168774604797
fold_03,3,30632,1,1,0.9399504065513611
fold_03,3,30632,2,2,0.9475598335266113
fold_03,3,30632,3,3,0.9464423656463623
fold_03,3,30672,1,1,0.942138671875
fold_03,3,30672,2,2,0.9368922710418701
fold_03,3,30672,3,3,0.9462286233901978
fold_03,3,30856,1,1,0.942937433719635
fold_03,3,30856,2,2,0.9538169503211975
fold_03,3,30856,3,3,0.9492790102958679
fold_03,3,30954,1,1,0.9441234469413757
fold_03,3,30954,2,2,0.9609482884407043
fold_03,3,30954,3,3,0.9444273114204407
fold_03,3,31028,1,1,0.9567862153053284
fold_03,3,31028,2,2,0.950657308101654
fold_03,3,31028,3,3,0.9388329386711121
fold_03,3,31233,1,1,0.9396278262138367
fold_03,3,31233,2,2,0.9606917500495911
fold_03,3,31233,3,3,0.8689539432525635
fold_03,3,31659,1,1,0.885311484336853
fold_03,3,31659,2,2,0.8173617124557495
fold_03,3,31659,3,3,0.9131876826286316
fold_03,3,31747,1,1,0.9615495800971985
fold_03,3,31747,2,2,0.9318386316299438
fold_03,3,31747,3,3,0.935602605342865
fold_03,3,31801,1,1,0.9523670077323914
fold_03,3,31801,2,2,0.930789589881897
fold_03,3,31801,3,3,0.9667034149169922
fold_03,3,31837,1,1,0.9399517774581909
fold_03,3,31837,2,2,0.9508607983589172
fold_03,3,31837,3,3,0.9534246921539307
fold_03,3,31936,1,1,0.9379155039787292
fold_03,3,31936,2,2,0.9493723511695862
fold_03,3,31936,3,3,0.9470937848091125
fold_03,3,31964,1,1,0.9418573975563049
fold_03,3,31964,2,2,0.9530719518661499
fold_03,3,31964,3,3,0.8890236616134644
fold_03,3,32053,1,1,0.9306387305259705
fold_03,3,32053,2,2,0.965191125869751
fold_03,3,32053,3,3,0.9510611295700073
fold_03,3,32232,1,1,0.9181883335113525
fold_03,3,32232,2,2,0.9300412535667419
fold_03,3,32232,3,3,0.9468855857849121
fold_03,3,32307,1,1,0.942704439163208
fold_03,3,32307,2,2,0.9209306836128235
fold_03,3,32307,3,3,0.9569051265716553
fold_03,3,32625,1,1,0.9596012830734253
fold_03,3,32625,2,2,0.9554056525230408
fold_03,3,32625,3,3,0.93147212266922
fold_03,3,32772,1,1,0.9163421392440796
fold_03,3,32772,2,2,0.941901683807373
fold_03,3,32772,3,3,0.9371585249900818
fold_03,3,32891,1,1,0.8592073917388916
fold_03,3,32891,2,2,0.9477033615112305
fold_03,3,32891,3,3,0.9059169292449951
fold_03,3,32910,1,1,0.9311069250106812
fold_03,3,32910,2,2,0.9296597242355347
fold_03,3,32910,3,3,0.9367737770080566
fold_03,3,33171,1,1,0.8639551997184753
fold_03,3,33171,2,2,0.9629517197608948
fold_03,3,33171,3,3,0.9393374919891357
fold_03,3,33245,1,1,0.9448370933532715
fold_03,3,33245,2,2,0.930691123008728
fold_03,3,33245,3,3,0.8945402503013611
fold_03,3,33521,1,1,0.9520388245582581
fold_03,3,33521,2,2,0.8737543225288391
fold_03,3,33521,3,3,0.9386991262435913
fold_03,3,33543,1,1,0.947935163974762
fold_03,3,33543,2,2,0.8778722286224365
fold_03,3,33543,3,3,0.9288398623466492
fold_03,3,34068,1,1,0.937604546546936
fold_03,3,34068,2,2,0.9366157650947571
fold_03,3,34068,3,3,0.9534145593643188
fold_03,3,34126,1,1,0.9411223530769348
fold_03,3,34126,2,2,0.9301277995109558
fold_03,3,34126,3,3,0.926580548286438
fold_03,3,34238,1,1,0.9611879587173462
fold_03,3,34238,2,2,0.9433720707893372
fold_03,3,34238,3,3,0.9467584490776062
fold_03,3,34829,1,1,0.875758171081543
fold_03,3,34829,2,2,0.9178264141082764
fold_03,3,34829,3,3,0.952083945274353
fold_03,3,34850,1,1,0.952182948589325
fold_03,3,34850,2,2,0.9435152411460876
fold_03,3,34850,3,3,0.9395303130149841
fold_03,3,35743,1,1,0.9519846439361572
fold_03,3,35743,2,2,0.9373934268951416
fold_03,3,35743,3,3,0.9435976147651672
fold_03,3,35752,1,1,0.9563448429107666
fold_03,3,35752,2,2,0.9125064611434937
fold_03,3,35752,3,3,0.9354798793792725
fold_03,3,35790,1,1,0.946416437625885
fold_03,3,35790,2,2,0.9468315839767456
fold_03,3,35790,3,3,0.9499614834785461
fold_03,3,35798,1,1,0.9299058318138123
fold_03,3,35798,2,2,0.9364763498306274
fold_03,3,35798,3,3,0.9204050898551941
fold_03,3,35986,1,1,0.9527073502540588
fold_03,3,35986,2,2,0.9061195254325867
fold_03,3,35986,3,3,0.9210710525512695
fold_03,3,36067,1,1,0.9576730728149414
fold_03,3,36067,2,2,0.9446650147438049
fold_03,3,36067,3,3,0.9426549673080444
fold_03,3,36258,1,1,0.8986868262290955
fold_03,3,36258,2,2,0.8998703360557556
fold_03,3,36258,3,3,0.942589521408081
fold_03,3,36476,1,1,0.9176963567733765
fold_03,3,36476,2,2,0.9555870890617371
fold_03,3,36476,3,3,0.9522979855537415
fold_03,3,36576,1,1,0.9271495938301086
fold_03,3,36576,2,2,0.933998703956604
fold_03,3,36576,3,3,0.9317528605461121
fold_03,3,36623,1,1,0.8976269364356995
fold_03,3,36623,2,2,0.9219210743904114
fold_03,3,36623,3,3,0.9585786461830139
fold_03,3,36682,1,1,0.8466730713844299
fold_03,3,36682,2,2,0.950680136680603
fold_03,3,36682,3,3,0.9501991271972656
fold_03,3,36731,1,1,0.9415392279624939
fold_03,3,36731,2,2,0.948339581489563
fold_03,3,36731,3,3,0.9391215443611145
fold_03,3,36910,1,1,0.9212104082107544
fold_03,3,36910,2,2,0.9278683662414551
fold_03,3,36910,3,3,0.9246037602424622
fold_03,3,36945,1,1,0.931620180606842
fold_03,3,36945,2,2,0.9111818075180054
fold_03,3,36945,3,3,0.8445428013801575
fold_03,3,36974,1,1,0.938778281211853
fold_03,3,36974,2,2,0.9559456706047058
fold_03,3,36974,3,3,0.9356868267059326
fold_03,3,36978,1,1,0.9534212946891785
fold_03,3,36978,2,2,0.9393482208251953
fold_03,3,36978,3,3,0.9427089095115662
fold_03,3,37059,1,1,0.9323043823242188
fold_03,3,37059,2,2,0.9164809584617615
fold_03,3,37059,3,3,0.9092342257499695
fold_03,3,37221,1,1,0.9634897112846375
fold_03,3,37221,2,2,0.9545239210128784
fold_03,3,37221,3,3,0.9384387731552124
fold_03,3,37224,1,1,0.9588136076927185
fold_03,3,37224,2,2,0.953933835029602
fold_03,3,37224,3,3,0.9548325538635254
fold_03,3,37494,1,1,0.9210079312324524
fold_03,3,37494,2,2,0.9070230722427368
fold_03,3,37494,3,3,0.9408411979675293
fold_03,3,38022,1,1,0.8837809562683105
fold_03,3,38022,2,2,0.9072499871253967
fold_03,3,38022,3,3,0.9518117904663086
fold_03,3,38025,1,1,0.9174284934997559
fold_03,3,38025,2,2,0.9388258457183838
fold_03,3,38025,3,3,0.8683363795280457
fold_03,3,38246,1,1,0.8776400089263916
fold_03,3,38246,2,2,0.9566337466239929
fold_03,3,38246,3,3,0.9210332036018372
fold_03,3,38297,1,1,0.9196508526802063
fold_03,3,38297,2,2,0.9420091509819031
fold_03,3,38297,3,3,0.9318953156471252
fold_03,3,38358,1,1,0.9469075202941895
fold_03,3,38358,2,2,0.8959017992019653
fold_03,3,38358,3,3,0.949981153011322
fold_03,3,38486,1,1,0.943757951259613
fold_03,3,38486,2,2,0.9229405522346497
fold_03,3,38486,3,3,0.9427965879440308
fold_03,3,38494,1,1,0.9648346304893494
fold_03,3,38494,2,2,0.8935718536376953
fold_03,3,38494,3,3,0.9270720481872559
fold_03,3,38641,1,1,0.9411035180091858
fold_03,3,38641,2,2,0.9427860379219055
fold_03,3,38641,3,3,0.9439871311187744
fold_03,3,38794,1,1,0.9362040162086487
fold_03,3,38794,2,2,0.9140442609786987
fold_03,3,38794,3,3,0.8964175581932068
fold_03,3,38817,1,1,0.9486426711082458
fold_03,3,38817,2,2,0.9437899589538574
fold_03,3,38817,3,3,0.9395631551742554
fold_03,3,38829,1,1,0.9279690980911255
fold_03,3,38829,2,2,0.8924984931945801
fold_03,3,38829,3,3,0.918743371963501
fold_03,3,38853,1,1,0.9559606313705444
fold_03,3,38853,2,2,0.8718087673187256
fold_03,3,38853,3,3,0.92429518699646
fold_03,3,38978,1,1,0.9343389272689819
fold_03,3,38978,2,2,0.92484450340271
fold_03,3,38978,3,3,0.9362589716911316
fold_03,3,39289,1,1,0.9339700937271118
fold_03,3,39289,2,2,0.9447554349899292
fold_03,3,39289,3,3,0.9315060973167419
fold_03,3,39369,1,1,0.9383904337882996
fold_03,3,39369,2,2,0.9409814476966858
fold_03,3,39369,3,3,0.963162899017334
fold_03,3,39402,1,1,0.9382545948028564
fold_03,3,39402,2,2,0.9550467133522034
fold_03,3,39402,3,3,0.9504192471504211
fold_03,3,39841,1,1,0.949565052986145
fold_03,3,39841,2,2,0.9272904396057129
fold_03,3,39841,3,3,0.9271612167358398
fold_03,3,39997,1,1,0.8729380369186401
fold_03,3,39997,2,2,0.9358615279197693
fold_03,3,39997,3,3,0.9474116563796997
fold_03,3,40423,1,1,0.9518998861312866
fold_03,3,40423,2,2,0.9390605688095093
fold_03,3,40423,3,3,0.9371558427810669
fold_03,3,40548,1,1,0.9180315136909485
fold_03,3,40548,2,2,0.9468181729316711
fold_03,3,40548,3,3,0.9528216123580933
fold_03,3,40575,1,1,0.9548841118812561
fold_03,3,40575,2,2,0.9584969878196716
fold_03,3,40575,3,3,0.9454596042633057
fold_03,3,40721,1,1,0.9431725144386292
fold_03,3,40721,2,2,0.9092267751693726
fold_03,3,40721,3,3,0.9445748925209045
fold_03,3,40770,1,1,0.9296159744262695
fold_03,3,40770,2,2,0.95379239320755
fold_03,3,40770,3,3,0.9355332255363464
fold_03,3,40840,1,1,0.9459302425384521
fold_03,3,40840,2,2,0.9598404765129089
fold_03,3,40840,3,3,0.9359197616577148
fold_03,3,40846,1,1,0.948518693447113
fold_03,3,40846,2,2,0.9276841282844543
fold_03,3,40846,3,3,0.9323938488960266
fold_03,3,40909,1,1,0.9514746069908142
fold_03,3,40909,2,2,0.9342125058174133
fold_03,3,40909,3,3,0.9336311221122742
fold_03,3,40924,1,1,0.9031363725662231
fold_03,3,40924,2,2,0.9321038126945496
fold_03,3,40924,3,3,0.9411504864692688
fold_03,3,40935,1,1,0.9102479219436646
fold_03,3,40935,2,2,0.9176324605941772
fold_03,3,40935,3,3,0.9540587663650513
fold_03,3,41056,1,1,0.9312863945960999
fold_03,3,41056,2,2,0.9042070508003235
fold_03,3,41056,3,3,0.9259199500083923
fold_03,3,41097,1,1,0.9410955309867859
fold_03,3,41097,2,2,0.9597043395042419
fold_03,3,41097,3,3,0.9546360373497009
fold_03,3,41116,1,1,0.9511887431144714
fold_03,3,41116,2,2,0.9381043314933777
fold_03,3,41116,3,3,0.9498535990715027
fold_03,3,41137,1,1,0.9319810271263123
fold_03,3,41137,2,2,0.945594072341919
fold_03,3,41137,3,3,0.9318148493766785
fold_03,3,41162,1,1,0.9429402351379395
fold_03,3,41162,2,2,0.9514574408531189
fold_03,3,41162,3,3,0.9314728379249573
fold_03,3,41566,1,1,0.9579052329063416
fold_03,3,41566,2,2,0.9489095211029053
fold_03,3,41566,3,3,0.9448651671409607
fold_03,3,41653,1,1,0.8967772722244263
fold_03,3,41653,2,2,0.9587002396583557
fold_03,3,41653,3,3,0.9629221558570862
fold_03,3,41710,1,1,0.9235440492630005
fold_03,3,41710,2,2,0.9498263597488403
fold_03,3,41710,3,3,0.9478893280029297
fold_03,3,41814,1,1,0.8514519929885864
fold_03,3,41814,2,2,0.9561718702316284
fold_03,3,41814,3,3,0.8863450288772583
fold_03,3,41927,1,1,0.9378869533538818
fold_03,3,41927,2,2,0.9448645710945129
fold_03,3,41927,3,3,0.9490359425544739
fold_03,3,42007,1,1,0.9544968008995056
fold_03,3,42007,2,2,0.868003249168396
fold_03,3,42007,3,3,0.9251884818077087
fold_03,3,42166,1,1,0.9361854791641235
fold_03,3,42166,2,2,0.9504550099372864
fold_03,3,42166,3,3,0.9467141032218933
fold_03,3,42171,1,1,0.9249200224876404
fold_03,3,42171,2,2,0.8466364741325378
fold_03,3,42171,3,3,0.9556933045387268
fold_03,3,42214,1,1,0.9480879306793213
fold_03,3,42214,2,2,0.9083252549171448
fold_03,3,42214,3,3,0.9535133242607117
fold_03,3,42224,1,1,0.9303706288337708
fold_03,3,42224,2,2,0.9186840057373047
fold_03,3,42224,3,3,0.9492546916007996
fold_03,3,42473,1,1,0.940847635269165
fold_03,3,42473,2,2,0.9517395496368408
fold_03,3,42473,3,3,0.9466595649719238
fold_03,3,42563,1,1,0.9280666708946228
fold_03,3,42563,2,2,0.9585676193237305
fold_03,3,42563,3,3,0.9489691257476807
fold_03,3,42697,1,1,0.9425376653671265
fold_03,3,42697,2,2,0.9437716007232666
fold_03,3,42697,3,3,0.94682776927948
fold_03,3,42781,1,1,0.896937370300293
fold_03,3,42781,2,2,0.9297171235084534
fold_03,3,42781,3,3,0.9426934719085693
fold_03,3,42851,1,1,0.9318342804908752
fold_03,3,42851,2,2,0.9320366382598877
fold_03,3,42851,3,3,0.9295299053192139
fold_03,3,42912,1,1,0.9483606815338135
fold_03,3,42912,2,2,0.8990743160247803
fold_03,3,42912,3,3,0.9315319061279297
fold_03,3,42946,1,1,0.8838267922401428
fold_03,3,42946,2,2,0.9357469081878662
fold_03,3,42946,3,3,0.9068624973297119
fold_03,3,42980,1,1,0.962292492389679
fold_03,3,42980,2,2,0.9354350566864014
fold_03,3,42980,3,3,0.9388806819915771
fold_03,3,43159,1,1,0.9371234178543091
fold_03,3,43159,2,2,0.9376139044761658
fold_03,3,43159,3,3,0.9528441429138184
fold_03,3,43164,1,1,0.9288185238838196
fold_03,3,43164,2,2,0.9497568011283875
fold_03,3,43164,3,3,0.944358766078949
fold_03,3,43224,1,1,0.955313503742218
fold_03,3,43224,2,2,0.9313528537750244
fold_03,3,43224,3,3,0.91260826587677
fold_03,3,43428,1,1,0.9022893905639648
fold_03,3,43428,2,2,0.8840685486793518
fold_03,3,43428,3,3,0.9398909211158752
fold_03,3,43445,1,1,0.9496293663978577
fold_03,3,43445,2,2,0.9199551939964294
fold_03,3,43445,3,3,0.94899982213974
fold_03,3,43619,1,1,0.8345860242843628
fold_03,3,43619,2,2,0.9151202440261841
fold_03,3,43619,3,3,0.9403223395347595
fold_03,3,43675,1,1,0.9480648636817932
fold_03,3,43675,2,2,0.9506290555000305
fold_03,3,43675,3,3,0.9494232535362244
fold_03,3,43689,1,1,0.9334905743598938
fold_03,3,43689,2,2,0.9314934611320496
fold_03,3,43689,3,3,0.9392498135566711
fold_03,3,43746,1,1,0.9446274638175964
fold_03,3,43746,2,2,0.9511902332305908
fold_03,3,43746,3,3,0.8939698934555054
fold_03,3,43818,1,1,0.9416231513023376
fold_03,3,43818,2,2,0.9274503588676453
fold_03,3,43818,3,3,0.9410492181777954
fold_03,3,43820,1,1,0.9397270083427429
fold_03,3,43820,2,2,0.9591019153594971
fold_03,3,43820,3,3,0.9501067399978638
fold_03,3,43950,1,1,0.9355815052986145
fold_03,3,43950,2,2,0.9395071268081665
fold_03,3,43950,3,3,0.9507954120635986
fold_03,3,43984,1,1,0.916890561580658
fold_03,3,43984,2,2,0.923475980758667
fold_03,3,43984,3,3,0.9364352226257324
fold_03,3,44052,1,1,0.937772810459137
fold_03,3,44052,2,2,0.9399518370628357
fold_03,3,44052,3,3,0.9535707235336304
fold_03,3,44144,1,1,0.9480102062225342
fold_03,3,44144,2,2,0.9532116651535034
fold_03,3,44144,3,3,0.9552377462387085
fold_03,3,44705,1,1,0.93366539478302
fold_03,3,44705,2,2,0.9466824531555176
fold_03,3,44705,3,3,0.9446010589599609
fold_03,3,44720,1,1,0.9516977667808533
fold_03,3,44720,2,2,0.9463239908218384
fold_03,3,44720,3,3,0.946262776851654
fold_03,3,44844,1,1,0.9503965973854065
fold_03,3,44844,2,2,0.9285158514976501
fold_03,3,44844,3,3,0.9511070847511292
fold_03,3,44971,1,1,0.8945575952529907
fold_03,3,44971,2,2,0.9171150326728821
fold_03,3,44971,3,3,0.9506286978721619
fold_03,3,44980,1,1,0.9544647932052612
fold_03,3,44980,2,2,0.8778900504112244
fold_03,3,44980,3,3,0.8920184969902039
fold_03,3,45129,1,1,0.9339811205863953
fold_03,3,45129,2,2,0.9031500220298767
fold_03,3,45129,3,3,0.9299340844154358
fold_03,3,45213,1,1,0.9352726340293884
fold_03,3,45213,2,2,0.937020480632782
fold_03,3,45213,3,3,0.9522697329521179
fold_03,3,45356,1,1,0.9225371479988098
fold_03,3,45356,2,2,0.9285320043563843
fold_03,3,45356,3,3,0.931074321269989
fold_03,3,45595,1,1,0.9393134713172913
fold_03,3,45595,2,2,0.9605838060379028
fold_03,3,45595,3,3,0.9496267437934875
fold_03,3,45632,1,1,0.9333201050758362
fold_03,3,45632,2,2,0.9386029839515686
fold_03,3,45632,3,3,0.9137459397315979
fold_03,3,45750,1,1,0.9284507036209106
fold_03,3,45750,2,2,0.9324196577072144
fold_03,3,45750,3,3,0.9548838138580322
fold_03,3,45843,1,1,0.8990713953971863
fold_03,3,45843,2,2,0.8425862789154053
fold_03,3,45843,3,3,0.8848690986633301
fold_03,3,45945,1,1,0.9480090737342834
fold_03,3,45945,2,2,0.919589638710022
fold_03,3,45945,3,3,0.9430035948753357
fold_03,3,45981,1,1,0.9511940479278564
fold_03,3,45981,2,2,0.9530385732650757
fold_03,3,45981,3,3,0.8718966841697693
fold_03,3,46150,1,1,0.9187899231910706
fold_03,3,46150,2,2,0.9460856914520264
fold_03,3,46150,3,3,0.9287751913070679
fold_03,3,46160,1,1,0.9533209800720215
fold_03,3,46160,2,2,0.9473205208778381
fold_03,3,46160,3,3,0.95368492603302
fold_03,3,46274,1,1,0.9482317566871643
fold_03,3,46274,2,2,0.924067497253418
fold_03,3,46274,3,3,0.9244899153709412
fold_03,3,46321,1,1,0.9339267611503601
fold_03,3,46321,2,2,0.8877495527267456
fold_03,3,46321,3,3,0.9329854249954224
fold_03,3,46372,1,1,0.9393811821937561
fold_03,3,46372,2,2,0.9030458331108093
fold_03,3,46372,3,3,0.9464526176452637
fold_03,3,46380,1,1,0.942773163318634
fold_03,3,46380,2,2,0.9563698768615723
fold_03,3,46380,3,3,0.955514132976532
fold_03,3,46460,1,1,0.9299356341362
fold_03,3,46460,2,2,0.9120290279388428
fold_03,3,46460,3,3,0.9553951621055603
fold_03,3,46462,1,1,0.9241182804107666
fold_03,3,46462,2,2,0.9422959685325623
fold_03,3,46462,3,3,0.9429441094398499
fold_03,3,46661,1,1,0.9466491341590881
fold_03,3,46661,2,2,0.9332674145698547
fold_03,3,46661,3,3,0.9394315481185913
fold_03,3,46806,1,1,0.9619325995445251
fold_03,3,46806,2,2,0.9265729784965515
fold_03,3,46806,3,3,0.9449854493141174
fold_03,3,46835,1,1,0.9358718395233154
fold_03,3,46835,2,2,0.9349350333213806
fold_03,3,46835,3,3,0.9161558151245117
fold_03,3,47070,1,1,0.9490610361099243
fold_03,3,47070,2,2,0.9385266900062561
fold_03,3,47070,3,3,0.9375805854797363
fold_03,3,47099,1,1,0.8906348943710327
fold_03,3,47099,2,2,0.9401723146438599
fold_03,3,47099,3,3,0.931344211101532
fold_03,3,47290,1,1,0.9289819002151489
fold_03,3,47290,2,2,0.9377138614654541
fold_03,3,47290,3,3,0.9386174082756042
fold_03,3,47293,1,1,0.95205157995224
fold_03,3,47293,2,2,0.935384213924408
fold_03,3,47293,3,3,0.9457764625549316
fold_03,3,47408,1,1,0.9487455487251282
fold_03,3,47408,2,2,0.9549048542976379
fold_03,3,47408,3,3,0.9267540574073792
fold_03,3,47687,1,1,0.9417675137519836
fold_03,3,47687,2,2,0.8163644075393677
fold_03,3,47687,3,3,0.9448515176773071
fold_03,3,48157,1,1,0.951285719871521
fold_03,3,48157,2,2,0.9267125129699707
fold_03,3,48157,3,3,0.9489926099777222
fold_03,3,48260,1,1,0.8907430171966553
fold_03,3,48260,2,2,0.9421489238739014
fold_03,3,48260,3,3,0.9191678762435913
fold_03,3,48374,1,1,0.9469190835952759
fold_03,3,48374,2,2,0.961816668510437
fold_03,3,48374,3,3,0.8762982487678528
fold_03,3,48379,1,1,0.948866605758667
fold_03,3,48379,2,2,0.9347066879272461
fold_03,3,48379,3,3,0.9374724626541138
fold_03,3,48422,1,1,0.9128695726394653
fold_03,3,48422,2,2,0.919677734375
fold_03,3,48422,3,3,0.9417700171470642
fold_03,3,48508,1,1,0.919728696346283
fold_03,3,48508,2,2,0.949127197265625
fold_03,3,48508,3,3,0.9099017977714539
fold_03,3,48530,1,1,0.9316113591194153
fold_03,3,48530,2,2,0.8914147019386292
fold_03,3,48530,3,3,0.9145111441612244
fold_03,3,48679,1,1,0.9540453553199768
fold_03,3,48679,2,2,0.9441998600959778
fold_03,3,48679,3,3,0.9483726024627686
fold_03,3,48681,1,1,0.9489483833312988
fold_03,3,48681,2,2,0.9233071804046631
fold_03,3,48681,3,3,0.942731499671936
fold_03,3,48802,1,1,0.9260513782501221
fold_03,3,48802,2,2,0.9553440809249878
fold_03,3,48802,3,3,0.9230473637580872
fold_03,3,49466,1,1,0.9320676326751709
fold_03,3,49466,2,2,0.9455192685127258
fold_03,3,49466,3,3,0.945479154586792
fold_03,3,49480,1,1,0.9535894989967346
fold_03,3,49480,2,2,0.9439782500267029
fold_03,3,49480,3,3,0.9375995993614197
fold_03,3,49731,1,1,0.9302241802215576
fold_03,3,49731,2,2,0.9389459490776062
fold_03,3,49731,3,3,0.9383842945098877
fold_03,3,49944,1,1,0.9534837603569031
fold_03,3,49944,2,2,0.9362479448318481
fold_03,3,49944,3,3,0.9602915048599243
fold_03,3,49955,1,1,0.9410772323608398
fold_03,3,49955,2,2,0.9481920003890991
fold_03,3,49955,3,3,0.9275619387626648
fold_03,3,49979,1,1,0.9525217413902283
fold_03,3,49979,2,2,0.9500390887260437
fold_03,3,49979,3,3,0.9265053272247314
fold_03,3,50114,1,1,0.949787437915802
fold_03,3,50114,2,2,0.9361861944198608
fold_03,3,50114,3,3,0.9196603894233704
fold_03,3,50170,1,1,0.9266186952590942
fold_03,3,50170,2,2,0.94109708070755
fold_03,3,50170,3,3,0.9386131763458252
fold_03,3,50653,1,1,0.9451040625572205
fold_03,3,50653,2,2,0.8750032782554626
fold_03,3,50653,3,3,0.947051465511322
fold_03,3,50734,1,1,0.9411624670028687
fold_03,3,50734,2,2,0.9433950185775757
fold_03,3,50734,3,3,0.9335193634033203
fold_03,3,50755,1,1,0.9627746939659119
fold_03,3,50755,2,2,0.959610104560852
fold_03,3,50755,3,3,0.9320641756057739
fold_03,3,50811,1,1,0.9370742440223694
fold_03,3,50811,2,2,0.9573668241500854
fold_03,3,50811,3,3,0.924257755279541
fold_03,3,50882,1,1,0.9398832321166992
fold_03,3,50882,2,2,0.95124751329422
fold_03,3,50882,3,3,0.9320278763771057
fold_03,3,51077,1,1,0.9197964668273926
fold_03,3,51077,2,2,0.944034993648529
fold_03,3,51077,3,3,0.9629330039024353
fold_03,3,51148,1,1,0.9569649696350098
fold_03,3,51148,2,2,0.9573034644126892
fold_03,3,51148,3,3,0.9375853538513184
fold_03,3,51171,1,1,0.9320892691612244
fold_03,3,51171,2,2,0.9370837807655334
fold_03,3,51171,3,3,0.9348240494728088
fold_03,3,51185,1,1,0.9557806849479675
fold_03,3,51185,2,2,0.9423724412918091
fold_03,3,51185,3,3,0.9191881418228149
fold_03,3,51521,1,1,0.9200929403305054
fold_03,3,51521,2,2,0.9522239565849304
fold_03,3,51521,3,3,0.9484398365020752
fold_03,3,51788,1,1,0.9411554932594299
fold_03,3,51788,2,2,0.935623824596405
fold_03,3,51788,3,3,0.9433315992355347
fold_03,3,51843,1,1,0.9659806489944458
fold_03,3,51843,2,2,0.9213682413101196
fold_03,3,51843,3,3,0.9342270493507385
fold_03,3,51983,1,1,0.9181353449821472
fold_03,3,51983,2,2,0.9477425813674927
fold_03,3,51983,3,3,0.9545339345932007
fold_03,3,52070,1,1,0.9261738657951355
fold_03,3,52070,2,2,0.9377585053443909
fold_03,3,52070,3,3,0.8686209321022034
fold_03,3,52302,1,1,0.9262970089912415
fold_03,3,52302,2,2,0.9358874559402466
fold_03,3,52302,3,3,0.946980893611908
fold_03,3,52394,1,1,0.9583721160888672
fold_03,3,52394,2,2,0.9517422914505005
fold_03,3,52394,3,3,0.9350875616073608
fold_03,3,52554,1,1,0.9012914299964905
fold_03,3,52554,2,2,0.9309409856796265
fold_03,3,52554,3,3,0.9147261381149292
fold_03,3,52652,1,1,0.9376014471054077
fold_03,3,52652,2,2,0.9400046467781067
fold_03,3,52652,3,3,0.9390169382095337
fold_03,3,52931,1,1,0.9642170071601868
fold_03,3,52931,2,2,0.923518717288971
fold_03,3,52931,3,3,0.8957034349441528
fold_03,3,53052,1,1,0.9337586164474487
fold_03,3,53052,2,2,0.9364763498306274
fold_03,3,53052,3,3,0.9435498118400574
fold_03,3,53152,1,1,0.9268309473991394
fold_03,3,53152,2,2,0.9312857389450073
fold_03,3,53152,3,3,0.955897331237793
fold_03,3,53155,1,1,0.9382607936859131
fold_03,3,53155,2,2,0.9258843660354614
fold_03,3,53155,3,3,0.9350143074989319
fold_03,3,53370,1,1,0.9452366232872009
fold_03,3,53370,2,2,0.9324489831924438
fold_03,3,53370,3,3,0.9570072889328003
fold_03,3,53570,1,1,0.9341927170753479
fold_03,3,53570,2,2,0.9134623408317566
fold_03,3,53570,3,3,0.939327597618103
fold_03,3,53727,1,1,0.9562546014785767
fold_03,3,53727,2,2,0.9365301728248596
fold_03,3,53727,3,3,0.8949201703071594
fold_03,3,53728,1,1,0.9561877250671387
fold_03,3,53728,2,2,0.9148706793785095
fold_03,3,53728,3,3,0.9533370733261108
fold_03,3,53773,1,1,0.9368772506713867
fold_03,3,53773,2,2,0.9573731422424316
fold_03,3,53773,3,3,0.9028815031051636
fold_03,3,53881,1,1,0.9271113872528076
fold_03,3,53881,2,2,0.8909851908683777
fold_03,3,53881,3,3,0.9262667894363403
fold_03,3,53891,1,1,0.939233124256134
fold_03,3,53891,2,2,0.8864645957946777
fold_03,3,53891,3,3,0.929313600063324
fold_03,3,54078,1,1,0.9091833233833313
fold_03,3,54078,2,2,0.935764491558075
fold_03,3,54078,3,3,0.9428598880767822
fold_03,3,54257,1,1,0.9591872096061707
fold_03,3,54257,2,2,0.957594633102417
fold_03,3,54257,3,3,0.9200388789176941
fold_03,3,54361,1,1,0.8512510657310486
fold_03,3,54361,2,2,0.95174640417099
fold_03,3,54361,3,3,0.936109721660614
fold_03,3,54698,1,1,0.9512152671813965
fold_03,3,54698,2,2,0.9145436882972717
fold_03,3,54698,3,3,0.9223602414131165
fold_03,3,54913,1,1,0.952100396156311
fold_03,3,54913,2,2,0.9130942821502686
fold_03,3,54913,3,3,0.9293004870414734
fold_03,3,55005,1,1,0.9418472647666931
fold_03,3,55005,2,2,0.9382938742637634
fold_03,3,55005,3,3,0.938962996006012
fold_03,3,55107,1,1,0.9451689720153809
fold_03,3,55107,2,2,0.951177716255188
fold_03,3,55107,3,3,0.8909762501716614
fold_03,3,55163,1,1,0.9558708071708679
fold_03,3,55163,2,2,0.857296884059906
fold_03,3,55163,3,3,0.9369015097618103
fold_03,3,55405,1,1,0.9494050145149231
fold_03,3,55405,2,2,0.8820329308509827
fold_03,3,55405,3,3,0.9271649122238159
fold_03,3,55408,1,1,0.9599546790122986
fold_03,3,55408,2,2,0.9579064846038818
fold_03,3,55408,3,3,0.956077516078949
fold_03,3,55526,1,1,0.9418076276779175
fold_03,3,55526,2,2,0.9480624198913574
fold_03,3,55526,3,3,0.9427591562271118
fold_03,3,55649,1,1,0.9658689498901367
fold_03,3,55649,2,2,0.9567052125930786
fold_03,3,55649,3,3,0.8886638283729553
fold_03,3,55669,1,1,0.8687474727630615
fold_03,3,55669,2,2,0.9175442457199097
fold_03,3,55669,3,3,0.9244498014450073
fold_03,3,55678,1,1,0.9357146620750427
fold_03,3,55678,2,2,0.9348315000534058
fold_03,3,55678,3,3,0.9462357759475708
fold_03,3,55857,1,1,0.9611290097236633
fold_03,3,55857,2,2,0.949515700340271
fold_03,3,55857,3,3,0.9590216875076294
fold_03,3,55968,1,1,0.9481960535049438
fold_03,3,55968,2,2,0.9440738558769226
fold_03,3,55968,3,3,0.9578800201416016
fold_03,3,56042,1,1,0.9548973441123962
fold_03,3,56042,2,2,0.8767009973526001
fold_03,3,56042,3,3,0.9480413794517517
fold_03,3,56154,1,1,0.9468429088592529
fold_03,3,56154,2,2,0.8704566359519958
fold_03,3,56154,3,3,0.9360437393188477
fold_03,3,56269,1,1,0.9066632986068726
fold_03,3,56269,2,2,0.9309213161468506
fold_03,3,56269,3,3,0.94776850938797
fold_03,3,56314,1,1,0.9571005702018738
fold_03,3,56314,2,2,0.9493155479431152
fold_03,3,56314,3,3,0.9355580806732178
fold_03,3,56454,1,1,0.9520629048347473
fold_03,3,56454,2,2,0.9393640756607056
fold_03,3,56454,3,3,0.9188732504844666
fold_03,3,56681,1,1,0.9503451585769653
fold_03,3,56681,2,2,0.918315052986145
fold_03,3,56681,3,3,0.9266184568405151
fold_03,3,56723,1,1,0.9557781219482422
fold_03,3,56723,2,2,0.9444441199302673
fold_03,3,56723,3,3,0.9499420523643494
fold_03,3,56784,1,1,0.9497743248939514
fold_03,3,56784,2,2,0.8820058107376099
fold_03,3,56784,3,3,0.9635846614837646
fold_03,3,56850,1,1,0.9174681305885315
fold_03,3,56850,2,2,0.932567834854126
fold_03,3,56850,3,3,0.93015056848526
fold_03,3,56867,1,1,0.9188188910484314
fold_03,3,56867,2,2,0.9208414554595947
fold_03,3,56867,3,3,0.9293439984321594
fold_03,3,56911,1,1,0.9365870356559753
fold_03,3,56911,2,2,0.9533576369285583
fold_03,3,56911,3,3,0.9320303201675415
fold_03,3,56948,1,1,0.9404316544532776
fold_03,3,56948,2,2,0.925441324710846
fold_03,3,56948,3,3,0.9512090086936951
fold_03,3,57046,1,1,0.9528754949569702
fold_03,3,57046,2,2,0.9599093198776245
fold_03,3,57046,3,3,0.950324535369873
fold_03,3,57435,1,1,0.9170102477073669
fold_03,3,57435,2,2,0.9332475066184998
fold_03,3,57435,3,3,0.9202333688735962
fold_03,3,57553,1,1,0.9550781846046448
fold_03,3,57553,2,2,0.9538382291793823
fold_03,3,57553,3,3,0.9347209930419922
fold_03,3,57650,1,1,0.9300775527954102
fold_03,3,57650,2,2,0.9254984259605408
fold_03,3,57650,3,3,0.9082327485084534
fold_03,3,57838,1,1,0.9418684244155884
fold_03,3,57838,2,2,0.9536430835723877
fold_03,3,57838,3,3,0.941486120223999
fold_03,3,58144,1,1,0.9491579532623291
fold_03,3,58144,2,2,0.9493119716644287
fold_03,3,58144,3,3,0.9004324674606323
fold_03,3,58404,1,1,0.9575740098953247
fold_03,3,58404,2,2,0.9463033676147461
fold_03,3,58404,3,3,0.9328890442848206
fold_03,3,59023,1,1,0.9608649611473083
fold_03,3,59023,2,2,0.9140045046806335
fold_03,3,59023,3,3,0.9207757115364075
fold_03,3,59046,1,1,0.9428296685218811
fold_03,3,59046,2,2,0.9495263695716858
fold_03,3,59046,3,3,0.9537971019744873
fold_03,3,59194,1,1,0.9457764029502869
fold_03,3,59194,2,2,0.9289918541908264
fold_03,3,59194,3,3,0.8210653066635132
fold_03,3,59284,1,1,0.9402536749839783
fold_03,3,59284,2,2,0.9559160470962524
fold_03,3,59284,3,3,0.9438295364379883
fold_03,3,59585,1,1,0.9488353729248047
fold_03,3,59585,2,2,0.9308818578720093
fold_03,3,59585,3,3,0.9519354104995728
fold_03,3,59699,1,1,0.927651047706604
fold_03,3,59699,2,2,0.9408221244812012
fold_03,3,59699,3,3,0.9505609273910522
fold_03,3,59817,1,1,0.8262557983398438
fold_03,3,59817,2,2,0.9144091606140137
fold_03,3,59817,3,3,0.9549993276596069
fold_03,3,59994,1,1,0.951451301574707
fold_03,3,59994,2,2,0.9437472820281982
fold_03,3,59994,3,3,0.9254156351089478
fold_03,3,60094,1,1,0.9326010346412659
fold_03,3,60094,2,2,0.9409873485565186
fold_03,3,60094,3,3,0.9241581559181213
fold_03,3,60186,1,1,0.9557326436042786
fold_03,3,60186,2,2,0.9433783888816833
fold_03,3,60186,3,3,0.9512720704078674
fold_03,3,60251,1,1,0.9527033567428589
fold_03,3,60251,2,2,0.9325054287910461
fold_03,3,60251,3,3,0.9482208490371704
fold_03,3,60305,1,1,0.9259623289108276
fold_03,3,60305,2,2,0.8953839540481567
fold_03,3,60305,3,3,0.9425691366195679
fold_03,3,60505,1,1,0.9087495803833008
fold_03,3,60505,2,2,0.9140712022781372
fold_03,3,60505,3,3,0.9448271989822388
fold_03,3,60553,1,1,0.9353680610656738
fold_03,3,60553,2,2,0.9448032379150391
fold_03,3,60553,3,3,0.9520779252052307
fold_03,3,60845,1,1,0.9481743574142456
fold_03,3,60845,2,2,0.8439721465110779
fold_03,3,60845,3,3,0.9373959302902222
fold_03,3,60867,1,1,0.9610938429832458
fold_03,3,60867,2,2,0.9153649210929871
fold_03,3,60867,3,3,0.9570633769035339
fold_03,3,61122,1,1,0.9477048516273499
fold_03,3,61122,2,2,0.9304013252258301
fold_03,3,61122,3,3,0.9309293627738953
fold_03,3,61133,1,1,0.932050883769989
fold_03,3,61133,2,2,0.9331797361373901
fold_03,3,61133,3,3,0.9607977271080017
fold_03,3,61177,1,1,0.9415845274925232
fold_03,3,61177,2,2,0.9462096691131592
fold_03,3,61177,3,3,0.9458354711532593
fold_03,3,61510,1,1,0.9479141235351562
fold_03,3,61510,2,2,0.9054387211799622
fold_03,3,61510,3,3,0.8903557658195496
fold_03,3,61677,1,1,0.9436690807342529
fold_03,3,61677,2,2,0.9290599226951599
fold_03,3,61677,3,3,0.9529545307159424
fold_03,3,61738,1,1,0.9583258628845215
fold_03,3,61738,2,2,0.9346807599067688
fold_03,3,61738,3,3,0.9270175099372864
fold_03,3,61748,1,1,0.9566810727119446
fold_03,3,61748,2,2,0.9164938926696777
fold_03,3,61748,3,3,0.9176976084709167
fold_03,3,61797,1,1,0.9376195669174194
fold_03,3,61797,2,2,0.9267382025718689
fold_03,3,61797,3,3,0.894718587398529
fold_03,3,61809,1,1,0.9372193217277527
fold_03,3,61809,2,2,0.9233489036560059
fold_03,3,61809,3,3,0.9410538077354431
fold_03,3,61873,1,1,0.9484256505966187
fold_03,3,61873,2,2,0.9384202361106873
fold_03,3,61873,3,3,0.9329865574836731
fold_03,3,62006,1,1,0.9212790131568909
fold_03,3,62006,2,2,0.9046456813812256
fold_03,3,62006,3,3,0.901856541633606
fold_03,3,62015,1,1,0.9130493998527527
fold_03,3,62015,2,2,0.9482329487800598
fold_03,3,62015,3,3,0.9211167097091675
fold_03,3,62209,1,1,0.9323838949203491
fold_03,3,62209,2,2,0.9314275979995728
fold_03,3,62209,3,3,0.8763707876205444
fold_03,3,62228,1,1,0.8442674279212952
fold_03,3,62228,2,2,0.9512652158737183
fold_03,3,62228,3,3,0.9239264130592346
fold_03,3,62275,1,1,0.9411430954933167
fold_03,3,62275,2,2,0.941638171672821
fold_03,3,62275,3,3,0.9448562264442444
fold_03,3,62302,1,1,0.9467896819114685
fold_03,3,62302,2,2,0.9478530883789062
fold_03,3,62302,3,3,0.9321514368057251
fold_03,3,62479,1,1,0.9394983053207397
fold_03,3,62479,2,2,0.9319307804107666
fold_03,3,62479,3,3,0.9572657942771912
fold_03,3,62544,1,1,0.9469249248504639
fold_03,3,62544,2,2,0.8961594104766846
fold_03,3,62544,3,3,0.928968608379364
fold_03,3,62683,1,1,0.9494694471359253
fold_03,3,62683,2,2,0.936981201171875
fold_03,3,62683,3,3,0.9322724938392639
fold_03,3,62960,1,1,0.9177173376083374
fold_03,3,62960,2,2,0.9500192999839783
fold_03,3,62960,3,3,0.9491250514984131
fold_03,3,63081,1,1,0.8972620368003845
fold_03,3,63081,2,2,0.94610196352005
fold_03,3,63081,3,3,0.8630304336547852
fold_03,3,63182,1,1,0.8835089802742004
fold_03,3,63182,2,2,0.9444196224212646
fold_03,3,63182,3,3,0.9314555525779724
fold_03,3,63825,1,1,0.9499213695526123
fold_03,3,63825,2,2,0.901252269744873
fold_03,3,63825,3,3,0.9538747668266296
fold_03,3,63931,1,1,0.9489689469337463
fold_03,3,63931,2,2,0.9445483088493347
fold_03,3,63931,3,3,0.9360529184341431
fold_03,3,63944,1,1,0.9529011845588684
fold_03,3,63944,2,2,0.9153717160224915
fold_03,3,63944,3,3,0.9364783763885498
fold_03,3,64096,1,1,0.945654571056366
fold_03,3,64096,2,2,0.9372808337211609
fold_03,3,64096,3,3,0.9420027732849121
fold_03,3,64295,1,1,0.941937267780304
fold_03,3,64295,2,2,0.913693904876709
fold_03,3,64295,3,3,0.9577990770339966
fold_03,3,64498,1,1,0.9500033259391785
fold_03,3,64498,2,2,0.942855179309845
fold_03,3,64498,3,3,0.9327316880226135
fold_03,3,64621,1,1,0.9562849998474121
fold_03,3,64621,2,2,0.9453789591789246
fold_03,3,64621,3,3,0.94505375623703
fold_03,3,64867,1,1,0.9358457922935486
fold_03,3,64867,2,2,0.8732777833938599
fold_03,3,64867,3,3,0.9438070058822632
fold_03,3,64880,1,1,0.9236143231391907
fold_03,3,64880,2,2,0.9418160915374756
fold_03,3,64880,3,3,0.9398610591888428
fold_03,3,65069,1,1,0.9267032146453857
fold_03,3,65069,2,2,0.9223899841308594
fold_03,3,65069,3,3,0.8929059505462646
fold_03,3,65148,1,1,0.9279429316520691
fold_03,3,65148,2,2,0.9303157925605774
fold_03,3,65148,3,3,0.9375082850456238
fold_03,3,65253,1,1,0.9057264924049377
fold_03,3,65253,2,2,0.9339839220046997
fold_03,3,65253,3,3,0.9299056529998779
fold_03,3,65267,1,1,0.9183885455131531
fold_03,3,65267,2,2,0.9439092874526978
fold_03,3,65267,3,3,0.8835196495056152
fold_03,3,65376,1,1,0.9333274364471436
fold_03,3,65376,2,2,0.9178375601768494
fold_03,3,65376,3,3,0.9355189204216003
fold_03,3,65445,1,1,0.9592671990394592
fold_03,3,65445,2,2,0.9605402946472168
fold_03,3,65445,3,3,0.9416953921318054
fold_03,3,65639,1,1,0.9011593461036682
fold_03,3,65639,2,2,0.9556450843811035
fold_03,3,65639,3,3,0.9426167011260986
fold_03,3,65686,1,1,0.93953937292099
fold_03,3,65686,2,2,0.9377638101577759
fold_03,3,65686,3,3,0.9329825639724731
fold_03,3,65769,1,1,0.9386112689971924
fold_03,3,65769,2,2,0.9583411812782288
fold_03,3,65769,3,3,0.918907105922699
fold_03,3,65799,1,1,0.9480072259902954
fold_03,3,65799,2,2,0.9563844799995422
fold_03,3,65799,3,3,0.9512656927108765
fold_03,3,65821,1,1,0.9470767974853516
fold_03,3,65821,2,2,0.948485791683197
fold_03,3,65821,3,3,0.9298343062400818
fold_03,3,65872,1,1,0.9497367739677429
fold_03,3,65872,2,2,0.959245502948761
fold_03,3,65872,3,3,0.9457775950431824
fold_03,3,65920,1,1,0.9095045328140259
fold_03,3,65920,2,2,0.9398045539855957
fold_03,3,65920,3,3,0.9363049268722534
fold_03,3,65943,1,1,0.9430698752403259
fold_03,3,65943,2,2,0.9402722716331482
fold_03,3,65943,3,3,0.9388924241065979
fold_03,3,66004,1,1,0.9513363242149353
fold_03,3,66004,2,2,0.9462238550186157
fold_03,3,66004,3,3,0.9433601498603821
fold_03,3,66216,1,1,0.954287588596344
fold_03,3,66216,2,2,0.957595705986023
fold_03,3,66216,3,3,0.9208902716636658
fold_03,3,66278,1,1,0.9509127140045166
fold_03,3,66278,2,2,0.9502995014190674
fold_03,3,66278,3,3,0.9589210152626038
fold_03,3,66330,1,1,0.9377978444099426
fold_03,3,66330,2,2,0.9374738931655884
fold_03,3,66330,3,3,0.9498826861381531
fold_03,3,66464,1,1,0.9362684488296509
fold_03,3,66464,2,2,0.9460376501083374
fold_03,3,66464,3,3,0.9405093789100647
fold_03,3,66489,1,1,0.9341417551040649
fold_03,3,66489,2,2,0.936607301235199
fold_03,3,66489,3,3,0.9453399181365967
fold_03,3,66580,1,1,0.9533566236495972
fold_03,3,66580,2,2,0.9424720406532288
fold_03,3,66580,3,3,0.9542711973190308
fold_03,3,66773,1,1,0.9287855625152588
fold_03,3,66773,2,2,0.958294689655304
fold_03,3,66773,3,3,0.9439271092414856
fold_03,3,66836,1,1,0.9398153424263
fold_03,3,66836,2,2,0.9441782832145691
fold_03,3,66836,3,3,0.9388724565505981
fold_03,3,66946,1,1,0.955778181552887
fold_03,3,66946,2,2,0.9213821291923523
fold_03,3,66946,3,3,0.9385660886764526
fold_03,3,66976,1,1,0.9569590091705322
fold_03,3,66976,2,2,0.9280433058738708
fold_03,3,66976,3,3,0.9451629519462585
fold_03,3,67204,1,1,0.943437933921814
fold_03,3,67204,2,2,0.9415866136550903
fold_03,3,67204,3,3,0.8848228454589844
fold_03,3,67237,1,1,0.8939165472984314
fold_03,3,67237,2,2,0.9265304207801819
fold_03,3,67237,3,3,0.9395356178283691
fold_03,3,67295,1,1,0.8948965072631836
fold_03,3,67295,2,2,0.9528428912162781
fold_03,3,67295,3,3,0.9488197565078735
fold_03,3,67742,1,1,0.9487107396125793
fold_03,3,67742,2,2,0.958413302898407
fold_03,3,67742,3,3,0.917951762676239
fold_03,3,67802,1,1,0.9528414607048035
fold_03,3,67802,2,2,0.9306291937828064
fold_03,3,67802,3,3,0.9039145112037659
fold_03,3,67829,1,1,0.8955910205841064
fold_03,3,67829,2,2,0.9364941716194153
fold_03,3,67829,3,3,0.9529101848602295
fold_03,3,68168,1,1,0.9063154458999634
fold_03,3,68168,2,2,0.9322920441627502
fold_03,3,68168,3,3,0.9407027363777161
fold_03,3,68278,1,1,0.9396172165870667
fold_03,3,68278,2,2,0.9347609877586365
fold_03,3,68278,3,3,0.9293445348739624
fold_03,3,68311,1,1,0.9584367275238037
fold_03,3,68311,2,2,0.8775679469108582
fold_03,3,68311,3,3,0.9450604915618896
fold_03,3,68339,1,1,0.9482435584068298
fold_03,3,68339,2,2,0.9334789514541626
fold_03,3,68339,3,3,0.9445534348487854
fold_03,3,68418,1,1,0.9344933032989502
fold_03,3,68418,2,2,0.9487888216972351
fold_03,3,68418,3,3,0.953055202960968
fold_03,3,68471,1,1,0.9450920224189758
fold_03,3,68471,2,2,0.9478846192359924
fold_03,3,68471,3,3,0.9499279856681824
fold_03,3,68741,1,1,0.9246702790260315
fold_03,3,68741,2,2,0.8911512494087219
fold_03,3,68741,3,3,0.9397287368774414
fold_03,3,68814,1,1,0.9378198981285095
fold_03,3,68814,2,2,0.9549121260643005
fold_03,3,68814,3,3,0.9315716624259949
fold_03,3,68842,1,1,0.9122311472892761
fold_03,3,68842,2,2,0.921065092086792
fold_03,3,68842,3,3,0.9210454225540161
fold_03,3,68858,1,1,0.9420557022094727
fold_03,3,68858,2,2,0.9176610708236694
fold_03,3,68858,3,3,0.9192847609519958
fold_03,3,68897,1,1,0.9492716193199158
fold_03,3,68897,2,2,0.8949002623558044
fold_03,3,68897,3,3,0.962063193321228
fold_03,3,69007,1,1,0.9448177814483643
fold_03,3,69007,2,2,0.9383465051651001
fold_03,3,69007,3,3,0.9064605236053467
fold_03,3,69214,1,1,0.9403542280197144
fold_03,3,69214,2,2,0.9143369793891907
fold_03,3,69214,3,3,0.9582940340042114
fold_03,3,69240,1,1,0.9327183365821838
fold_03,3,69240,2,2,0.8476141095161438
fold_03,3,69240,3,3,0.9459564685821533
fold_03,3,69614,1,1,0.9430075287818909
fold_03,3,69614,2,2,0.9269117712974548
fold_03,3,69614,3,3,0.9366563558578491
fold_03,3,69813,1,1,0.8779937028884888
fold_03,3,69813,2,2,0.9590736031532288
fold_03,3,69813,3,3,0.8781138062477112
fold_03,3,69831,1,1,0.9128024578094482
fold_03,3,69831,2,2,0.9359903335571289
fold_03,3,69831,3,3,0.9434554576873779
fold_03,3,69839,1,1,0.9385873675346375
fold_03,3,69839,2,2,0.9438895583152771
fold_03,3,69839,3,3,0.9396193623542786
fold_03,3,69854,1,1,0.9491652846336365
fold_03,3,69854,2,2,0.9511199593544006
fold_03,3,69854,3,3,0.8640640377998352
fold_03,3,70075,1,1,0.9245101809501648
fold_03,3,70075,2,2,0.9373716711997986
fold_03,3,70075,3,3,0.9272544980049133
fold_03,3,70095,1,1,0.9001114368438721
fold_03,3,70095,2,2,0.9129217267036438
fold_03,3,70095,3,3,0.92577064037323
fold_03,3,70193,1,1,0.953873336315155
fold_03,3,70193,2,2,0.9381039142608643
fold_03,3,70193,3,3,0.9589366912841797
fold_03,3,70232,1,1,0.9312180876731873
fold_03,3,70232,2,2,0.9347984790802002
fold_03,3,70232,3,3,0.9518595337867737
fold_03,3,70360,1,1,0.9365149140357971
fold_03,3,70360,2,2,0.9518854022026062
fold_03,3,70360,3,3,0.9336440563201904
fold_03,3,70427,1,1,0.9096463918685913
fold_03,3,70427,2,2,0.9445893168449402
fold_03,3,70427,3,3,0.9662171006202698
fold_03,3,70505,1,1,0.9199500679969788
fold_03,3,70505,2,2,0.9345120191574097
fold_03,3,70505,3,3,0.9453486800193787
fold_03,3,71232,1,1,0.9333779215812683
fold_03,3,71232,2,2,0.9314101338386536
fold_03,3,71232,3,3,0.9465130567550659
fold_03,3,71241,1,1,0.9567991495132446
fold_03,3,71241,2,2,0.9455371499061584
fold_03,3,71241,3,3,0.9445303082466125
fold_03,3,71410,1,1,0.9548018574714661
fold_03,3,71410,2,2,0.9420536160469055
fold_03,3,71410,3,3,0.8886996507644653
fold_03,3,71450,1,1,0.9233173727989197
fold_03,3,71450,2,2,0.9525027871131897
fold_03,3,71450,3,3,0.9407399892807007
fold_03,3,71753,1,1,0.9674469232559204
fold_03,3,71753,2,2,0.9152064919471741
fold_03,3,71753,3,3,0.9438251852989197
fold_03,3,71894,1,1,0.8841788172721863
fold_03,3,71894,2,2,0.9269788265228271
fold_03,3,71894,3,3,0.950870931148529
fold_03,3,72015,1,1,0.9325410723686218
fold_03,3,72015,2,2,0.9512253403663635
fold_03,3,72015,3,3,0.9396093487739563
fold_03,3,72080,1,1,0.9262040853500366
fold_03,3,72080,2,2,0.9196676015853882
fold_03,3,72080,3,3,0.9083157777786255
fold_03,3,72209,1,1,0.9501602053642273
fold_03,3,72209,2,2,0.9207015633583069
fold_03,3,72209,3,3,0.9539361596107483
fold_03,3,72312,1,1,0.9139493107795715
fold_03,3,72312,2,2,0.9495217204093933
fold_03,3,72312,3,3,0.9407544732093811
fold_03,3,72605,1,1,0.9504173398017883
fold_03,3,72605,2,2,0.9367693662643433
fold_03,3,72605,3,3,0.8975668549537659
fold_03,3,72719,1,1,0.951805830001831
fold_03,3,72719,2,2,0.8944889307022095
fold_03,3,72719,3,3,0.9409013390541077
fold_03,3,72948,1,1,0.9550603628158569
fold_03,3,72948,2,2,0.947211742401123
fold_03,3,72948,3,3,0.9412654638290405
fold_04,4,3049,1,1,0.9360582232475281
fold_04,4,3049,2,2,0.9260091781616211
fold_04,4,3049,3,3,0.8911418318748474
fold_04,4,3077,1,1,0.9531243443489075
fold_04,4,3077,2,2,0.9509223699569702
fold_04,4,3077,3,3,0.939626157283783
fold_04,4,3157,1,1,0.9341805577278137
fold_04,4,3157,2,2,0.9235907793045044
fold_04,4,3157,3,3,0.9344032406806946
fold_04,4,3164,1,1,0.9372121095657349
fold_04,4,3164,2,2,0.9303021430969238
fold_04,4,3164,3,3,0.9507279396057129
fold_04,4,3171,1,1,0.9596256017684937
fold_04,4,3171,2,2,0.9524843692779541
fold_04,4,3171,3,3,0.9354292154312134
fold_04,4,3434,1,1,0.9330055713653564
fold_04,4,3434,2,2,0.9558650255203247
fold_04,4,3434,3,3,0.9532726407051086
fold_04,4,3449,1,1,0.9622631669044495
fold_04,4,3449,2,2,0.8895350694656372
fold_04,4,3449,3,3,0.9339540004730225
fold_04,4,3489,1,1,0.940268337726593
fold_04,4,3489,2,2,0.9604493975639343
fold_04,4,3489,3,3,0.9540746212005615
fold_04,4,3626,1,1,0.9614841341972351
fold_04,4,3626,2,2,0.9560582041740417
fold_04,4,3626,3,3,0.9393126964569092
fold_04,4,3682,1,1,0.9534040093421936
fold_04,4,3682,2,2,0.9329380393028259
fold_04,4,3682,3,3,0.9499886631965637
fold_04,4,3687,1,1,0.9413003325462341
fold_04,4,3687,2,2,0.9266983866691589
fold_04,4,3687,3,3,0.9162197113037109
fold_04,4,3809,1,1,0.945074737071991
fold_04,4,3809,2,2,0.9435544610023499
fold_04,4,3809,3,3,0.9558995366096497
fold_04,4,3842,1,1,0.9292920827865601
fold_04,4,3842,2,2,0.9277284145355225
fold_04,4,3842,3,3,0.9429851174354553
fold_04,4,3847,1,1,0.920407235622406
fold_04,4,3847,2,2,0.9516539573669434
fold_04,4,3847,3,3,0.9334074258804321
fold_04,4,3856,1,1,0.9327725172042847
fold_04,4,3856,2,2,0.9546017646789551
fold_04,4,3856,3,3,0.9437130689620972
fold_04,4,3913,1,1,0.9627647399902344
fold_04,4,3913,2,2,0.9465060234069824
fold_04,4,3913,3,3,0.9426560997962952
fold_04,4,4051,1,1,0.9366391897201538
fold_04,4,4051,2,2,0.9381085634231567
fold_04,4,4051,3,3,0.939662754535675
fold_04,4,4249,1,1,0.9226269721984863
fold_04,4,4249,2,2,0.9517655372619629
fold_04,4,4249,3,3,0.9472660422325134
fold_04,4,4423,1,1,0.9299848079681396
fold_04,4,4423,2,2,0.9441948533058167
fold_04,4,4423,3,3,0.9476774334907532
fold_04,4,4667,1,1,0.9556398391723633
fold_04,4,4667,2,2,0.9247766733169556
fold_04,4,4667,3,3,0.9377459287643433
fold_04,4,4690,1,1,0.9625056385993958
fold_04,4,4690,2,2,0.9049330949783325
fold_04,4,4690,3,3,0.9424867033958435
fold_04,4,4786,1,1,0.9476742744445801
fold_04,4,4786,2,2,0.9618377685546875
fold_04,4,4786,3,3,0.9261739253997803
fold_04,4,4835,1,1,0.9442462921142578
fold_04,4,4835,2,2,0.953011691570282
fold_04,4,4835,3,3,0.9397101402282715
fold_04,4,4892,1,1,0.957718551158905
fold_04,4,4892,2,2,0.9199686646461487
fold_04,4,4892,3,3,0.9547834992408752
fold_04,4,4930,1,1,0.9684425592422485
fold_04,4,4930,2,2,0.9409935474395752
fold_04,4,4930,3,3,0.944376528263092
fold_04,4,5034,1,1,0.9522886872291565
fold_04,4,5034,2,2,0.9533029198646545
fold_04,4,5034,3,3,0.9464676976203918
fold_04,4,5204,1,1,0.9547317028045654
fold_04,4,5204,2,2,0.9442119002342224
fold_04,4,5204,3,3,0.9669037461280823
fold_04,4,5301,1,1,0.9600105881690979
fold_04,4,5301,2,2,0.9520136713981628
fold_04,4,5301,3,3,0.9348677396774292
fold_04,4,5338,1,1,0.9422528743743896
fold_04,4,5338,2,2,0.9387710690498352
fold_04,4,5338,3,3,0.9210330247879028
fold_04,4,5542,1,1,0.9556630849838257
fold_04,4,5542,2,2,0.951181173324585
fold_04,4,5542,3,3,0.9457108378410339
fold_04,4,5583,1,1,0.9189424514770508
fold_04,4,5583,2,2,0.8971688747406006
fold_04,4,5583,3,3,0.9540521502494812
fold_04,4,5602,1,1,0.9568202495574951
fold_04,4,5602,2,2,0.9484620094299316
fold_04,4,5602,3,3,0.9573312401771545
fold_04,4,6199,1,1,0.9482091665267944
fold_04,4,6199,2,2,0.9151095151901245
fold_04,4,6199,3,3,0.9473659992218018
fold_04,4,6431,1,1,0.956058144569397
fold_04,4,6431,2,2,0.9507624506950378
fold_04,4,6431,3,3,0.9132699370384216
fold_04,4,6444,1,1,0.9487783312797546
fold_04,4,6444,2,2,0.9264920353889465
fold_04,4,6444,3,3,0.9354060888290405
fold_04,4,6489,1,1,0.9399642944335938
fold_04,4,6489,2,2,0.9519853591918945
fold_04,4,6489,3,3,0.9467112421989441
fold_04,4,6521,1,1,0.9402401447296143
fold_04,4,6521,2,2,0.9438443779945374
fold_04,4,6521,3,3,0.9434912204742432
fold_04,4,6801,1,1,0.9304225444793701
fold_04,4,6801,2,2,0.942385196685791
fold_04,4,6801,3,3,0.9487820863723755
fold_04,4,7007,1,1,0.9276246428489685
fold_04,4,7007,2,2,0.9379085302352905
fold_04,4,7007,3,3,0.9215250015258789
fold_04,4,7039,1,1,0.9455589056015015
fold_04,4,7039,2,2,0.9430159330368042
fold_04,4,7039,3,3,0.9269438982009888
fold_04,4,7120,1,1,0.9333714842796326
fold_04,4,7120,2,2,0.9423068165779114
fold_04,4,7120,3,3,0.9133737087249756
fold_04,4,7207,1,1,0.9546062350273132
fold_04,4,7207,2,2,0.9117863178253174
fold_04,4,7207,3,3,0.95036780834198
fold_04,4,7366,1,1,0.9334174990653992
fold_04,4,7366,2,2,0.92057204246521
fold_04,4,7366,3,3,0.9198936223983765
fold_04,4,7654,1,1,0.9542725682258606
fold_04,4,7654,2,2,0.9482877254486084
fold_04,4,7654,3,3,0.9591063261032104
fold_04,4,7840,1,1,0.9531700611114502
fold_04,4,7840,2,2,0.9369017481803894
fold_04,4,7840,3,3,0.9556249380111694
fold_04,4,7859,1,1,0.9214629530906677
fold_04,4,7859,2,2,0.9665800929069519
fold_04,4,7859,3,3,0.9248820543289185
fold_04,4,7944,1,1,0.949705958366394
fold_04,4,7944,2,2,0.9484829902648926
fold_04,4,7944,3,3,0.9259105920791626
fold_04,4,8006,1,1,0.9414716958999634
fold_04,4,8006,2,2,0.8414085507392883
fold_04,4,8006,3,3,0.9580124020576477
fold_04,4,8109,1,1,0.9380971789360046
fold_04,4,8109,2,2,0.9538185000419617
fold_04,4,8109,3,3,0.9433354139328003
fold_04,4,8225,1,1,0.8751310706138611
fold_04,4,8225,2,2,0.9485794901847839
fold_04,4,8225,3,3,0.9259191751480103
fold_04,4,8394,1,1,0.9367992281913757
fold_04,4,8394,2,2,0.9454917311668396
fold_04,4,8394,3,3,0.9565623998641968
fold_04,4,8509,1,1,0.9459500312805176
fold_04,4,8509,2,2,0.9313403367996216
fold_04,4,8509,3,3,0.9565665125846863
fold_04,4,8646,1,1,0.9599634408950806
fold_04,4,8646,2,2,0.9457660913467407
fold_04,4,8646,3,3,0.9517916440963745
fold_04,4,8807,1,1,0.9538888335227966
fold_04,4,8807,2,2,0.9275681972503662
fold_04,4,8807,3,3,0.9347214698791504
fold_04,4,8933,1,1,0.9483959078788757
fold_04,4,8933,2,2,0.9217442274093628
fold_04,4,8933,3,3,0.9399080276489258
fold_04,4,9027,1,1,0.9504396319389343
fold_04,4,9027,2,2,0.9522315263748169
fold_04,4,9027,3,3,0.9469802975654602
fold_04,4,9048,1,1,0.9261422157287598
fold_04,4,9048,2,2,0.9014443755149841
fold_04,4,9048,3,3,0.9448618292808533
fold_04,4,9147,1,1,0.9286515116691589
fold_04,4,9147,2,2,0.9397497177124023
fold_04,4,9147,3,3,0.9449978470802307
fold_04,4,9434,1,1,0.9363744258880615
fold_04,4,9434,2,2,0.9581379294395447
fold_04,4,9434,3,3,0.9464007019996643
fold_04,4,9917,1,1,0.9101167917251587
fold_04,4,9917,2,2,0.955193817615509
fold_04,4,9917,3,3,0.9106215238571167
fold_04,4,10006,1,1,0.934855043888092
fold_04,4,10006,2,2,0.9445568919181824
fold_04,4,10006,3,3,0.9070560932159424
fold_04,4,10046,1,1,0.931831419467926
fold_04,4,10046,2,2,0.8844469785690308
fold_04,4,10046,3,3,0.9368882179260254
fold_04,4,10064,1,1,0.9351775050163269
fold_04,4,10064,2,2,0.9353536367416382
fold_04,4,10064,3,3,0.9387887716293335
fold_04,4,10105,1,1,0.9326425790786743
fold_04,4,10105,2,2,0.9433056116104126
fold_04,4,10105,3,3,0.9519339799880981
fold_04,4,10107,1,1,0.9364391565322876
fold_04,4,10107,2,2,0.9342199563980103
fold_04,4,10107,3,3,0.9324684739112854
fold_04,4,10244,1,1,0.9380047917366028
fold_04,4,10244,2,2,0.956525444984436
fold_04,4,10244,3,3,0.9554062485694885
fold_04,4,10471,1,1,0.9493744969367981
fold_04,4,10471,2,2,0.9609879851341248
fold_04,4,10471,3,3,0.9557449817657471
fold_04,4,11159,1,1,0.9416195750236511
fold_04,4,11159,2,2,0.9466133713722229
fold_04,4,11159,3,3,0.9419167637825012
fold_04,4,11333,1,1,0.8921470642089844
fold_04,4,11333,2,2,0.9525642991065979
fold_04,4,11333,3,3,0.9301432967185974
fold_04,4,11521,1,1,0.9457109570503235
fold_04,4,11521,2,2,0.9555454254150391
fold_04,4,11521,3,3,0.9530191421508789
fold_04,4,11617,1,1,0.9289427995681763
fold_04,4,11617,2,2,0.9375835657119751
fold_04,4,11617,3,3,0.950279176235199
fold_04,4,11635,1,1,0.9316295981407166
fold_04,4,11635,2,2,0.947746217250824
fold_04,4,11635,3,3,0.9367318749427795
fold_04,4,11689,1,1,0.9456366300582886
fold_04,4,11689,2,2,0.9275661110877991
fold_04,4,11689,3,3,0.9458774924278259
fold_04,4,11725,1,1,0.9494431018829346
fold_04,4,11725,2,2,0.9551040530204773
fold_04,4,11725,3,3,0.9469422698020935
fold_04,4,11796,1,1,0.9380532503128052
fold_04,4,11796,2,2,0.9529850482940674
fold_04,4,11796,3,3,0.962020218372345
fold_04,4,11837,1,1,0.9511804580688477
fold_04,4,11837,2,2,0.8674325942993164
fold_04,4,11837,3,3,0.9380189776420593
fold_04,4,11844,1,1,0.9575537443161011
fold_04,4,11844,2,2,0.9461674690246582
fold_04,4,11844,3,3,0.9541714191436768
fold_04,4,11932,1,1,0.9479721784591675
fold_04,4,11932,2,2,0.9599322080612183
fold_04,4,11932,3,3,0.95720374584198
fold_04,4,11942,1,1,0.9349319934844971
fold_04,4,11942,2,2,0.9647872447967529
fold_04,4,11942,3,3,0.9437164068222046
fold_04,4,11952,1,1,0.9286454916000366
fold_04,4,11952,2,2,0.9610796570777893
fold_04,4,11952,3,3,0.9391385912895203
fold_04,4,12308,1,1,0.9419599771499634
fold_04,4,12308,2,2,0.9320555925369263
fold_04,4,12308,3,3,0.9648580551147461
fold_04,4,12796,1,1,0.917629063129425
fold_04,4,12796,2,2,0.949656069278717
fold_04,4,12796,3,3,0.9267632365226746
fold_04,4,12922,1,1,0.9480224251747131
fold_04,4,12922,2,2,0.9434823989868164
fold_04,4,12922,3,3,0.9489549994468689
fold_04,4,13138,1,1,0.9495442509651184
fold_04,4,13138,2,2,0.9331067204475403
fold_04,4,13138,3,3,0.9120956063270569
fold_04,4,13312,1,1,0.9118151664733887
fold_04,4,13312,2,2,0.9692137241363525
fold_04,4,13312,3,3,0.9542248845100403
fold_04,4,13314,1,1,0.9545487761497498
fold_04,4,13314,2,2,0.941688060760498
fold_04,4,13314,3,3,0.9498671293258667
fold_04,4,13613,1,1,0.9483979344367981
fold_04,4,13613,2,2,0.9412509799003601
fold_04,4,13613,3,3,0.944649338722229
fold_04,4,14179,1,1,0.9107339382171631
fold_04,4,14179,2,2,0.942293643951416
fold_04,4,14179,3,3,0.9190442562103271
fold_04,4,14528,1,1,0.9538142681121826
fold_04,4,14528,2,2,0.9487372636795044
fold_04,4,14528,3,3,0.9280050992965698
fold_04,4,14594,1,1,0.9496039748191833
fold_04,4,14594,2,2,0.964130699634552
fold_04,4,14594,3,3,0.946603000164032
fold_04,4,14610,1,1,0.9584496021270752
fold_04,4,14610,2,2,0.9420367479324341
fold_04,4,14610,3,3,0.931313693523407
fold_04,4,14793,1,1,0.9152568578720093
fold_04,4,14793,2,2,0.9113759398460388
fold_04,4,14793,3,3,0.8921451568603516
fold_04,4,14820,1,1,0.9465236663818359
fold_04,4,14820,2,2,0.9355189800262451
fold_04,4,14820,3,3,0.9513034224510193
fold_04,4,14898,1,1,0.9540718793869019
fold_04,4,14898,2,2,0.945805013179779
fold_04,4,14898,3,3,0.9467953443527222
fold_04,4,15364,1,1,0.9011180996894836
fold_04,4,15364,2,2,0.9091905951499939
fold_04,4,15364,3,3,0.9369991421699524
fold_04,4,15506,1,1,0.9606381058692932
fold_04,4,15506,2,2,0.9466941952705383
fold_04,4,15506,3,3,0.9547778367996216
fold_04,4,15819,1,1,0.9607388973236084
fold_04,4,15819,2,2,0.9232512712478638
fold_04,4,15819,3,3,0.9027668237686157
fold_04,4,15939,1,1,0.9629164934158325
fold_04,4,15939,2,2,0.9602186679840088
fold_04,4,15939,3,3,0.9107739329338074
fold_04,4,16252,1,1,0.9494509696960449
fold_04,4,16252,2,2,0.9528281092643738
fold_04,4,16252,3,3,0.9443140625953674
fold_04,4,16344,1,1,0.9566776156425476
fold_04,4,16344,2,2,0.9474366903305054
fold_04,4,16344,3,3,0.9461680054664612
fold_04,4,16616,1,1,0.9500821828842163
fold_04,4,16616,2,2,0.9405046105384827
fold_04,4,16616,3,3,0.957625150680542
fold_04,4,16702,1,1,0.9563302397727966
fold_04,4,16702,2,2,0.9586017727851868
fold_04,4,16702,3,3,0.9489033818244934
fold_04,4,16823,1,1,0.957314670085907
fold_04,4,16823,2,2,0.922106921672821
fold_04,4,16823,3,3,0.9363060593605042
fold_04,4,16917,1,1,0.9536306858062744
fold_04,4,16917,2,2,0.9567121267318726
fold_04,4,16917,3,3,0.9389604330062866
fold_04,4,17048,1,1,0.962058424949646
fold_04,4,17048,2,2,0.9349653720855713
fold_04,4,17048,3,3,0.9344544410705566
fold_04,4,17374,1,1,0.9398547410964966
fold_04,4,17374,2,2,0.9432613849639893
fold_04,4,17374,3,3,0.9428977370262146
fold_04,4,17485,1,1,0.9488763809204102
fold_04,4,17485,2,2,0.950260579586029
fold_04,4,17485,3,3,0.8923937082290649
fold_04,4,17549,1,1,0.9572041034698486
fold_04,4,17549,2,2,0.9569991230964661
fold_04,4,17549,3,3,0.9242542386054993
fold_04,4,17934,1,1,0.9553273916244507
fold_04,4,17934,2,2,0.9412906169891357
fold_04,4,17934,3,3,0.9474719762802124
fold_04,4,18434,1,1,0.9495280981063843
fold_04,4,18434,2,2,0.9230048656463623
fold_04,4,18434,3,3,0.9486783146858215
fold_04,4,18543,1,1,0.9444866180419922
fold_04,4,18543,2,2,0.9150843620300293
fold_04,4,18543,3,3,0.9465747475624084
fold_04,4,19074,1,1,0.9495767951011658
fold_04,4,19074,2,2,0.9144853949546814
fold_04,4,19074,3,3,0.9420836567878723
fold_04,4,19181,1,1,0.9331550598144531
fold_04,4,19181,2,2,0.955727756023407
fold_04,4,19181,3,3,0.9607350826263428
fold_04,4,19199,1,1,0.9308998584747314
fold_04,4,19199,2,2,0.943110466003418
fold_04,4,19199,3,3,0.8799903392791748
fold_04,4,19436,1,1,0.9391870498657227
fold_04,4,19436,2,2,0.9203199744224548
fold_04,4,19436,3,3,0.9389129877090454
fold_04,4,19933,1,1,0.9556805491447449
fold_04,4,19933,2,2,0.9487678408622742
fold_04,4,19933,3,3,0.9362108111381531
fold_04,4,20054,1,1,0.9366815090179443
fold_04,4,20054,2,2,0.9344966411590576
fold_04,4,20054,3,3,0.944952666759491
fold_04,4,20080,1,1,0.9470568895339966
fold_04,4,20080,2,2,0.9457684755325317
fold_04,4,20080,3,3,0.9344982504844666
fold_04,4,20206,1,1,0.9385205507278442
fold_04,4,20206,2,2,0.9416329860687256
fold_04,4,20206,3,3,0.9570607542991638
fold_04,4,20265,1,1,0.9340466856956482
fold_04,4,20265,2,2,0.9349432587623596
fold_04,4,20265,3,3,0.954543948173523
fold_04,4,20442,1,1,0.9444332122802734
fold_04,4,20442,2,2,0.9671341776847839
fold_04,4,20442,3,3,0.940993070602417
fold_04,4,20633,1,1,0.9389739036560059
fold_04,4,20633,2,2,0.9440173506736755
fold_04,4,20633,3,3,0.9536410570144653
fold_04,4,20650,1,1,0.9438171982765198
fold_04,4,20650,2,2,0.9364489912986755
fold_04,4,20650,3,3,0.951957106590271
fold_04,4,20738,1,1,0.9602242708206177
fold_04,4,20738,2,2,0.9580715894699097
fold_04,4,20738,3,3,0.9486856460571289
fold_04,4,20820,1,1,0.9470229148864746
fold_04,4,20820,2,2,0.9404807686805725
fold_04,4,20820,3,3,0.8601922392845154
fold_04,4,21108,1,1,0.9427534937858582
fold_04,4,21108,2,2,0.9288785457611084
fold_04,4,21108,3,3,0.9449142217636108
fold_04,4,21192,1,1,0.932852029800415
fold_04,4,21192,2,2,0.9184084534645081
fold_04,4,21192,3,3,0.9354937672615051
fold_04,4,21194,1,1,0.9567973017692566
fold_04,4,21194,2,2,0.946535587310791
fold_04,4,21194,3,3,0.9582101702690125
fold_04,4,21218,1,1,0.9597562551498413
fold_04,4,21218,2,2,0.957309365272522
fold_04,4,21218,3,3,0.9638960361480713
fold_04,4,21253,1,1,0.9593707323074341
fold_04,4,21253,2,2,0.9436179995536804
fold_04,4,21253,3,3,0.9379513263702393
fold_04,4,21279,1,1,0.9472606182098389
fold_04,4,21279,2,2,0.9124780297279358
fold_04,4,21279,3,3,0.9230875968933105
fold_04,4,21601,1,1,0.9586316347122192
fold_04,4,21601,2,2,0.9154039621353149
fold_04,4,21601,3,3,0.9678646922111511
fold_04,4,21950,1,1,0.9286803603172302
fold_04,4,21950,2,2,0.9509885907173157
fold_04,4,21950,3,3,0.9346197247505188
fold_04,4,22263,1,1,0.9468016028404236
fold_04,4,22263,2,2,0.9675312638282776
fold_04,4,22263,3,3,0.9538690447807312
fold_04,4,22495,1,1,0.9429481029510498
fold_04,4,22495,2,2,0.9464020729064941
fold_04,4,22495,3,3,0.9119266271591187
fold_04,4,22515,1,1,0.9541338682174683
fold_04,4,22515,2,2,0.947754979133606
fold_04,4,22515,3,3,0.9598084688186646
fold_04,4,22523,1,1,0.9540372490882874
fold_04,4,22523,2,2,0.9488949179649353
fold_04,4,22523,3,3,0.9404045343399048
fold_04,4,22530,1,1,0.9229181408882141
fold_04,4,22530,2,2,0.9251815676689148
fold_04,4,22530,3,3,0.9469404816627502
fold_04,4,22587,1,1,0.9536535739898682
fold_04,4,22587,2,2,0.938569962978363
fold_04,4,22587,3,3,0.9637056589126587
fold_04,4,22794,1,1,0.9600311517715454
fold_04,4,22794,2,2,0.9441559910774231
fold_04,4,22794,3,3,0.9147638082504272
fold_04,4,22879,1,1,0.9559262990951538
fold_04,4,22879,2,2,0.9542250633239746
fold_04,4,22879,3,3,0.9525418281555176
fold_04,4,22957,1,1,0.941046953201294
fold_04,4,22957,2,2,0.9505519270896912
fold_04,4,22957,3,3,0.9317734837532043
fold_04,4,22967,1,1,0.9620980024337769
fold_04,4,22967,2,2,0.9306707382202148
fold_04,4,22967,3,3,0.9567457437515259
fold_04,4,22993,1,1,0.9140915870666504
fold_04,4,22993,2,2,0.9540491104125977
fold_04,4,22993,3,3,0.8721896409988403
fold_04,4,23036,1,1,0.9490954279899597
fold_04,4,23036,2,2,0.9513112306594849
fold_04,4,23036,3,3,0.9528627991676331
fold_04,4,23241,1,1,0.9428695440292358
fold_04,4,23241,2,2,0.9555785655975342
fold_04,4,23241,3,3,0.9247540235519409
fold_04,4,23715,1,1,0.9600435495376587
fold_04,4,23715,2,2,0.9354860782623291
fold_04,4,23715,3,3,0.9473584294319153
fold_04,4,23729,1,1,0.9388210773468018
fold_04,4,23729,2,2,0.9533010125160217
fold_04,4,23729,3,3,0.9479897022247314
fold_04,4,23993,1,1,0.9341592788696289
fold_04,4,23993,2,2,0.9414445161819458
fold_04,4,23993,3,3,0.929639995098114
fold_04,4,24202,1,1,0.9246268272399902
fold_04,4,24202,2,2,0.9414230585098267
fold_04,4,24202,3,3,0.9422965049743652
fold_04,4,24214,1,1,0.9344922304153442
fold_04,4,24214,2,2,0.9563064575195312
fold_04,4,24214,3,3,0.9416468143463135
fold_04,4,24517,1,1,0.9427660703659058
fold_04,4,24517,2,2,0.9436840415000916
fold_04,4,24517,3,3,0.8709020018577576
fold_04,4,24530,1,1,0.9325689673423767
fold_04,4,24530,2,2,0.958294153213501
fold_04,4,24530,3,3,0.9470705389976501
fold_04,4,24560,1,1,0.9478875398635864
fold_04,4,24560,2,2,0.9504193663597107
fold_04,4,24560,3,3,0.8871421813964844
fold_04,4,24640,1,1,0.9536291360855103
fold_04,4,24640,2,2,0.9475793838500977
fold_04,4,24640,3,3,0.9524369239807129
fold_04,4,24846,1,1,0.9437760710716248
fold_04,4,24846,2,2,0.9330096244812012
fold_04,4,24846,3,3,0.948401153087616
fold_04,4,25091,1,1,0.9492838978767395
fold_04,4,25091,2,2,0.9461451768875122
fold_04,4,25091,3,3,0.9512940049171448
fold_04,4,25111,1,1,0.9494893550872803
fold_04,4,25111,2,2,0.9332674145698547
fold_04,4,25111,3,3,0.9388806223869324
fold_04,4,25250,1,1,0.9420183300971985
fold_04,4,25250,2,2,0.953131377696991
fold_04,4,25250,3,3,0.9467259645462036
fold_04,4,25268,1,1,0.9547134637832642
fold_04,4,25268,2,2,0.9214073419570923
fold_04,4,25268,3,3,0.9472115635871887
fold_04,4,25284,1,1,0.9390465021133423
fold_04,4,25284,2,2,0.9478481411933899
fold_04,4,25284,3,3,0.9514021873474121
fold_04,4,25318,1,1,0.9571468234062195
fold_04,4,25318,2,2,0.9617953896522522
fold_04,4,25318,3,3,0.9277855753898621
fold_04,4,25319,1,1,0.9520778059959412
fold_04,4,25319,2,2,0.9430006742477417
fold_04,4,25319,3,3,0.9462716579437256
fold_04,4,25371,1,1,0.9541273713111877
fold_04,4,25371,2,2,0.9498191475868225
fold_04,4,25371,3,3,0.9433387517929077
fold_04,4,25578,1,1,0.9390089511871338
fold_04,4,25578,2,2,0.9312884211540222
fold_04,4,25578,3,3,0.9494931101799011
fold_04,4,25581,1,1,0.9371481537818909
fold_04,4,25581,2,2,0.9375138282775879
fold_04,4,25581,3,3,0.9267942309379578
fold_04,4,25588,1,1,0.9615928530693054
fold_04,4,25588,2,2,0.9324626922607422
fold_04,4,25588,3,3,0.9470247626304626
fold_04,4,25702,1,1,0.9416038990020752
fold_04,4,25702,2,2,0.946850597858429
fold_04,4,25702,3,3,0.9307754039764404
fold_04,4,25741,1,1,0.9522054195404053
fold_04,4,25741,2,2,0.9623845815658569
fold_04,4,25741,3,3,0.9366073608398438
fold_04,4,25746,1,1,0.9439883828163147
fold_04,4,25746,2,2,0.9376177787780762
fold_04,4,25746,3,3,0.9645408391952515
fold_04,4,26163,1,1,0.9597389101982117
fold_04,4,26163,2,2,0.9376532435417175
fold_04,4,26163,3,3,0.9512783885002136
fold_04,4,26351,1,1,0.9496935606002808
fold_04,4,26351,2,2,0.8718275427818298
fold_04,4,26351,3,3,0.9563835859298706
fold_04,4,26435,1,1,0.9501376152038574
fold_04,4,26435,2,2,0.9370924234390259
fold_04,4,26435,3,3,0.9357115626335144
fold_04,4,26458,1,1,0.9024379253387451
fold_04,4,26458,2,2,0.9578427076339722
fold_04,4,26458,3,3,0.9484925270080566
fold_04,4,26720,1,1,0.946277379989624
fold_04,4,26720,2,2,0.9647189974784851
fold_04,4,26720,3,3,0.9246333241462708
fold_04,4,26895,1,1,0.9515929818153381
fold_04,4,26895,2,2,0.9237057566642761
fold_04,4,26895,3,3,0.9453337788581848
fold_04,4,26909,1,1,0.9407122135162354
fold_04,4,26909,2,2,0.9382470846176147
fold_04,4,26909,3,3,0.9347970485687256
fold_04,4,26990,1,1,0.9568186402320862
fold_04,4,26990,2,2,0.9239562749862671
fold_04,4,26990,3,3,0.9406726360321045
fold_04,4,27242,1,1,0.9222368001937866
fold_04,4,27242,2,2,0.9339187145233154
fold_04,4,27242,3,3,0.9569893479347229
fold_04,4,27275,1,1,0.9544709324836731
fold_04,4,27275,2,2,0.9633646607398987
fold_04,4,27275,3,3,0.9371742010116577
fold_04,4,27326,1,1,0.9568681120872498
fold_04,4,27326,2,2,0.921653687953949
fold_04,4,27326,3,3,0.9338904023170471
fold_04,4,27435,1,1,0.9503535628318787
fold_04,4,27435,2,2,0.9382744431495667
fold_04,4,27435,3,3,0.945392370223999
fold_04,4,27568,1,1,0.9457131028175354
fold_04,4,27568,2,2,0.9598395228385925
fold_04,4,27568,3,3,0.9491575360298157
fold_04,4,27878,1,1,0.9275577068328857
fold_04,4,27878,2,2,0.9521415829658508
fold_04,4,27878,3,3,0.9496206641197205
fold_04,4,28068,1,1,0.9528873562812805
fold_04,4,28068,2,2,0.9545992612838745
fold_04,4,28068,3,3,0.8207420110702515
fold_04,4,28096,1,1,0.9538987874984741
fold_04,4,28096,2,2,0.9479936957359314
fold_04,4,28096,3,3,0.9549819231033325
fold_04,4,28159,1,1,0.9482662677764893
fold_04,4,28159,2,2,0.9585601687431335
fold_04,4,28159,3,3,0.9546663761138916
fold_04,4,28189,1,1,0.9447026252746582
fold_04,4,28189,2,2,0.959506094455719
fold_04,4,28189,3,3,0.9493193626403809
fold_04,4,28319,1,1,0.9402318596839905
fold_04,4,28319,2,2,0.9099248647689819
fold_04,4,28319,3,3,0.9314359426498413
fold_04,4,28349,1,1,0.940622091293335
fold_04,4,28349,2,2,0.9423871636390686
fold_04,4,28349,3,3,0.9470367431640625
fold_04,4,28524,1,1,0.9593579173088074
fold_04,4,28524,2,2,0.9327167868614197
fold_04,4,28524,3,3,0.9272854328155518
fold_04,4,28595,1,1,0.9634257555007935
fold_04,4,28595,2,2,0.9616090059280396
fold_04,4,28595,3,3,0.7018647789955139
fold_04,4,28751,1,1,0.949612557888031
fold_04,4,28751,2,2,0.9292210936546326
fold_04,4,28751,3,3,0.9616162180900574
fold_04,4,28755,1,1,0.9441530704498291
fold_04,4,28755,2,2,0.9426166415214539
fold_04,4,28755,3,3,0.9614120125770569
fold_04,4,29381,1,1,0.9498518109321594
fold_04,4,29381,2,2,0.9477512836456299
fold_04,4,29381,3,3,0.9448296427726746
fold_04,4,29711,1,1,0.9290561676025391
fold_04,4,29711,2,2,0.9546636939048767
fold_04,4,29711,3,3,0.9631239175796509
fold_04,4,29837,1,1,0.9558563828468323
fold_04,4,29837,2,2,0.9421276450157166
fold_04,4,29837,3,3,0.9540002942085266
fold_04,4,29886,1,1,0.9319806694984436
fold_04,4,29886,2,2,0.9617382287979126
fold_04,4,29886,3,3,0.9548794627189636
fold_04,4,30081,1,1,0.9600009322166443
fold_04,4,30081,2,2,0.8167172074317932
fold_04,4,30081,3,3,0.9548733234405518
fold_04,4,30395,1,1,0.9548066854476929
fold_04,4,30395,2,2,0.9473491907119751
fold_04,4,30395,3,3,0.9482095837593079
fold_04,4,30407,1,1,0.9301149845123291
fold_04,4,30407,2,2,0.9166515469551086
fold_04,4,30407,3,3,0.9084268808364868
fold_04,4,30430,1,1,0.9399719834327698
fold_04,4,30430,2,2,0.9552829265594482
fold_04,4,30430,3,3,0.9109997153282166
fold_04,4,30563,1,1,0.9600704312324524
fold_04,4,30563,2,2,0.8970947265625
fold_04,4,30563,3,3,0.9067015647888184
fold_04,4,30632,1,1,0.9568247199058533
fold_04,4,30632,2,2,0.9523842930793762
fold_04,4,30632,3,3,0.954069197177887
fold_04,4,30672,1,1,0.9572177529335022
fold_04,4,30672,2,2,0.9542251825332642
fold_04,4,30672,3,3,0.9488527774810791
fold_04,4,30856,1,1,0.9440762400627136
fold_04,4,30856,2,2,0.9067206978797913
fold_04,4,30856,3,3,0.9285078644752502
fold_04,4,30954,1,1,0.9361132979393005
fold_04,4,30954,2,2,0.9489625096321106
fold_04,4,30954,3,3,0.9554364085197449
fold_04,4,31028,1,1,0.9548230767250061
fold_04,4,31028,2,2,0.9537089467048645
fold_04,4,31028,3,3,0.9521974921226501
fold_04,4,31233,1,1,0.9100257754325867
fold_04,4,31233,2,2,0.9506096839904785
fold_04,4,31233,3,3,0.929908275604248
fold_04,4,31659,1,1,0.9390374422073364
fold_04,4,31659,2,2,0.9508622884750366
fold_04,4,31659,3,3,0.9165531992912292
fold_04,4,31747,1,1,0.951848030090332
fold_04,4,31747,2,2,0.9456139802932739
fold_04,4,31747,3,3,0.92420893907547
fold_04,4,31801,1,1,0.9226894974708557
fold_04,4,31801,2,2,0.9458048343658447
fold_04,4,31801,3,3,0.9413455128669739
fold_04,4,31837,1,1,0.9622128009796143
fold_04,4,31837,2,2,0.9441115856170654
fold_04,4,31837,3,3,0.9513956904411316
fold_04,4,31936,1,1,0.9501323103904724
fold_04,4,31936,2,2,0.9368491172790527
fold_04,4,31936,3,3,0.9133713841438293
fold_04,4,31964,1,1,0.9615879654884338
fold_04,4,31964,2,2,0.9604317545890808
fold_04,4,31964,3,3,0.943743884563446
fold_04,4,32053,1,1,0.931978702545166
fold_04,4,32053,2,2,0.9547538757324219
fold_04,4,32053,3,3,0.9309747815132141
fold_04,4,32232,1,1,0.9124125838279724
fold_04,4,32232,2,2,0.9144839644432068
fold_04,4,32232,3,3,0.9625036120414734
fold_04,4,32307,1,1,0.9385228157043457
fold_04,4,32307,2,2,0.9250070452690125
fold_04,4,32307,3,3,0.952085018157959
fold_04,4,32625,1,1,0.965312123298645
fold_04,4,32625,2,2,0.9471524953842163
fold_04,4,32625,3,3,0.8992301225662231
fold_04,4,32772,1,1,0.9476234912872314
fold_04,4,32772,2,2,0.9246773719787598
fold_04,4,32772,3,3,0.9517631530761719
fold_04,4,32891,1,1,0.9482681751251221
fold_04,4,32891,2,2,0.9520306587219238
fold_04,4,32891,3,3,0.9366313815116882
fold_04,4,32910,1,1,0.9506365060806274
fold_04,4,32910,2,2,0.955032229423523
fold_04,4,32910,3,3,0.9525690078735352
fold_04,4,33171,1,1,0.9180840253829956
fold_04,4,33171,2,2,0.9441869258880615
fold_04,4,33171,3,3,0.9530977010726929
fold_04,4,33245,1,1,0.9223588705062866
fold_04,4,33245,2,2,0.941166877746582
fold_04,4,33245,3,3,0.9492677450180054
fold_04,4,33521,1,1,0.9064697027206421
fold_04,4,33521,2,2,0.9392026662826538
fold_04,4,33521,3,3,0.9680273532867432
fold_04,4,33543,1,1,0.9514241218566895
fold_04,4,33543,2,2,0.9469714760780334
fold_04,4,33543,3,3,0.9468156099319458
fold_04,4,34126,1,1,0.9466082453727722
fold_04,4,34126,2,2,0.9336512684822083
fold_04,4,34126,3,3,0.9425071477890015
fold_04,4,34238,1,1,0.9462089538574219
fold_04,4,34238,2,2,0.9459670782089233
fold_04,4,34238,3,3,0.9215770363807678
fold_04,4,34829,1,1,0.9361571073532104
fold_04,4,34829,2,2,0.9377318024635315
fold_04,4,34829,3,3,0.9431881308555603
fold_04,4,34850,1,1,0.9522123336791992
fold_04,4,34850,2,2,0.9374617338180542
fold_04,4,34850,3,3,0.9502038955688477
fold_04,4,35743,1,1,0.951042652130127
fold_04,4,35743,2,2,0.9271761775016785
fold_04,4,35743,3,3,0.9491018056869507
fold_04,4,35752,1,1,0.9424237608909607
fold_04,4,35752,2,2,0.9509353637695312
fold_04,4,35752,3,3,0.9483057260513306
fold_04,4,35798,1,1,0.9557023644447327
fold_04,4,35798,2,2,0.9498100876808167
fold_04,4,35798,3,3,0.9258280396461487
fold_04,4,35986,1,1,0.9566337466239929
fold_04,4,35986,2,2,0.9500711560249329
fold_04,4,35986,3,3,0.948375940322876
fold_04,4,36067,1,1,0.9614912867546082
fold_04,4,36067,2,2,0.9548066854476929
fold_04,4,36067,3,3,0.9558712840080261
fold_04,4,36476,1,1,0.9431890249252319
fold_04,4,36476,2,2,0.9405115246772766
fold_04,4,36476,3,3,0.9522865414619446
fold_04,4,36576,1,1,0.962560772895813
fold_04,4,36576,2,2,0.9434632062911987
fold_04,4,36576,3,3,0.9501922130584717
fold_04,4,36623,1,1,0.9621549844741821
fold_04,4,36623,2,2,0.9558626413345337
fold_04,4,36623,3,3,0.9507262706756592
fold_04,4,36731,1,1,0.9533153772354126
fold_04,4,36731,2,2,0.941050112247467
fold_04,4,36731,3,3,0.9541873335838318
fold_04,4,36910,1,1,0.9614624977111816
fold_04,4,36910,2,2,0.9605987668037415
fold_04,4,36910,3,3,0.9594718813896179
fold_04,4,36945,1,1,0.9548145532608032
fold_04,4,36945,2,2,0.9524567723274231
fold_04,4,36945,3,3,0.9150224328041077
fold_04,4,36974,1,1,0.9608432054519653
fold_04,4,36974,2,2,0.9504339694976807
fold_04,4,36974,3,3,0.9595351815223694
fold_04,4,36978,1,1,0.9484865665435791
fold_04,4,36978,2,2,0.9488972425460815
fold_04,4,36978,3,3,0.9583740830421448
fold_04,4,37059,1,1,0.9419508576393127
fold_04,4,37059,2,2,0.9482789039611816
fold_04,4,37059,3,3,0.9410014748573303
fold_04,4,37221,1,1,0.9658128023147583
fold_04,4,37221,2,2,0.957599401473999
fold_04,4,37221,3,3,0.9519903063774109
fold_04,4,37224,1,1,0.9598408341407776
fold_04,4,37224,2,2,0.9590142369270325
fold_04,4,37224,3,3,0.962149441242218
fold_04,4,37494,1,1,0.950950562953949
fold_04,4,37494,2,2,0.9534769058227539
fold_04,4,37494,3,3,0.9347038269042969
fold_04,4,38022,1,1,0.9457600712776184
fold_04,4,38022,2,2,0.9598342180252075
fold_04,4,38022,3,3,0.9116271734237671
fold_04,4,38025,1,1,0.9306414723396301
fold_04,4,38025,2,2,0.9423977732658386
fold_04,4,38025,3,3,0.9663174748420715
fold_04,4,38246,1,1,0.9525368809700012
fold_04,4,38246,2,2,0.9479543566703796
fold_04,4,38246,3,3,0.9336075782775879
fold_04,4,38297,1,1,0.9273165464401245
fold_04,4,38297,2,2,0.9421703815460205
fold_04,4,38297,3,3,0.8872588872909546
fold_04,4,38358,1,1,0.9366446733474731
fold_04,4,38358,2,2,0.8685953617095947
fold_04,4,38358,3,3,0.9391750693321228
fold_04,4,38486,1,1,0.938854992389679
fold_04,4,38486,2,2,0.9451902508735657
fold_04,4,38486,3,3,0.9386611580848694
fold_04,4,38494,1,1,0.9510937333106995
fold_04,4,38494,2,2,0.9434865713119507
fold_04,4,38494,3,3,0.9495229125022888
fold_04,4,38641,1,1,0.9528342485427856
fold_04,4,38641,2,2,0.9469178915023804
fold_04,4,38641,3,3,0.9396129846572876
fold_04,4,38794,1,1,0.9457536935806274
fold_04,4,38794,2,2,0.9443222284317017
fold_04,4,38794,3,3,0.9466039538383484
fold_04,4,38817,1,1,0.9610772132873535
fold_04,4,38817,2,2,0.9650710821151733
fold_04,4,38817,3,3,0.9033632874488831
fold_04,4,38829,1,1,0.9286487698554993
fold_04,4,38829,2,2,0.9490261077880859
fold_04,4,38829,3,3,0.9435005187988281
fold_04,4,38853,1,1,0.9410746097564697
fold_04,4,38853,2,2,0.9565269351005554
fold_04,4,38853,3,3,0.9008513689041138
fold_04,4,38978,1,1,0.9442665576934814
fold_04,4,38978,2,2,0.9425674676895142
fold_04,4,38978,3,3,0.9521939754486084
fold_04,4,39289,1,1,0.9644399881362915
fold_04,4,39289,2,2,0.9446549415588379
fold_04,4,39289,3,3,0.9440933465957642
fold_04,4,39369,1,1,0.9543522000312805
fold_04,4,39369,2,2,0.9292222857475281
fold_04,4,39369,3,3,0.933327853679657
fold_04,4,39402,1,1,0.9265970587730408
fold_04,4,39402,2,2,0.9620454907417297
fold_04,4,39402,3,3,0.9281425476074219
fold_04,4,39841,1,1,0.9567418098449707
fold_04,4,39841,2,2,0.8892196416854858
fold_04,4,39841,3,3,0.9453693628311157
fold_04,4,39997,1,1,0.9207031726837158
fold_04,4,39997,2,2,0.9599334001541138
fold_04,4,39997,3,3,0.919165849685669
fold_04,4,40423,1,1,0.9445299506187439
fold_04,4,40423,2,2,0.9534205198287964
fold_04,4,40423,3,3,0.8534048199653625
fold_04,4,40548,1,1,0.9581903219223022
fold_04,4,40548,2,2,0.9430255889892578
fold_04,4,40548,3,3,0.9467570185661316
fold_04,4,40575,1,1,0.9553282856941223
fold_04,4,40575,2,2,0.9522662162780762
fold_04,4,40575,3,3,0.9488987326622009
fold_04,4,40721,1,1,0.9505563974380493
fold_04,4,40721,2,2,0.9428085684776306
fold_04,4,40721,3,3,0.9548681378364563
fold_04,4,40770,1,1,0.9395925402641296
fold_04,4,40770,2,2,0.9635298848152161
fold_04,4,40770,3,3,0.9324322938919067
fold_04,4,40840,1,1,0.9344764351844788
fold_04,4,40840,2,2,0.9160279631614685
fold_04,4,40840,3,3,0.9529387354850769
fold_04,4,40846,1,1,0.9398181438446045
fold_04,4,40846,2,2,0.9476560354232788
fold_04,4,40846,3,3,0.951748788356781
fold_04,4,40909,1,1,0.9519333243370056
fold_04,4,40909,2,2,0.9213109016418457
fold_04,4,40909,3,3,0.9214924573898315
fold_04,4,40924,1,1,0.9357799887657166
fold_04,4,40924,2,2,0.9336147904396057
fold_04,4,40924,3,3,0.9164919853210449
fold_04,4,40935,1,1,0.9586635828018188
fold_04,4,40935,2,2,0.9498701691627502
fold_04,4,40935,3,3,0.9545915126800537
fold_04,4,41097,1,1,0.9383071660995483
fold_04,4,41097,2,2,0.9502577781677246
fold_04,4,41097,3,3,0.9243441820144653
fold_04,4,41116,1,1,0.9317934513092041
fold_04,4,41116,2,2,0.916947066783905
fold_04,4,41116,3,3,0.9556059837341309
fold_04,4,41137,1,1,0.9579495787620544
fold_04,4,41137,2,2,0.9452030658721924
fold_04,4,41137,3,3,0.9456311464309692
fold_04,4,41162,1,1,0.9565215706825256
fold_04,4,41162,2,2,0.9419630765914917
fold_04,4,41162,3,3,0.9323332905769348
fold_04,4,41566,1,1,0.9544211626052856
fold_04,4,41566,2,2,0.9535970687866211
fold_04,4,41566,3,3,0.9599944353103638
fold_04,4,41653,1,1,0.9590967893600464
fold_04,4,41653,2,2,0.9329827427864075
fold_04,4,41653,3,3,0.9195879101753235
fold_04,4,41710,1,1,0.9517793655395508
fold_04,4,41710,2,2,0.9565895795822144
fold_04,4,41710,3,3,0.9449343085289001
fold_04,4,41814,1,1,0.9387056231498718
fold_04,4,41814,2,2,0.9351628422737122
fold_04,4,41814,3,3,0.9363492727279663
fold_04,4,41927,1,1,0.9469122886657715
fold_04,4,41927,2,2,0.9489654898643494
fold_04,4,41927,3,3,0.9434878826141357
fold_04,4,42007,1,1,0.950718879699707
fold_04,4,42007,2,2,0.9485872387886047
fold_04,4,42007,3,3,0.9438904523849487
fold_04,4,42166,1,1,0.9466297626495361
fold_04,4,42166,2,2,0.9436283111572266
fold_04,4,42166,3,3,0.9549418687820435
fold_04,4,42171,1,1,0.9491559863090515
fold_04,4,42171,2,2,0.9061667919158936
fold_04,4,42171,3,3,0.9418789744377136
fold_04,4,42214,1,1,0.9482612609863281
fold_04,4,42214,2,2,0.9621505737304688
fold_04,4,42214,3,3,0.9416056275367737
fold_04,4,42224,1,1,0.9278159141540527
fold_04,4,42224,2,2,0.9349504709243774
fold_04,4,42224,3,3,0.9636478424072266
fold_04,4,42473,1,1,0.9592592716217041
fold_04,4,42473,2,2,0.9282870292663574
fold_04,4,42473,3,3,0.9357614517211914
fold_04,4,42563,1,1,0.9503225088119507
fold_04,4,42563,2,2,0.9169180393218994
fold_04,4,42563,3,3,0.946378231048584
fold_04,4,42697,1,1,0.9160517454147339
fold_04,4,42697,2,2,0.9300416707992554
fold_04,4,42697,3,3,0.9465499520301819
fold_04,4,42781,1,1,0.9590908288955688
fold_04,4,42781,2,2,0.9381697177886963
fold_04,4,42781,3,3,0.9179046154022217
fold_04,4,42851,1,1,0.9605308175086975
fold_04,4,42851,2,2,0.9544345140457153
fold_04,4,42851,3,3,0.923430323600769
fold_04,4,42912,1,1,0.9456963539123535
fold_04,4,42912,2,2,0.9378200173377991
fold_04,4,42912,3,3,0.955086886882782
fold_04,4,42946,1,1,0.9471491575241089
fold_04,4,42946,2,2,0.9144763946533203
fold_04,4,42946,3,3,0.9511212110519409
fold_04,4,42980,1,1,0.9483577013015747
fold_04,4,42980,2,2,0.9434396624565125
fold_04,4,42980,3,3,0.9318938255310059
fold_04,4,43159,1,1,0.9437210559844971
fold_04,4,43159,2,2,0.9427975416183472
fold_04,4,43159,3,3,0.9526317119598389
fold_04,4,43164,1,1,0.928017795085907
fold_04,4,43164,2,2,0.834825873374939
fold_04,4,43164,3,3,0.8817633390426636
fold_04,4,43224,1,1,0.9229673743247986
fold_04,4,43224,2,2,0.9589157104492188
fold_04,4,43224,3,3,0.9230284094810486
fold_04,4,43428,1,1,0.9264592528343201
fold_04,4,43428,2,2,0.940028965473175
fold_04,4,43428,3,3,0.9548601508140564
fold_04,4,43445,1,1,0.9359127283096313
fold_04,4,43445,2,2,0.899604082107544
fold_04,4,43445,3,3,0.9279108047485352
fold_04,4,43619,1,1,0.9447152018547058
fold_04,4,43619,2,2,0.9517093300819397
fold_04,4,43619,3,3,0.9177311658859253
fold_04,4,43675,1,1,0.9368562698364258
fold_04,4,43675,2,2,0.9611393213272095
fold_04,4,43675,3,3,0.9482775926589966
fold_04,4,43689,1,1,0.9256954193115234
fold_04,4,43689,2,2,0.9239221811294556
fold_04,4,43689,3,3,0.9555808901786804
fold_04,4,43818,1,1,0.9399355053901672
fold_04,4,43818,2,2,0.9476397037506104
fold_04,4,43818,3,3,0.9414442777633667
fold_04,4,43820,1,1,0.9419683218002319
fold_04,4,43820,2,2,0.9595121145248413
fold_04,4,43820,3,3,0.9339747428894043
fold_04,4,43950,1,1,0.955298662185669
fold_04,4,43950,2,2,0.936854898929596
fold_04,4,43950,3,3,0.9612348079681396
fold_04,4,43984,1,1,0.9168044924736023
fold_04,4,43984,2,2,0.9496409296989441
fold_04,4,43984,3,3,0.9440717697143555
fold_04,4,44052,1,1,0.9380411505699158
fold_04,4,44052,2,2,0.9555491805076599
fold_04,4,44052,3,3,0.941939115524292
fold_04,4,44144,1,1,0.944818377494812
fold_04,4,44144,2,2,0.9259756207466125
fold_04,4,44144,3,3,0.931035041809082
fold_04,4,44705,1,1,0.9272326231002808
fold_04,4,44705,2,2,0.9285555481910706
fold_04,4,44705,3,3,0.9419904351234436
fold_04,4,44720,1,1,0.9612690210342407
fold_04,4,44720,2,2,0.9407848119735718
fold_04,4,44720,3,3,0.9501553177833557
fold_04,4,44844,1,1,0.956544041633606
fold_04,4,44844,2,2,0.9473484754562378
fold_04,4,44844,3,3,0.8679808378219604
fold_04,4,44971,1,1,0.9611210227012634
fold_04,4,44971,2,2,0.8888249397277832
fold_04,4,44971,3,3,0.9507445096969604
fold_04,4,44980,1,1,0.9599713683128357
fold_04,4,44980,2,2,0.9477893114089966
fold_04,4,44980,3,3,0.9445511102676392
fold_04,4,45129,1,1,0.9568807482719421
fold_04,4,45129,2,2,0.9539117217063904
fold_04,4,45129,3,3,0.9563572406768799
fold_04,4,45213,1,1,0.9158105254173279
fold_04,4,45213,2,2,0.9519555568695068
fold_04,4,45213,3,3,0.8926876783370972
fold_04,4,45356,1,1,0.9568887948989868
fold_04,4,45356,2,2,0.893707811832428
fold_04,4,45356,3,3,0.951003909111023
fold_04,4,45595,1,1,0.9526479244232178
fold_04,4,45595,2,2,0.9640820026397705
fold_04,4,45595,3,3,0.9564580917358398
fold_04,4,45632,1,1,0.9363040924072266
fold_04,4,45632,2,2,0.9237351417541504
fold_04,4,45632,3,3,0.9421908855438232
fold_04,4,45750,1,1,0.9384417533874512
fold_04,4,45750,2,2,0.9554190039634705
fold_04,4,45750,3,3,0.9424534440040588
fold_04,4,45843,1,1,0.940214216709137
fold_04,4,45843,2,2,0.9277752637863159
fold_04,4,45843,3,3,0.9525579810142517
fold_04,4,45945,1,1,0.9388333559036255
fold_04,4,45945,2,2,0.9527782797813416
fold_04,4,45945,3,3,0.933262288570404
fold_04,4,45981,1,1,0.9606343507766724
fold_04,4,45981,2,2,0.9430738091468811
fold_04,4,45981,3,3,0.9448636770248413
fold_04,4,46150,1,1,0.9544686079025269
fold_04,4,46150,2,2,0.9474939703941345
fold_04,4,46150,3,3,0.9450191259384155
fold_04,4,46372,1,1,0.9145961999893188
fold_04,4,46372,2,2,0.9241777658462524
fold_04,4,46372,3,3,0.9415203928947449
fold_04,4,46380,1,1,0.937828540802002
fold_04,4,46380,2,2,0.8112607002258301
fold_04,4,46380,3,3,0.9450843930244446
fold_04,4,46460,1,1,0.9385378360748291
fold_04,4,46460,2,2,0.9399691820144653
fold_04,4,46460,3,3,0.9336240291595459
fold_04,4,46462,1,1,0.9491142630577087
fold_04,4,46462,2,2,0.9051817655563354
fold_04,4,46462,3,3,0.9405295848846436
fold_04,4,46661,1,1,0.9107665419578552
fold_04,4,46661,2,2,0.9136143922805786
fold_04,4,46661,3,3,0.9440772533416748
fold_04,4,46806,1,1,0.9590809941291809
fold_04,4,46806,2,2,0.940468430519104
fold_04,4,46806,3,3,0.95980304479599
fold_04,4,47070,1,1,0.9524651765823364
fold_04,4,47070,2,2,0.9286890029907227
fold_04,4,47070,3,3,0.9497195482254028
fold_04,4,47290,1,1,0.9426506757736206
fold_04,4,47290,2,2,0.9633820056915283
fold_04,4,47290,3,3,0.9421982169151306
fold_04,4,47293,1,1,0.9471118450164795
fold_04,4,47293,2,2,0.9487227201461792
fold_04,4,47293,3,3,0.9497402310371399
fold_04,4,47408,1,1,0.9273214340209961
fold_04,4,47408,2,2,0.9503928422927856
fold_04,4,47408,3,3,0.9200860261917114
fold_04,4,47687,1,1,0.9047587513923645
fold_04,4,47687,2,2,0.9379677772521973
fold_04,4,47687,3,3,0.9507777094841003
fold_04,4,48157,1,1,0.9389039874076843
fold_04,4,48157,2,2,0.949868381023407
fold_04,4,48157,3,3,0.9563031792640686
fold_04,4,48260,1,1,0.9445103406906128
fold_04,4,48260,2,2,0.9544088840484619
fold_04,4,48260,3,3,0.9372531175613403
fold_04,4,48374,1,1,0.9574864506721497
fold_04,4,48374,2,2,0.9541674256324768
fold_04,4,48374,3,3,0.9514613747596741
fold_04,4,48422,1,1,0.9424477815628052
fold_04,4,48422,2,2,0.9337510466575623
fold_04,4,48422,3,3,0.9444379806518555
fold_04,4,48508,1,1,0.9628034830093384
fold_04,4,48508,2,2,0.9425313472747803
fold_04,4,48508,3,3,0.9392547011375427
fold_04,4,48530,1,1,0.9419702887535095
fold_04,4,48530,2,2,0.9587696194648743
fold_04,4,48530,3,3,0.9434359073638916
fold_04,4,48679,1,1,0.9523034691810608
fold_04,4,48679,2,2,0.9495618939399719
fold_04,4,48679,3,3,0.9611469507217407
fold_04,4,48681,1,1,0.9602891206741333
fold_04,4,48681,2,2,0.9395431876182556
fold_04,4,48681,3,3,0.9499993324279785
fold_04,4,48802,1,1,0.9548596143722534
fold_04,4,48802,2,2,0.9148983359336853
fold_04,4,48802,3,3,0.9381611347198486
fold_04,4,49466,1,1,0.9411938786506653
fold_04,4,49466,2,2,0.9543085694313049
fold_04,4,49466,3,3,0.9536474943161011
fold_04,4,49480,1,1,0.957025408744812
fold_04,4,49480,2,2,0.9489433765411377
fold_04,4,49480,3,3,0.9445030689239502
fold_04,4,49731,1,1,0.9510105848312378
fold_04,4,49731,2,2,0.94288569688797
fold_04,4,49731,3,3,0.9400489926338196
fold_04,4,49944,1,1,0.9389935731887817
fold_04,4,49944,2,2,0.9327308535575867
fold_04,4,49944,3,3,0.9545202851295471
fold_04,4,49955,1,1,0.9476972818374634
fold_04,4,49955,2,2,0.9473142027854919
fold_04,4,49955,3,3,0.9555418491363525
fold_04,4,49979,1,1,0.9352598190307617
fold_04,4,49979,2,2,0.9252610206604004
fold_04,4,49979,3,3,0.9355892539024353
fold_04,4,50114,1,1,0.9465225338935852
fold_04,4,50114,2,2,0.9146286249160767
fold_04,4,50114,3,3,0.9074711799621582
fold_04,4,50170,1,1,0.942616879940033
fold_04,4,50170,2,2,0.9407501220703125
fold_04,4,50170,3,3,0.946290910243988
fold_04,4,50653,1,1,0.9386799931526184
fold_04,4,50653,2,2,0.9668051600456238
fold_04,4,50653,3,3,0.9448347091674805
fold_04,4,50734,1,1,0.9600056409835815
fold_04,4,50734,2,2,0.9153792858123779
fold_04,4,50734,3,3,0.9485940933227539
fold_04,4,50755,1,1,0.9222493767738342
fold_04,4,50755,2,2,0.9246305227279663
fold_04,4,50755,3,3,0.9428603053092957
fold_04,4,50811,1,1,0.9532743692398071
fold_04,4,50811,2,2,0.9105350375175476
fold_04,4,50811,3,3,0.9383996725082397
fold_04,4,50882,1,1,0.9068297147750854
fold_04,4,50882,2,2,0.9411658048629761
fold_04,4,50882,3,3,0.9258732199668884
fold_04,4,51077,1,1,0.950748860836029
fold_04,4,51077,2,2,0.93727046251297
fold_04,4,51077,3,3,0.9621967673301697
fold_04,4,51148,1,1,0.9446215629577637
fold_04,4,51148,2,2,0.9515087008476257
fold_04,4,51148,3,3,0.9320570826530457
fold_04,4,51185,1,1,0.9303001165390015
fold_04,4,51185,2,2,0.9419108033180237
fold_04,4,51185,3,3,0.9025622606277466
fold_04,4,51521,1,1,0.9374911189079285
fold_04,4,51521,2,2,0.9424881935119629
fold_04,4,51521,3,3,0.9570793509483337
fold_04,4,51788,1,1,0.907393753528595
fold_04,4,51788,2,2,0.9253214001655579
fold_04,4,51788,3,3,0.9617283940315247
fold_04,4,51843,1,1,0.9582309722900391
fold_04,4,51843,2,2,0.9559929966926575
fold_04,4,51843,3,3,0.919642984867096
fold_04,4,51983,1,1,0.9533714056015015
fold_04,4,51983,2,2,0.943918764591217
fold_04,4,51983,3,3,0.9574697613716125
fold_04,4,52070,1,1,0.9492390751838684
fold_04,4,52070,2,2,0.9362860918045044
fold_04,4,52070,3,3,0.9599233865737915
fold_04,4,52394,1,1,0.9601722359657288
fold_04,4,52394,2,2,0.9146437048912048
fold_04,4,52394,3,3,0.9095036387443542
fold_04,4,52554,1,1,0.9441555142402649
fold_04,4,52554,2,2,0.9641438126564026
fold_04,4,52554,3,3,0.9475343227386475
fold_04,4,52931,1,1,0.9078621864318848
fold_04,4,52931,2,2,0.9509742259979248
fold_04,4,52931,3,3,0.9485119581222534
fold_04,4,53052,1,1,0.964806854724884
fold_04,4,53052,2,2,0.9629437923431396
fold_04,4,53052,3,3,0.9138377904891968
fold_04,4,53152,1,1,0.9419604539871216
fold_04,4,53152,2,2,0.9365081787109375
fold_04,4,53152,3,3,0.908483624458313
fold_04,4,53155,1,1,0.9470510482788086
fold_04,4,53155,2,2,0.9281986951828003
fold_04,4,53155,3,3,0.9566187262535095
fold_04,4,53370,1,1,0.9186384081840515
fold_04,4,53370,2,2,0.9431719183921814
fold_04,4,53370,3,3,0.9373718500137329
fold_04,4,53570,1,1,0.9471865892410278
fold_04,4,53570,2,2,0.9550307989120483
fold_04,4,53570,3,3,0.933644711971283
fold_04,4,53727,1,1,0.9227055311203003
fold_04,4,53727,2,2,0.9272492527961731
fold_04,4,53727,3,3,0.9502402544021606
fold_04,4,53728,1,1,0.9399799108505249
fold_04,4,53728,2,2,0.9571595191955566
fold_04,4,53728,3,3,0.9422669410705566
fold_04,4,53773,1,1,0.940476655960083
fold_04,4,53773,2,2,0.9405279159545898
fold_04,4,53773,3,3,0.9406373500823975
fold_04,4,53881,1,1,0.9417287111282349
fold_04,4,53881,2,2,0.9227492809295654
fold_04,4,53881,3,3,0.946829617023468
fold_04,4,53891,1,1,0.9619702696800232
fold_04,4,53891,2,2,0.9465025663375854
fold_04,4,53891,3,3,0.9611276388168335
fold_04,4,54078,1,1,0.9568841457366943
fold_04,4,54078,2,2,0.9504208564758301
fold_04,4,54078,3,3,0.915826678276062
fold_04,4,54257,1,1,0.9441922307014465
fold_04,4,54257,2,2,0.9507043361663818
fold_04,4,54257,3,3,0.933718740940094
fold_04,4,54361,1,1,0.9330694079399109
fold_04,4,54361,2,2,0.9353418350219727
fold_04,4,54361,3,3,0.9384267330169678
fold_04,4,54913,1,1,0.9352201819419861
fold_04,4,54913,2,2,0.9115561842918396
fold_04,4,54913,3,3,0.908209502696991
fold_04,4,55005,1,1,0.9176967144012451
fold_04,4,55005,2,2,0.9587084054946899
fold_04,4,55005,3,3,0.9284901022911072
fold_04,4,55107,1,1,0.8639832139015198
fold_04,4,55107,2,2,0.9456088542938232
fold_04,4,55107,3,3,0.950585663318634
fold_04,4,55163,1,1,0.9297398924827576
fold_04,4,55163,2,2,0.9258105754852295
fold_04,4,55163,3,3,0.9218872785568237
fold_04,4,55405,1,1,0.9354344010353088
fold_04,4,55405,2,2,0.9418992400169373
fold_04,4,55405,3,3,0.9468429684638977
fold_04,4,55408,1,1,0.9584177732467651
fold_04,4,55408,2,2,0.9559692144393921
fold_04,4,55408,3,3,0.9470595717430115
fold_04,4,55526,1,1,0.8703339099884033
fold_04,4,55526,2,2,0.9375932216644287
fold_04,4,55526,3,3,0.9467289447784424
fold_04,4,55649,1,1,0.9516927599906921
fold_04,4,55649,2,2,0.9222215414047241
fold_04,4,55649,3,3,0.9498314261436462
fold_04,4,55669,1,1,0.9623022079467773
fold_04,4,55669,2,2,0.9418232440948486
fold_04,4,55669,3,3,0.9442936778068542
fold_04,4,55678,1,1,0.9446693658828735
fold_04,4,55678,2,2,0.9468491673469543
fold_04,4,55678,3,3,0.8857099413871765
fold_04,4,55968,1,1,0.9595711827278137
fold_04,4,55968,2,2,0.9493891000747681
fold_04,4,55968,3,3,0.9442998170852661
fold_04,4,56154,1,1,0.9082236289978027
fold_04,4,56154,2,2,0.916602611541748
fold_04,4,56154,3,3,0.9389291405677795
fold_04,4,56269,1,1,0.9315649271011353
fold_04,4,56269,2,2,0.9412628412246704
fold_04,4,56269,3,3,0.9380589723587036
fold_04,4,56314,1,1,0.952379584312439
fold_04,4,56314,2,2,0.9299381971359253
fold_04,4,56314,3,3,0.9470294117927551
fold_04,4,56681,1,1,0.9506974220275879
fold_04,4,56681,2,2,0.9243351221084595
fold_04,4,56681,3,3,0.9412621259689331
fold_04,4,56723,1,1,0.912731945514679
fold_04,4,56723,2,2,0.9251924753189087
fold_04,4,56723,3,3,0.9458348751068115
fold_04,4,56784,1,1,0.9485260844230652
fold_04,4,56784,2,2,0.9029741287231445
fold_04,4,56784,3,3,0.9444525241851807
fold_04,4,56850,1,1,0.9575764536857605
fold_04,4,56850,2,2,0.9369261860847473
fold_04,4,56850,3,3,0.9385858774185181
fold_04,4,56867,1,1,0.959345281124115
fold_04,4,56867,2,2,0.9565283060073853
fold_04,4,56867,3,3,0.9483319520950317
fold_04,4,56911,1,1,0.9352931976318359
fold_04,4,56911,2,2,0.957286536693573
fold_04,4,56911,3,3,0.9491991996765137
fold_04,4,56948,1,1,0.9528502821922302
fold_04,4,56948,2,2,0.9218966364860535
fold_04,4,56948,3,3,0.9527291655540466
fold_04,4,57046,1,1,0.908245325088501
fold_04,4,57046,2,2,0.9613469839096069
fold_04,4,57046,3,3,0.9443275332450867
fold_04,4,57435,1,1,0.9402176737785339
fold_04,4,57435,2,2,0.9486771821975708
fold_04,4,57435,3,3,0.9560501575469971
fold_04,4,57553,1,1,0.9210067987442017
fold_04,4,57553,2,2,0.889706015586853
fold_04,4,57553,3,3,0.9637759327888489
fold_04,4,57650,1,1,0.9664160013198853
fold_04,4,57650,2,2,0.9543845057487488
fold_04,4,57650,3,3,0.9470971822738647
fold_04,4,57838,1,1,0.938844621181488
fold_04,4,57838,2,2,0.9532614946365356
fold_04,4,57838,3,3,0.918727457523346
fold_04,4,58404,1,1,0.9524214267730713
fold_04,4,58404,2,2,0.9520987868309021
fold_04,4,58404,3,3,0.9390304088592529
fold_04,4,59023,1,1,0.955296516418457
fold_04,4,59023,2,2,0.9542755484580994
fold_04,4,59023,3,3,0.946675717830658
fold_04,4,59046,1,1,0.9478814601898193
fold_04,4,59046,2,2,0.949832558631897
fold_04,4,59046,3,3,0.9458374381065369
fold_04,4,59194,1,1,0.9592066407203674
fold_04,4,59194,2,2,0.9623529314994812
fold_04,4,59194,3,3,0.9564016461372375
fold_04,4,59284,1,1,0.9480477571487427
fold_04,4,59284,2,2,0.957282543182373
fold_04,4,59284,3,3,0.9248846769332886
fold_04,4,59585,1,1,0.9534287452697754
fold_04,4,59585,2,2,0.9332566261291504
fold_04,4,59585,3,3,0.9294275641441345
fold_04,4,59699,1,1,0.9649819135665894
fold_04,4,59699,2,2,0.9284098148345947
fold_04,4,59699,3,3,0.9477962851524353
fold_04,4,59817,1,1,0.9274365901947021
fold_04,4,59817,2,2,0.9542859792709351
fold_04,4,59817,3,3,0.9566084146499634
fold_04,4,59994,1,1,0.9598063826560974
fold_04,4,59994,2,2,0.9378737211227417
fold_04,4,59994,3,3,0.9145973920822144
fold_04,4,60094,1,1,0.9423823952674866
fold_04,4,60094,2,2,0.9240776300430298
fold_04,4,60094,3,3,0.9387291669845581
fold_04,4,60186,1,1,0.9432334899902344
fold_04,4,60186,2,2,0.9554392099380493
fold_04,4,60186,3,3,0.9512850046157837
fold_04,4,60251,1,1,0.9536735415458679
fold_04,4,60251,2,2,0.9230546951293945
fold_04,4,60251,3,3,0.9379323124885559
fold_04,4,60305,1,1,0.9502696990966797
fold_04,4,60305,2,2,0.9621361494064331
fold_04,4,60305,3,3,0.9449553489685059
fold_04,4,60505,1,1,0.9442402720451355
fold_04,4,60505,2,2,0.9402424097061157
fold_04,4,60505,3,3,0.9561927914619446
fold_04,4,60553,1,1,0.9505190849304199
fold_04,4,60553,2,2,0.9473358392715454
fold_04,4,60553,3,3,0.959022045135498
fold_04,4,60845,1,1,0.957908034324646
fold_04,4,60845,2,2,0.9513489603996277
fold_04,4,60845,3,3,0.9204015731811523
fold_04,4,61122,1,1,0.9156361818313599
fold_04,4,61122,2,2,0.9523767232894897
fold_04,4,61122,3,3,0.9441078901290894
fold_04,4,61133,1,1,0.9529627561569214
fold_04,4,61133,2,2,0.9362825751304626
fold_04,4,61133,3,3,0.9563016295433044
fold_04,4,61177,1,1,0.9547184705734253
fold_04,4,61177,2,2,0.9389298558235168
fold_04,4,61177,3,3,0.8811807632446289
fold_04,4,61510,1,1,0.9509062767028809
fold_04,4,61510,2,2,0.9474742412567139
fold_04,4,61510,3,3,0.9273476600646973
fold_04,4,61677,1,1,0.9476277232170105
fold_04,4,61677,2,2,0.9437689185142517
fold_04,4,61677,3,3,0.9503456354141235
fold_04,4,61738,1,1,0.9172567129135132
fold_04,4,61738,2,2,0.9134129285812378
fold_04,4,61738,3,3,0.8621025681495667
fold_04,4,61748,1,1,0.9596093893051147
fold_04,4,61748,2,2,0.9493486881256104
fold_04,4,61748,3,3,0.8727524876594543
fold_04,4,61797,1,1,0.9358630776405334
fold_04,4,61797,2,2,0.9508046507835388
fold_04,4,61797,3,3,0.9282824397087097
fold_04,4,61809,1,1,0.9608023166656494
fold_04,4,61809,2,2,0.9427176713943481
fold_04,4,61809,3,3,0.819423258304596
fold_04,4,61873,1,1,0.9429557919502258
fold_04,4,61873,2,2,0.9432547688484192
fold_04,4,61873,3,3,0.9452561736106873
fold_04,4,62006,1,1,0.9381056427955627
fold_04,4,62006,2,2,0.9432969689369202
fold_04,4,62006,3,3,0.9433544874191284
fold_04,4,62015,1,1,0.9556869268417358
fold_04,4,62015,2,2,0.9277094006538391
fold_04,4,62015,3,3,0.8914389610290527
fold_04,4,62209,1,1,0.9545580744743347
fold_04,4,62209,2,2,0.943671703338623
fold_04,4,62209,3,3,0.9460293650627136
fold_04,4,62228,1,1,0.9562849998474121
fold_04,4,62228,2,2,0.9513561725616455
fold_04,4,62228,3,3,0.9617840647697449
fold_04,4,62302,1,1,0.9533901810646057
fold_04,4,62302,2,2,0.8968137502670288
fold_04,4,62302,3,3,0.9309582710266113
fold_04,4,62544,1,1,0.9039430022239685
fold_04,4,62544,2,2,0.9452372193336487
fold_04,4,62544,3,3,0.9316017031669617
fold_04,4,62683,1,1,0.8963682055473328
fold_04,4,62683,2,2,0.9216721653938293
fold_04,4,62683,3,3,0.9471909999847412
fold_04,4,62960,1,1,0.9454766511917114
fold_04,4,62960,2,2,0.9269374012947083
fold_04,4,62960,3,3,0.9461921453475952
fold_04,4,63182,1,1,0.9451217651367188
fold_04,4,63182,2,2,0.9420346021652222
fold_04,4,63182,3,3,0.9291990399360657
fold_04,4,63825,1,1,0.9584623575210571
fold_04,4,63825,2,2,0.9392247796058655
fold_04,4,63825,3,3,0.9423305988311768
fold_04,4,63931,1,1,0.9209674596786499
fold_04,4,63931,2,2,0.9432650208473206
fold_04,4,63931,3,3,0.9419298768043518
fold_04,4,64295,1,1,0.9387899041175842
fold_04,4,64295,2,2,0.9243590235710144
fold_04,4,64295,3,3,0.9476551413536072
fold_04,4,64498,1,1,0.9170886278152466
fold_04,4,64498,2,2,0.9538475871086121
fold_04,4,64498,3,3,0.9438165426254272
fold_04,4,64867,1,1,0.9594587683677673
fold_04,4,64867,2,2,0.9533407092094421
fold_04,4,64867,3,3,0.9384258985519409
fold_04,4,64880,1,1,0.9378762245178223
fold_04,4,64880,2,2,0.9338012933731079
fold_04,4,64880,3,3,0.9568063020706177
fold_04,4,65069,1,1,0.9304108619689941
fold_04,4,65069,2,2,0.9682316780090332
fold_04,4,65069,3,3,0.9362942576408386
fold_04,4,65148,1,1,0.8500177264213562
fold_04,4,65148,2,2,0.9493881464004517
fold_04,4,65148,3,3,0.9564298391342163
fold_04,4,65253,1,1,0.9434398412704468
fold_04,4,65253,2,2,0.9420056343078613
fold_04,4,65253,3,3,0.9524807929992676
fold_04,4,65267,1,1,0.9506002068519592
fold_04,4,65267,2,2,0.9307381510734558
fold_04,4,65267,3,3,0.939723789691925
fold_04,4,65376,1,1,0.9157165288925171
fold_04,4,65376,2,2,0.9382011890411377
fold_04,4,65376,3,3,0.9513615369796753
fold_04,4,65445,1,1,0.9543721675872803
fold_04,4,65445,2,2,0.9429329633712769
fold_04,4,65445,3,3,0.9499194025993347
fold_04,4,65686,1,1,0.9338727593421936
fold_04,4,65686,2,2,0.9358640313148499
fold_04,4,65686,3,3,0.9170112013816833
fold_04,4,65769,1,1,0.940015435218811
fold_04,4,65769,2,2,0.953838050365448
fold_04,4,65769,3,3,0.9454472064971924
fold_04,4,65799,1,1,0.9521934986114502
fold_04,4,65799,2,2,0.9263414144515991
fold_04,4,65799,3,3,0.9657498002052307
fold_04,4,65872,1,1,0.9517284631729126
fold_04,4,65872,2,2,0.8879355192184448
fold_04,4,65872,3,3,0.9018542170524597
fold_04,4,65920,1,1,0.9481110572814941
fold_04,4,65920,2,2,0.9206436276435852
fold_04,4,65920,3,3,0.9408958554267883
fold_04,4,65943,1,1,0.9502180218696594
fold_04,4,65943,2,2,0.9635893702507019
fold_04,4,65943,3,3,0.9387661814689636
fold_04,4,66004,1,1,0.9398480653762817
fold_04,4,66004,2,2,0.93581622838974
fold_04,4,66004,3,3,0.9308172464370728
fold_04,4,66216,1,1,0.9588466882705688
fold_04,4,66216,2,2,0.9140157103538513
fold_04,4,66216,3,3,0.9578728675842285
fold_04,4,66278,1,1,0.9447076320648193
fold_04,4,66278,2,2,0.9372815489768982
fold_04,4,66278,3,3,0.8870227932929993
fold_04,4,66330,1,1,0.9618093967437744
fold_04,4,66330,2,2,0.8751220703125
fold_04,4,66330,3,3,0.9507524967193604
fold_04,4,66464,1,1,0.9316080808639526
fold_04,4,66464,2,2,0.9452782869338989
fold_04,4,66464,3,3,0.9400447010993958
fold_04,4,66489,1,1,0.9234176874160767
fold_04,4,66489,2,2,0.9536923170089722
fold_04,4,66489,3,3,0.9185539484024048
fold_04,4,66580,1,1,0.9507808685302734
fold_04,4,66580,2,2,0.9438189268112183
fold_04,4,66580,3,3,0.9452321529388428
fold_04,4,66773,1,1,0.9101552963256836
fold_04,4,66773,2,2,0.9269789457321167
fold_04,4,66773,3,3,0.9211360216140747
fold_04,4,66836,1,1,0.9621102809906006
fold_04,4,66836,2,2,0.9476314783096313
fold_04,4,66836,3,3,0.955747663974762
fold_04,4,66946,1,1,0.9576286673545837
fold_04,4,66946,2,2,0.9390100240707397
fold_04,4,66946,3,3,0.9402076005935669
fold_04,4,66976,1,1,0.9572500586509705
fold_04,4,66976,2,2,0.9535427689552307
fold_04,4,66976,3,3,0.9455338716506958
fold_04,4,67204,1,1,0.940332293510437
fold_04,4,67204,2,2,0.9374434351921082
fold_04,4,67204,3,3,0.9357807636260986
fold_04,4,67237,1,1,0.9384870529174805
fold_04,4,67237,2,2,0.9548869132995605
fold_04,4,67237,3,3,0.937740683555603
fold_04,4,67295,1,1,0.9578539133071899
fold_04,4,67295,2,2,0.956367552280426
fold_04,4,67295,3,3,0.8486595749855042
fold_04,4,67742,1,1,0.944168210029602
fold_04,4,67742,2,2,0.9529135227203369
fold_04,4,67742,3,3,0.9468666315078735
fold_04,4,67802,1,1,0.9201136827468872
fold_04,4,67802,2,2,0.9463815689086914
fold_04,4,67802,3,3,0.9566076397895813
fold_04,4,67829,1,1,0.946718156337738
fold_04,4,67829,2,2,0.9262728095054626
fold_04,4,67829,3,3,0.948739230632782
fold_04,4,68168,1,1,0.9524165391921997
fold_04,4,68168,2,2,0.9438809752464294
fold_04,4,68168,3,3,0.9312678575515747
fold_04,4,68278,1,1,0.9190017580986023
fold_04,4,68278,2,2,0.9292358756065369
fold_04,4,68278,3,3,0.954209566116333
fold_04,4,68311,1,1,0.9499540328979492
fold_04,4,68311,2,2,0.9556964635848999
fold_04,4,68311,3,3,0.9565346240997314
fold_04,4,68339,1,1,0.9631709456443787
fold_04,4,68339,2,2,0.9287721514701843
fold_04,4,68339,3,3,0.9147793650627136
fold_04,4,68418,1,1,0.920680820941925
fold_04,4,68418,2,2,0.9569701552391052
fold_04,4,68418,3,3,0.9377630949020386
fold_04,4,68741,1,1,0.9307984709739685
fold_04,4,68741,2,2,0.947651207447052
fold_04,4,68741,3,3,0.91689133644104
fold_04,4,68814,1,1,0.9525746703147888
fold_04,4,68814,2,2,0.8614748120307922
fold_04,4,68814,3,3,0.9377331733703613
fold_04,4,68842,1,1,0.9572632312774658
fold_04,4,68842,2,2,0.950743556022644
fold_04,4,68842,3,3,0.9174555540084839
fold_04,4,68858,1,1,0.9541521668434143
fold_04,4,68858,2,2,0.916621208190918
fold_04,4,68858,3,3,0.8944478631019592
fold_04,4,68897,1,1,0.9570652842521667
fold_04,4,68897,2,2,0.9447559714317322
fold_04,4,68897,3,3,0.9517620205879211
fold_04,4,69007,1,1,0.9235430955886841
fold_04,4,69007,2,2,0.9518214464187622
fold_04,4,69007,3,3,0.9547735452651978
fold_04,4,69214,1,1,0.9398722648620605
fold_04,4,69214,2,2,0.9110621213912964
fold_04,4,69214,3,3,0.9503248929977417
fold_04,4,69240,1,1,0.9521416425704956
fold_04,4,69240,2,2,0.9532749652862549
fold_04,4,69240,3,3,0.9201581478118896
fold_04,4,69614,1,1,0.9510610103607178
fold_04,4,69614,2,2,0.87726229429245
fold_04,4,69614,3,3,0.947185218334198
fold_04,4,69813,1,1,0.9334269165992737
fold_04,4,69813,2,2,0.9069691300392151
fold_04,4,69813,3,3,0.935627281665802
fold_04,4,69839,1,1,0.9115723967552185
fold_04,4,69839,2,2,0.9509374499320984
fold_04,4,69839,3,3,0.9484511613845825
fold_04,4,69854,1,1,0.9568046927452087
fold_04,4,69854,2,2,0.9462238550186157
fold_04,4,69854,3,3,0.9284175634384155
fold_04,4,70075,1,1,0.9433517456054688
fold_04,4,70075,2,2,0.9274581670761108
fold_04,4,70075,3,3,0.9378840327262878
fold_04,4,70095,1,1,0.9212270975112915
fold_04,4,70095,2,2,0.906363844871521
fold_04,4,70095,3,3,0.9461694955825806
fold_04,4,70193,1,1,0.9530196189880371
fold_04,4,70193,2,2,0.9458287358283997
fold_04,4,70193,3,3,0.9051960110664368
fold_04,4,70232,1,1,0.8974531292915344
fold_04,4,70232,2,2,0.9502197504043579
fold_04,4,70232,3,3,0.9336500763893127
fold_04,4,70360,1,1,0.9440941214561462
fold_04,4,70360,2,2,0.9492367506027222
fold_04,4,70360,3,3,0.9482800364494324
fold_04,4,70427,1,1,0.9393648505210876
fold_04,4,70427,2,2,0.9443230628967285
fold_04,4,70427,3,3,0.9417170286178589
fold_04,4,70505,1,1,0.9409604072570801
fold_04,4,70505,2,2,0.9259217977523804
fold_04,4,70505,3,3,0.9392039179801941
fold_04,4,71232,1,1,0.9668747186660767
fold_04,4,71232,2,2,0.9405224919319153
fold_04,4,71232,3,3,0.9660078883171082
fold_04,4,71241,1,1,0.9522778987884521
fold_04,4,71241,2,2,0.9668421745300293
fold_04,4,71241,3,3,0.9549291729927063
fold_04,4,71410,1,1,0.9431551098823547
fold_04,4,71410,2,2,0.9408170580863953
fold_04,4,71410,3,3,0.9440226554870605
fold_04,4,71450,1,1,0.9484477639198303
fold_04,4,71450,2,2,0.9185850024223328
fold_04,4,71450,3,3,0.8972676992416382
fold_04,4,71753,1,1,0.9445992708206177
fold_04,4,71753,2,2,0.9389041066169739
fold_04,4,71753,3,3,0.9353993535041809
fold_04,4,71894,1,1,0.9352540969848633
fold_04,4,71894,2,2,0.9428266882896423
fold_04,4,71894,3,3,0.9291618466377258
fold_04,4,72015,1,1,0.9484636187553406
fold_04,4,72015,2,2,0.9031804800033569
fold_04,4,72015,3,3,0.9245283007621765
fold_04,4,72209,1,1,0.9268181324005127
fold_04,4,72209,2,2,0.959006130695343
fold_04,4,72209,3,3,0.9523724317550659
fold_04,4,72312,1,1,0.9429540634155273
fold_04,4,72312,2,2,0.957033097743988
fold_04,4,72312,3,3,0.9420275092124939
fold_04,4,72605,1,1,0.9121162295341492
fold_04,4,72605,2,2,0.9459152817726135
fold_04,4,72605,3,3,0.9678406119346619
fold_04,4,72719,1,1,0.9384780526161194
fold_04,4,72719,2,2,0.958214282989502
fold_04,4,72719,3,3,0.9372666478157043
fold_04,4,72948,1,1,0.9536037445068359
fold_04,4,72948,2,2,0.9079968929290771
fold_04,4,72948,3,3,0.9441103935241699
fold_05,5,2950,1,1,0.8558809757232666
fold_05,5,2950,2,2,0.8981932401657104
fold_05,5,2950,3,3,0.9170787930488586
fold_05,5,2990,1,1,0.8950227499008179
fold_05,5,2990,2,2,0.9335597157478333
fold_05,5,2990,3,3,0.9191122651100159
fold_05,5,3049,1,1,0.9269508719444275
fold_05,5,3049,2,2,0.9373699426651001
fold_05,5,3049,3,3,0.9360780119895935
fold_05,5,3077,1,1,0.9114201068878174
fold_05,5,3077,2,2,0.9480412006378174
fold_05,5,3077,3,3,0.9390314221382141
fold_05,5,3146,1,1,0.9271730780601501
fold_05,5,3146,2,2,0.944990336894989
fold_05,5,3146,3,3,0.9481316208839417
fold_05,5,3157,1,1,0.9340614676475525
fold_05,5,3157,2,2,0.9435577988624573
fold_05,5,3157,3,3,0.9364116191864014
fold_05,5,3164,1,1,0.9147472381591797
fold_05,5,3164,2,2,0.9509594440460205
fold_05,5,3164,3,3,0.9380913972854614
fold_05,5,3171,1,1,0.9336671829223633
fold_05,5,3171,2,2,0.9402668476104736
fold_05,5,3171,3,3,0.9578750133514404
fold_05,5,3181,1,1,0.8682830333709717
fold_05,5,3181,2,2,0.9448084831237793
fold_05,5,3181,3,3,0.9195129871368408
fold_05,5,3386,1,1,0.9141736626625061
fold_05,5,3386,2,2,0.9297724962234497
fold_05,5,3386,3,3,0.9376987218856812
fold_05,5,3434,1,1,0.9444223642349243
fold_05,5,3434,2,2,0.9435800909996033
fold_05,5,3434,3,3,0.9270414113998413
fold_05,5,3449,1,1,0.939070463180542
fold_05,5,3449,2,2,0.9098120927810669
fold_05,5,3449,3,3,0.9491255283355713
fold_05,5,3489,1,1,0.9442744255065918
fold_05,5,3489,2,2,0.9443308711051941
fold_05,5,3489,3,3,0.9547654986381531
fold_05,5,3626,1,1,0.9114190936088562
fold_05,5,3626,2,2,0.9453253149986267
fold_05,5,3626,3,3,0.9541884660720825
fold_05,5,3682,1,1,0.9371233582496643
fold_05,5,3682,2,2,0.9219311475753784
fold_05,5,3682,3,3,0.9404025077819824
fold_05,5,3687,1,1,0.9472479820251465
fold_05,5,3687,2,2,0.9412965774536133
fold_05,5,3687,3,3,0.9399627447128296
fold_05,5,3729,1,1,0.9362694621086121
fold_05,5,3729,2,2,0.9485052824020386
fold_05,5,3729,3,3,0.9082885384559631
fold_05,5,3809,1,1,0.9403170347213745
fold_05,5,3809,2,2,0.9459441304206848
fold_05,5,3809,3,3,0.9332412481307983
fold_05,5,3842,1,1,0.9521125555038452
fold_05,5,3842,2,2,0.8635106086730957
fold_05,5,3842,3,3,0.9410623908042908
fold_05,5,3847,1,1,0.9389005899429321
fold_05,5,3847,2,2,0.923636794090271
fold_05,5,3847,3,3,0.9573988914489746
fold_05,5,3856,1,1,0.9416379928588867
fold_05,5,3856,2,2,0.9400864243507385
fold_05,5,3856,3,3,0.9303369522094727
fold_05,5,3913,1,1,0.9345337152481079
fold_05,5,3913,2,2,0.9167411923408508
fold_05,5,3913,3,3,0.9355428814888
fold_05,5,3951,1,1,0.9300427436828613
fold_05,5,3951,2,2,0.9115080237388611
fold_05,5,3951,3,3,0.9533296823501587
fold_05,5,4051,1,1,0.9245223999023438
fold_05,5,4051,2,2,0.9411522746086121
fold_05,5,4051,3,3,0.9054745435714722
fold_05,5,4058,1,1,0.9518541693687439
fold_05,5,4058,2,2,0.9321085214614868
fold_05,5,4058,3,3,0.9200301766395569
fold_05,5,4129,1,1,0.9386240839958191
fold_05,5,4129,2,2,0.9291614294052124
fold_05,5,4129,3,3,0.9228755235671997
fold_05,5,4156,1,1,0.9227163791656494
fold_05,5,4156,2,2,0.9075506925582886
fold_05,5,4156,3,3,0.9234169721603394
fold_05,5,4249,1,1,0.9408661127090454
fold_05,5,4249,2,2,0.9469736814498901
fold_05,5,4249,3,3,0.9276667833328247
fold_05,5,4423,1,1,0.9454514980316162
fold_05,5,4423,2,2,0.9450117945671082
fold_05,5,4423,3,3,0.9461701512336731
fold_05,5,4436,1,1,0.9516191482543945
fold_05,5,4436,2,2,0.8175708651542664
fold_05,5,4436,3,3,0.9408234357833862
fold_05,5,4612,1,1,0.9279075860977173
fold_05,5,4612,2,2,0.9419642686843872
fold_05,5,4612,3,3,0.899965226650238
fold_05,5,4667,1,1,0.9065569639205933
fold_05,5,4667,2,2,0.9357838034629822
fold_05,5,4667,3,3,0.9242095947265625
fold_05,5,4690,1,1,0.9351972341537476
fold_05,5,4690,2,2,0.8929676413536072
fold_05,5,4690,3,3,0.9164057970046997
fold_05,5,4768,1,1,0.9463038444519043
fold_05,5,4768,2,2,0.946142315864563
fold_05,5,4768,3,3,0.9289377331733704
fold_05,5,4786,1,1,0.9285998344421387
fold_05,5,4786,2,2,0.9396704435348511
fold_05,5,4786,3,3,0.9525569677352905
fold_05,5,4835,1,1,0.9446064829826355
fold_05,5,4835,2,2,0.9320310354232788
fold_05,5,4835,3,3,0.9402263164520264
fold_05,5,4869,1,1,0.9431912899017334
fold_05,5,4869,2,2,0.9479628801345825
fold_05,5,4869,3,3,0.9473150968551636
fold_05,5,4892,1,1,0.9448467493057251
fold_05,5,4892,2,2,0.9468258023262024
fold_05,5,4892,3,3,0.9434813261032104
fold_05,5,4930,1,1,0.9217743873596191
fold_05,5,4930,2,2,0.9536600112915039
fold_05,5,4930,3,3,0.9566494822502136
fold_05,5,5034,1,1,0.9239005446434021
fold_05,5,5034,2,2,0.9404516220092773
fold_05,5,5034,3,3,0.9480642676353455
fold_05,5,5106,1,1,0.9523038864135742
fold_05,5,5106,2,2,0.9535160064697266
fold_05,5,5106,3,3,0.9470009803771973
fold_05,5,5204,1,1,0.9139180779457092
fold_05,5,5204,2,2,0.9329313635826111
fold_05,5,5204,3,3,0.9425325989723206
fold_05,5,5301,1,1,0.9515826106071472
fold_05,5,5301,2,2,0.9409593343734741
fold_05,5,5301,3,3,0.9371981024742126
fold_05,5,5338,1,1,0.943850040435791
fold_05,5,5338,2,2,0.9159451723098755
fold_05,5,5338,3,3,0.960791826248169
fold_05,5,5459,1,1,0.9088796973228455
fold_05,5,5459,2,2,0.9120790362358093
fold_05,5,5459,3,3,0.9417310953140259
fold_05,5,5542,1,1,0.9362660050392151
fold_05,5,5542,2,2,0.9352380633354187
fold_05,5,5542,3,3,0.9410561919212341
fold_05,5,5583,1,1,0.9490566253662109
fold_05,5,5583,2,2,0.9432922005653381
fold_05,5,5583,3,3,0.94532310962677
fold_05,5,5602,1,1,0.8992459177970886
fold_05,5,5602,2,2,0.9028497934341431
fold_05,5,5602,3,3,0.9416333436965942
fold_05,5,5714,1,1,0.9379096627235413
fold_05,5,5714,2,2,0.9414199590682983
fold_05,5,5714,3,3,0.9436444640159607
fold_05,5,6199,1,1,0.928499162197113
fold_05,5,6199,2,2,0.9570793509483337
fold_05,5,6199,3,3,0.9340404868125916
fold_05,5,6222,1,1,0.9210293292999268
fold_05,5,6222,2,2,0.8824567198753357
fold_05,5,6222,3,3,0.916869044303894
fold_05,5,6431,1,1,0.9305440783500671
fold_05,5,6431,2,2,0.9425421953201294
fold_05,5,6431,3,3,0.9314773082733154
fold_05,5,6444,1,1,0.9418780207633972
fold_05,5,6444,2,2,0.9204196929931641
fold_05,5,6444,3,3,0.930070161819458
fold_05,5,6489,1,1,0.9281041622161865
fold_05,5,6489,2,2,0.9297361969947815
fold_05,5,6489,3,3,0.8992195725440979
fold_05,5,6514,1,1,0.9316431879997253
fold_05,5,6514,2,2,0.9505306482315063
fold_05,5,6514,3,3,0.9078074097633362
fold_05,5,6521,1,1,0.9406011700630188
fold_05,5,6521,2,2,0.9348301887512207
fold_05,5,6521,3,3,0.9293490648269653
fold_05,5,6558,1,1,0.9378807544708252
fold_05,5,6558,2,2,0.8848188519477844
fold_05,5,6558,3,3,0.910489022731781
fold_05,5,6801,1,1,0.9050488471984863
fold_05,5,6801,2,2,0.9424154758453369
fold_05,5,6801,3,3,0.9325833916664124
fold_05,5,7007,1,1,0.9517573714256287
fold_05,5,7007,2,2,0.9282770752906799
fold_05,5,7007,3,3,0.9404243230819702
fold_05,5,7039,1,1,0.9372240304946899
fold_05,5,7039,2,2,0.9392808079719543
fold_05,5,7039,3,3,0.9504653215408325
fold_05,5,7120,1,1,0.9330904483795166
fold_05,5,7120,2,2,0.9395788908004761
fold_05,5,7120,3,3,0.9515085220336914
fold_05,5,7207,1,1,0.9133027791976929
fold_05,5,7207,2,2,0.943051278591156
fold_05,5,7207,3,3,0.9248377680778503
fold_05,5,7366,1,1,0.9324358701705933
fold_05,5,7366,2,2,0.9106504321098328
fold_05,5,7366,3,3,0.9170708656311035
fold_05,5,7409,1,1,0.9302082061767578
fold_05,5,7409,2,2,0.9019088745117188
fold_05,5,7409,3,3,0.8937365412712097
fold_05,5,7418,1,1,0.9349954724311829
fold_05,5,7418,2,2,0.9089494943618774
fold_05,5,7418,3,3,0.9525827169418335
fold_05,5,7480,1,1,0.95562344789505
fold_05,5,7480,2,2,0.9257973432540894
fold_05,5,7480,3,3,0.9337888956069946
fold_05,5,7654,1,1,0.9562382102012634
fold_05,5,7654,2,2,0.9065536260604858
fold_05,5,7654,3,3,0.9399046897888184
fold_05,5,7840,1,1,0.9340455532073975
fold_05,5,7840,2,2,0.8919160962104797
fold_05,5,7840,3,3,0.918795108795166
fold_05,5,7859,1,1,0.9198864698410034
fold_05,5,7859,2,2,0.9023227691650391
fold_05,5,7859,3,3,0.8983802795410156
fold_05,5,7944,1,1,0.9440644979476929
fold_05,5,7944,2,2,0.9463988542556763
fold_05,5,7944,3,3,0.9392088651657104
fold_05,5,7948,1,1,0.9251143932342529
fold_05,5,7948,2,2,0.9458038210868835
fold_05,5,7948,3,3,0.9415327310562134
fold_05,5,7954,1,1,0.9386311173439026
fold_05,5,7954,2,2,0.8813785314559937
fold_05,5,7954,3,3,0.9169535636901855
fold_05,5,8006,1,1,0.9398438334465027
fold_05,5,8006,2,2,0.9266791343688965
fold_05,5,8006,3,3,0.9401257634162903
fold_05,5,8109,1,1,0.953819990158081
fold_05,5,8109,2,2,0.9371888041496277
fold_05,5,8109,3,3,0.931006133556366
fold_05,5,8204,1,1,0.9489734172821045
fold_05,5,8204,2,2,0.9159166812896729
fold_05,5,8204,3,3,0.9376636743545532
fold_05,5,8225,1,1,0.9025452733039856
fold_05,5,8225,2,2,0.9370471835136414
fold_05,5,8225,3,3,0.9422134757041931
fold_05,5,8387,1,1,0.924402117729187
fold_05,5,8387,2,2,0.9374331831932068
fold_05,5,8387,3,3,0.9222771525382996
fold_05,5,8394,1,1,0.9365295171737671
fold_05,5,8394,2,2,0.9369372725486755
fold_05,5,8394,3,3,0.9272758960723877
fold_05,5,8415,1,1,0.9390292167663574
fold_05,5,8415,2,2,0.9413812756538391
fold_05,5,8415,3,3,0.8773916959762573
fold_05,5,8435,1,1,0.9410421252250671
fold_05,5,8435,2,2,0.9210380911827087
fold_05,5,8435,3,3,0.9253067970275879
fold_05,5,8465,1,1,0.898348867893219
fold_05,5,8465,2,2,0.918974757194519
fold_05,5,8465,3,3,0.9464156627655029
fold_05,5,8509,1,1,0.9310075044631958
fold_05,5,8509,2,2,0.93837571144104
fold_05,5,8509,3,3,0.9573192596435547
fold_05,5,8646,1,1,0.9099713563919067
fold_05,5,8646,2,2,0.9173562526702881
fold_05,5,8646,3,3,0.9568239450454712
fold_05,5,8807,1,1,0.9323556423187256
fold_05,5,8807,2,2,0.9191356897354126
fold_05,5,8807,3,3,0.9442129135131836
fold_05,5,8843,1,1,0.931114137172699
fold_05,5,8843,2,2,0.94856196641922
fold_05,5,8843,3,3,0.9270088076591492
fold_05,5,8933,1,1,0.9435964226722717
fold_05,5,8933,2,2,0.9206724166870117
fold_05,5,8933,3,3,0.937011182308197
fold_05,5,9027,1,1,0.9570841789245605
fold_05,5,9027,2,2,0.9316957592964172
fold_05,5,9027,3,3,0.9527249932289124
fold_05,5,9048,1,1,0.9284289479255676
fold_05,5,9048,2,2,0.9221518039703369
fold_05,5,9048,3,3,0.8951153755187988
fold_05,5,9147,1,1,0.9430953860282898
fold_05,5,9147,2,2,0.9200040102005005
fold_05,5,9147,3,3,0.9466073513031006
fold_05,5,9230,1,1,0.9318597912788391
fold_05,5,9230,2,2,0.9200285077095032
fold_05,5,9230,3,3,0.9125974774360657
fold_05,5,9434,1,1,0.9533977508544922
fold_05,5,9434,2,2,0.9289932250976562
fold_05,5,9434,3,3,0.9550924301147461
fold_05,5,9722,1,1,0.8971729874610901
fold_05,5,9722,2,2,0.9395310878753662
fold_05,5,9722,3,3,0.9152922630310059
fold_05,5,9847,1,1,0.9385068416595459
fold_05,5,9847,2,2,0.9479897022247314
fold_05,5,9847,3,3,0.9232455492019653
fold_05,5,9865,1,1,0.9546321630477905
fold_05,5,9865,2,2,0.9219056963920593
fold_05,5,9865,3,3,0.929694652557373
fold_05,5,9917,1,1,0.9457025527954102
fold_05,5,9917,2,2,0.9447809457778931
fold_05,5,9917,3,3,0.9014480113983154
fold_05,5,10006,1,1,0.9495956897735596
fold_05,5,10006,2,2,0.9071571826934814
fold_05,5,10006,3,3,0.949969470500946
fold_05,5,10046,1,1,0.938786506652832
fold_05,5,10046,2,2,0.893915057182312
fold_05,5,10046,3,3,0.8916550874710083
fold_05,5,10064,1,1,0.9207283854484558
fold_05,5,10064,2,2,0.9189512729644775
fold_05,5,10064,3,3,0.9381963610649109
fold_05,5,10105,1,1,0.9467335939407349
fold_05,5,10105,2,2,0.9437543153762817
fold_05,5,10105,3,3,0.9153213500976562
fold_05,5,10107,1,1,0.9412956237792969
fold_05,5,10107,2,2,0.9219590425491333
fold_05,5,10107,3,3,0.9209771156311035
fold_05,5,10244,1,1,0.9311568140983582
fold_05,5,10244,2,2,0.9326152205467224
fold_05,5,10244,3,3,0.9422657489776611
fold_05,5,10471,1,1,0.9234650731086731
fold_05,5,10471,2,2,0.9484647512435913
fold_05,5,10471,3,3,0.9398409128189087
fold_05,5,10507,1,1,0.9467687010765076
fold_05,5,10507,2,2,0.9096766710281372
fold_05,5,10507,3,3,0.9329607486724854
fold_05,5,10610,1,1,0.9317779541015625
fold_05,5,10610,2,2,0.9477976560592651
fold_05,5,10610,3,3,0.9354881048202515
fold_05,5,11159,1,1,0.9316606521606445
fold_05,5,11159,2,2,0.9022572636604309
fold_05,5,11159,3,3,0.9465488195419312
fold_05,5,11333,1,1,0.9226451516151428
fold_05,5,11333,2,2,0.9582277536392212
fold_05,5,11333,3,3,0.9496399164199829
fold_05,5,11487,1,1,0.9282152652740479
fold_05,5,11487,2,2,0.9381353855133057
fold_05,5,11487,3,3,0.8913314342498779
fold_05,5,11521,1,1,0.9189743399620056
fold_05,5,11521,2,2,0.9241499900817871
fold_05,5,11521,3,3,0.9453900456428528
fold_05,5,11617,1,1,0.9498797059059143
fold_05,5,11617,2,2,0.9194439649581909
fold_05,5,11617,3,3,0.9364435076713562
fold_05,5,11635,1,1,0.9479016065597534
fold_05,5,11635,2,2,0.9501304030418396
fold_05,5,11635,3,3,0.9527944922447205
fold_05,5,11689,1,1,0.9210251569747925
fold_05,5,11689,2,2,0.8919646143913269
fold_05,5,11689,3,3,0.9234728813171387
fold_05,5,11725,1,1,0.9426283836364746
fold_05,5,11725,2,2,0.9457523822784424
fold_05,5,11725,3,3,0.9374685883522034
fold_05,5,11796,1,1,0.9329178929328918
fold_05,5,11796,2,2,0.9557112455368042
fold_05,5,11796,3,3,0.9201550483703613
fold_05,5,11837,1,1,0.9319451451301575
fold_05,5,11837,2,2,0.9557162523269653
fold_05,5,11837,3,3,0.9159556031227112
fold_05,5,11844,1,1,0.9377962350845337
fold_05,5,11844,2,2,0.9458692073822021
fold_05,5,11844,3,3,0.9227054119110107
fold_05,5,11932,1,1,0.9465503692626953
fold_05,5,11932,2,2,0.9357631206512451
fold_05,5,11932,3,3,0.9307072162628174
fold_05,5,11942,1,1,0.9181599020957947
fold_05,5,11942,2,2,0.959648609161377
fold_05,5,11942,3,3,0.9522724151611328
fold_05,5,11952,1,1,0.9432196617126465
fold_05,5,11952,2,2,0.931817889213562
fold_05,5,11952,3,3,0.909909725189209
fold_05,5,12308,1,1,0.8862951993942261
fold_05,5,12308,2,2,0.947077214717865
fold_05,5,12308,3,3,0.9501028656959534
fold_05,5,12634,1,1,0.8886715173721313
fold_05,5,12634,2,2,0.9024050235748291
fold_05,5,12634,3,3,0.9360188245773315
fold_05,5,12685,1,1,0.9158859848976135
fold_05,5,12685,2,2,0.9439497590065002
fold_05,5,12685,3,3,0.9135755300521851
fold_05,5,12796,1,1,0.9139348864555359
fold_05,5,12796,2,2,0.9449286460876465
fold_05,5,12796,3,3,0.941321074962616
fold_05,5,12798,1,1,0.8787820935249329
fold_05,5,12798,2,2,0.9297196865081787
fold_05,5,12798,3,3,0.9175739288330078
fold_05,5,12922,1,1,0.9251149296760559
fold_05,5,12922,2,2,0.9418278336524963
fold_05,5,12922,3,3,0.9244681596755981
fold_05,5,12937,1,1,0.9421189427375793
fold_05,5,12937,2,2,0.9493758678436279
fold_05,5,12937,3,3,0.9363782405853271
fold_05,5,13138,1,1,0.9349043369293213
fold_05,5,13138,2,2,0.938391923904419
fold_05,5,13138,3,3,0.9492518305778503
fold_05,5,13230,1,1,0.9319583177566528
fold_05,5,13230,2,2,0.9462730884552002
fold_05,5,13230,3,3,0.941742479801178
fold_05,5,13312,1,1,0.9355220794677734
fold_05,5,13312,2,2,0.936044454574585
fold_05,5,13312,3,3,0.9409612417221069
fold_05,5,13314,1,1,0.9228851199150085
fold_05,5,13314,2,2,0.9570660591125488
fold_05,5,13314,3,3,0.9407290816307068
fold_05,5,13613,1,1,0.9439131021499634
fold_05,5,13613,2,2,0.9503706097602844
fold_05,5,13613,3,3,0.9425286054611206
fold_05,5,13653,1,1,0.916041374206543
fold_05,5,13653,2,2,0.9529073238372803
fold_05,5,13653,3,3,0.8406724333763123
fold_05,5,13662,1,1,0.9405174851417542
fold_05,5,13662,2,2,0.9364448189735413
fold_05,5,13662,3,3,0.9090399146080017
fold_05,5,13720,1,1,0.9219486713409424
fold_05,5,13720,2,2,0.9334748983383179
fold_05,5,13720,3,3,0.93656325340271
fold_05,5,14121,1,1,0.9511454701423645
fold_05,5,14121,2,2,0.937059760093689
fold_05,5,14121,3,3,0.9234328866004944
fold_05,5,14179,1,1,0.9267705082893372
fold_05,5,14179,2,2,0.9596471190452576
fold_05,5,14179,3,3,0.9471259117126465
fold_05,5,14528,1,1,0.9423855543136597
fold_05,5,14528,2,2,0.9584908485412598
fold_05,5,14528,3,3,0.8705081343650818
fold_05,5,14594,1,1,0.9339414834976196
fold_05,5,14594,2,2,0.9384347796440125
fold_05,5,14594,3,3,0.9512717127799988
fold_05,5,14610,1,1,0.9321351051330566
fold_05,5,14610,2,2,0.9291390180587769
fold_05,5,14610,3,3,0.9367578625679016
fold_05,5,14644,1,1,0.918620228767395
fold_05,5,14644,2,2,0.9288493394851685
fold_05,5,14644,3,3,0.9592440128326416
fold_05,5,14793,1,1,0.9251817464828491
fold_05,5,14793,2,2,0.9165078401565552
fold_05,5,14793,3,3,0.9360777139663696
fold_05,5,14808,1,1,0.9342416524887085
fold_05,5,14808,2,2,0.9226415753364563
fold_05,5,14808,3,3,0.9354974627494812
fold_05,5,14820,1,1,0.9211667776107788
fold_05,5,14820,2,2,0.9351033568382263
fold_05,5,14820,3,3,0.9464197158813477
fold_05,5,14898,1,1,0.9271343946456909
fold_05,5,14898,2,2,0.9353349208831787
fold_05,5,14898,3,3,0.9170838594436646
fold_05,5,14931,1,1,0.9132016897201538
fold_05,5,14931,2,2,0.9333289861679077
fold_05,5,14931,3,3,0.9358980059623718
fold_05,5,15003,1,1,0.9312542080879211
fold_05,5,15003,2,2,0.9297885894775391
fold_05,5,15003,3,3,0.9390628933906555
fold_05,5,15364,1,1,0.9456048011779785
fold_05,5,15364,2,2,0.9529153108596802
fold_05,5,15364,3,3,0.9113181233406067
fold_05,5,15492,1,1,0.9405765533447266
fold_05,5,15492,2,2,0.8944593667984009
fold_05,5,15492,3,3,0.922065019607544
fold_05,5,15506,1,1,0.9378470182418823
fold_05,5,15506,2,2,0.9243247509002686
fold_05,5,15506,3,3,0.9590154886245728
fold_05,5,15819,1,1,0.9323387742042542
fold_05,5,15819,2,2,0.9355714321136475
fold_05,5,15819,3,3,0.9548190832138062
fold_05,5,15939,1,1,0.9220642447471619
fold_05,5,15939,2,2,0.9342856407165527
fold_05,5,15939,3,3,0.9421999454498291
fold_05,5,16063,1,1,0.9354515075683594
fold_05,5,16063,2,2,0.9424763321876526
fold_05,5,16063,3,3,0.9471766948699951
fold_05,5,16252,1,1,0.949142575263977
fold_05,5,16252,2,2,0.9568853378295898
fold_05,5,16252,3,3,0.9238653182983398
fold_05,5,16344,1,1,0.925605833530426
fold_05,5,16344,2,2,0.9120734930038452
fold_05,5,16344,3,3,0.9314718842506409
fold_05,5,16466,1,1,0.9085984230041504
fold_05,5,16466,2,2,0.944510817527771
fold_05,5,16466,3,3,0.9076682329177856
fold_05,5,16616,1,1,0.9115949273109436
fold_05,5,16616,2,2,0.946021318435669
fold_05,5,16616,3,3,0.9632049798965454
fold_05,5,16702,1,1,0.950680673122406
fold_05,5,16702,2,2,0.9245911836624146
fold_05,5,16702,3,3,0.9197163581848145
fold_05,5,16723,1,1,0.9346581697463989
fold_05,5,16723,2,2,0.9328397512435913
fold_05,5,16723,3,3,0.9005926251411438
fold_05,5,16823,1,1,0.9442703723907471
fold_05,5,16823,2,2,0.9308925867080688
fold_05,5,16823,3,3,0.8901962041854858
fold_05,5,16917,1,1,0.9284995794296265
fold_05,5,16917,2,2,0.9490147829055786
fold_05,5,16917,3,3,0.9258114695549011
fold_05,5,17048,1,1,0.940391480922699
fold_05,5,17048,2,2,0.9419419169425964
fold_05,5,17048,3,3,0.9313745498657227
fold_05,5,17238,1,1,0.9248209595680237
fold_05,5,17238,2,2,0.9296323657035828
fold_05,5,17238,3,3,0.9346660375595093
fold_05,5,17374,1,1,0.9522839784622192
fold_05,5,17374,2,2,0.9375424385070801
fold_05,5,17374,3,3,0.9352905750274658
fold_05,5,17450,1,1,0.9642431735992432
fold_05,5,17450,2,2,0.8651413917541504
fold_05,5,17450,3,3,0.9496619701385498
fold_05,5,17463,1,1,0.9296044707298279
fold_05,5,17463,2,2,0.9415857791900635
fold_05,5,17463,3,3,0.9516292810440063
fold_05,5,17485,1,1,0.9539538621902466
fold_05,5,17485,2,2,0.9313346147537231
fold_05,5,17485,3,3,0.9509485960006714
fold_05,5,17549,1,1,0.9336084127426147
fold_05,5,17549,2,2,0.9513384103775024
fold_05,5,17549,3,3,0.9261085391044617
fold_05,5,17595,1,1,0.9404975175857544
fold_05,5,17595,2,2,0.94664067029953
fold_05,5,17595,3,3,0.9373633861541748
fold_05,5,17776,1,1,0.9376366138458252
fold_05,5,17776,2,2,0.9580687880516052
fold_05,5,17776,3,3,0.9386619329452515
fold_05,5,17934,1,1,0.9314957857131958
fold_05,5,17934,2,2,0.9483048319816589
fold_05,5,17934,3,3,0.9458816051483154
fold_05,5,17942,1,1,0.9022925496101379
fold_05,5,17942,2,2,0.9242032766342163
fold_05,5,17942,3,3,0.9117406010627747
fold_05,5,18268,1,1,0.9105888605117798
fold_05,5,18268,2,2,0.9278652667999268
fold_05,5,18268,3,3,0.9435348510742188
fold_05,5,18434,1,1,0.9224721789360046
fold_05,5,18434,2,2,0.9462192058563232
fold_05,5,18434,3,3,0.9419257044792175
fold_05,5,18483,1,1,0.9452457427978516
fold_05,5,18483,2,2,0.9057692885398865
fold_05,5,18483,3,3,0.9437007904052734
fold_05,5,18505,1,1,0.9307984113693237
fold_05,5,18505,2,2,0.9512332081794739
fold_05,5,18505,3,3,0.9221855401992798
fold_05,5,18543,1,1,0.94046950340271
fold_05,5,18543,2,2,0.8882459402084351
fold_05,5,18543,3,3,0.9290603399276733
fold_05,5,18690,1,1,0.9328984022140503
fold_05,5,18690,2,2,0.954097330570221
fold_05,5,18690,3,3,0.9379591941833496
fold_05,5,18796,1,1,0.9317796230316162
fold_05,5,18796,2,2,0.9084889888763428
fold_05,5,18796,3,3,0.9295063018798828
fold_05,5,19074,1,1,0.9210870265960693
fold_05,5,19074,2,2,0.9568622708320618
fold_05,5,19074,3,3,0.9309709668159485
fold_05,5,19181,1,1,0.9317375421524048
fold_05,5,19181,2,2,0.9504276514053345
fold_05,5,19181,3,3,0.925656795501709
fold_05,5,19199,1,1,0.9378793239593506
fold_05,5,19199,2,2,0.9477624893188477
fold_05,5,19199,3,3,0.9510384798049927
fold_05,5,19200,1,1,0.9315165281295776
fold_05,5,19200,2,2,0.9546627998352051
fold_05,5,19200,3,3,0.8873504400253296
fold_05,5,19292,1,1,0.9294372797012329
fold_05,5,19292,2,2,0.8486918807029724
fold_05,5,19292,3,3,0.936970055103302
fold_05,5,19436,1,1,0.9459552764892578
fold_05,5,19436,2,2,0.8879430890083313
fold_05,5,19436,3,3,0.9292351007461548
fold_05,5,19690,1,1,0.9319144487380981
fold_05,5,19690,2,2,0.9187332987785339
fold_05,5,19690,3,3,0.9384071826934814
fold_05,5,19933,1,1,0.9353031516075134
fold_05,5,19933,2,2,0.9372471570968628
fold_05,5,19933,3,3,0.939321756362915
fold_05,5,20054,1,1,0.9422354698181152
fold_05,5,20054,2,2,0.9419772624969482
fold_05,5,20054,3,3,0.9371277689933777
fold_05,5,20080,1,1,0.9509497284889221
fold_05,5,20080,2,2,0.9407932758331299
fold_05,5,20080,3,3,0.9429245591163635
fold_05,5,20206,1,1,0.9194697141647339
fold_05,5,20206,2,2,0.9321433901786804
fold_05,5,20206,3,3,0.9331681728363037
fold_05,5,20223,1,1,0.9197937250137329
fold_05,5,20223,2,2,0.9527822732925415
fold_05,5,20223,3,3,0.8653568029403687
fold_05,5,20265,1,1,0.9345678687095642
fold_05,5,20265,2,2,0.9024694561958313
fold_05,5,20265,3,3,0.9546076655387878
fold_05,5,20307,1,1,0.9394941926002502
fold_05,5,20307,2,2,0.9236915111541748
fold_05,5,20307,3,3,0.9110886454582214
fold_05,5,20442,1,1,0.9549992084503174
fold_05,5,20442,2,2,0.9339126944541931
fold_05,5,20442,3,3,0.9567481279373169
fold_05,5,20633,1,1,0.9369534254074097
fold_05,5,20633,2,2,0.9458061456680298
fold_05,5,20633,3,3,0.9423149228096008
fold_05,5,20650,1,1,0.9444981813430786
fold_05,5,20650,2,2,0.9289747476577759
fold_05,5,20650,3,3,0.9221412539482117
fold_05,5,20738,1,1,0.9276704788208008
fold_05,5,20738,2,2,0.9444314241409302
fold_05,5,20738,3,3,0.9407758712768555
fold_05,5,20820,1,1,0.945435643196106
fold_05,5,20820,2,2,0.9206371903419495
fold_05,5,20820,3,3,0.9216842651367188
fold_05,5,21108,1,1,0.9201717376708984
fold_05,5,21108,2,2,0.9259411096572876
fold_05,5,21108,3,3,0.9478153586387634
fold_05,5,21192,1,1,0.9137035012245178
fold_05,5,21192,2,2,0.9277770519256592
fold_05,5,21192,3,3,0.9423912763595581
fold_05,5,21194,1,1,0.9397999048233032
fold_05,5,21194,2,2,0.9181387424468994
fold_05,5,21194,3,3,0.9380383491516113
fold_05,5,21218,1,1,0.938412070274353
fold_05,5,21218,2,2,0.9363137483596802
fold_05,5,21218,3,3,0.9356011152267456
fold_05,5,21253,1,1,0.961581826210022
fold_05,5,21253,2,2,0.9305038452148438
fold_05,5,21253,3,3,0.9313188791275024
fold_05,5,21279,1,1,0.932042121887207
fold_05,5,21279,2,2,0.9051246047019958
fold_05,5,21279,3,3,0.941327691078186
fold_05,5,21508,1,1,0.9304690361022949
fold_05,5,21508,2,2,0.9348757266998291
fold_05,5,21508,3,3,0.8836680054664612
fold_05,5,21526,1,1,0.9223654270172119
fold_05,5,21526,2,2,0.9522206783294678
fold_05,5,21526,3,3,0.8722874522209167
fold_05,5,21601,1,1,0.937371551990509
fold_05,5,21601,2,2,0.9265202879905701
fold_05,5,21601,3,3,0.94200199842453
fold_05,5,21950,1,1,0.9277607798576355
fold_05,5,21950,2,2,0.9267590641975403
fold_05,5,21950,3,3,0.9387352466583252
fold_05,5,21989,1,1,0.9128819108009338
fold_05,5,21989,2,2,0.9389032125473022
fold_05,5,21989,3,3,0.9374139904975891
fold_05,5,22138,1,1,0.9464327096939087
fold_05,5,22138,2,2,0.9443273544311523
fold_05,5,22138,3,3,0.9174847602844238
fold_05,5,22143,1,1,0.9414921402931213
fold_05,5,22143,2,2,0.9343468546867371
fold_05,5,22143,3,3,0.9262254238128662
fold_05,5,22155,1,1,0.9256260991096497
fold_05,5,22155,2,2,0.9018756747245789
fold_05,5,22155,3,3,0.9170002937316895
fold_05,5,22263,1,1,0.9184870719909668
fold_05,5,22263,2,2,0.9344446659088135
fold_05,5,22263,3,3,0.9551498889923096
fold_05,5,22387,1,1,0.9415941834449768
fold_05,5,22387,2,2,0.9540243148803711
fold_05,5,22387,3,3,0.8782017230987549
fold_05,5,22495,1,1,0.9249109625816345
fold_05,5,22495,2,2,0.9480561017990112
fold_05,5,22495,3,3,0.9559491276741028
fold_05,5,22515,1,1,0.9219944477081299
fold_05,5,22515,2,2,0.9175770282745361
fold_05,5,22515,3,3,0.9582352042198181
fold_05,5,22523,1,1,0.9287317395210266
fold_05,5,22523,2,2,0.9333977699279785
fold_05,5,22523,3,3,0.9308353662490845
fold_05,5,22530,1,1,0.9230690002441406
fold_05,5,22530,2,2,0.932762861251831
fold_05,5,22530,3,3,0.942757785320282
fold_05,5,22585,1,1,0.9619545936584473
fold_05,5,22585,2,2,0.9320573806762695
fold_05,5,22585,3,3,0.9316973090171814
fold_05,5,22587,1,1,0.9366811513900757
fold_05,5,22587,2,2,0.9219794273376465
fold_05,5,22587,3,3,0.9183706045150757
fold_05,5,22772,1,1,0.9030500650405884
fold_05,5,22772,2,2,0.946950376033783
fold_05,5,22772,3,3,0.947881281375885
fold_05,5,22782,1,1,0.895729124546051
fold_05,5,22782,2,2,0.9067519903182983
fold_05,5,22782,3,3,0.9034029245376587
fold_05,5,22794,1,1,0.9525501728057861
fold_05,5,22794,2,2,0.9128835201263428
fold_05,5,22794,3,3,0.948175847530365
fold_05,5,22845,1,1,0.8982978463172913
fold_05,5,22845,2,2,0.9213092923164368
fold_05,5,22845,3,3,0.8881332874298096
fold_05,5,22873,1,1,0.9264782667160034
fold_05,5,22873,2,2,0.9271528720855713
fold_05,5,22873,3,3,0.9339247941970825
fold_05,5,22879,1,1,0.943324863910675
fold_05,5,22879,2,2,0.9440561532974243
fold_05,5,22879,3,3,0.9169435501098633
fold_05,5,22886,1,1,0.9365226626396179
fold_05,5,22886,2,2,0.9418905377388
fold_05,5,22886,3,3,0.9373746514320374
fold_05,5,22957,1,1,0.948366105556488
fold_05,5,22957,2,2,0.9077451229095459
fold_05,5,22957,3,3,0.9264109134674072
fold_05,5,22967,1,1,0.918925404548645
fold_05,5,22967,2,2,0.9505319595336914
fold_05,5,22967,3,3,0.944959819316864
fold_05,5,22993,1,1,0.9421172142028809
fold_05,5,22993,2,2,0.9355961680412292
fold_05,5,22993,3,3,0.951199471950531
fold_05,5,23036,1,1,0.9447669386863708
fold_05,5,23036,2,2,0.9233518838882446
fold_05,5,23036,3,3,0.8817944526672363
fold_05,5,23241,1,1,0.9294314384460449
fold_05,5,23241,2,2,0.9271575808525085
fold_05,5,23241,3,3,0.9479646682739258
fold_05,5,23492,1,1,0.9334620237350464
fold_05,5,23492,2,2,0.9369508624076843
fold_05,5,23492,3,3,0.9266494512557983
fold_05,5,23715,1,1,0.9455976486206055
fold_05,5,23715,2,2,0.933633029460907
fold_05,5,23715,3,3,0.8887184858322144
fold_05,5,23729,1,1,0.9285975694656372
fold_05,5,23729,2,2,0.9407885670661926
fold_05,5,23729,3,3,0.9413768649101257
fold_05,5,23871,1,1,0.9222256541252136
fold_05,5,23871,2,2,0.9296762943267822
fold_05,5,23871,3,3,0.9440206289291382
fold_05,5,23993,1,1,0.928987979888916
fold_05,5,23993,2,2,0.9335096478462219
fold_05,5,23993,3,3,0.9283483028411865
fold_05,5,24202,1,1,0.9300024509429932
fold_05,5,24202,2,2,0.9123677015304565
fold_05,5,24202,3,3,0.9626178741455078
fold_05,5,24214,1,1,0.937881588935852
fold_05,5,24214,2,2,0.9139713048934937
fold_05,5,24214,3,3,0.9401959180831909
fold_05,5,24264,1,1,0.9374750852584839
fold_05,5,24264,2,2,0.8797296285629272
fold_05,5,24264,3,3,0.9407330751419067
fold_05,5,24517,1,1,0.9515664577484131
fold_05,5,24517,2,2,0.9587001204490662
fold_05,5,24517,3,3,0.9314075708389282
fold_05,5,24530,1,1,0.907262921333313
fold_05,5,24530,2,2,0.9430555105209351
fold_05,5,24530,3,3,0.9404146671295166
fold_05,5,24560,1,1,0.9341596364974976
fold_05,5,24560,2,2,0.9340846538543701
fold_05,5,24560,3,3,0.9357115030288696
fold_05,5,24638,1,1,0.9352733492851257
fold_05,5,24638,2,2,0.9072864651679993
fold_05,5,24638,3,3,0.9508301615715027
fold_05,5,24640,1,1,0.948358416557312
fold_05,5,24640,2,2,0.9468612670898438
fold_05,5,24640,3,3,0.933025598526001
fold_05,5,24649,1,1,0.9435364007949829
fold_05,5,24649,2,2,0.933364748954773
fold_05,5,24649,3,3,0.9282459616661072
fold_05,5,24739,1,1,0.9295800924301147
fold_05,5,24739,2,2,0.9580745697021484
fold_05,5,24739,3,3,0.9160667657852173
fold_05,5,24846,1,1,0.933565616607666
fold_05,5,24846,2,2,0.9369462132453918
fold_05,5,24846,3,3,0.9374173283576965
fold_05,5,25091,1,1,0.9178962111473083
fold_05,5,25091,2,2,0.9510377049446106
fold_05,5,25091,3,3,0.9196500182151794
fold_05,5,25111,1,1,0.9325398206710815
fold_05,5,25111,2,2,0.9451857209205627
fold_05,5,25111,3,3,0.9475600719451904
fold_05,5,25250,1,1,0.9308377504348755
fold_05,5,25250,2,2,0.953437328338623
fold_05,5,25250,3,3,0.9452852010726929
fold_05,5,25268,1,1,0.9152116775512695
fold_05,5,25268,2,2,0.9426535367965698
fold_05,5,25268,3,3,0.9385038614273071
fold_05,5,25284,1,1,0.9277046918869019
fold_05,5,25284,2,2,0.9088968634605408
fold_05,5,25284,3,3,0.9326661825180054
fold_05,5,25287,1,1,0.941788375377655
fold_05,5,25287,2,2,0.9086689949035645
fold_05,5,25287,3,3,0.9310226440429688
fold_05,5,25318,1,1,0.9203735589981079
fold_05,5,25318,2,2,0.9612616300582886
fold_05,5,25318,3,3,0.928173303604126
fold_05,5,25319,1,1,0.9085838794708252
fold_05,5,25319,2,2,0.9599066972732544
fold_05,5,25319,3,3,0.911641001701355
fold_05,5,25371,1,1,0.9379304647445679
fold_05,5,25371,2,2,0.9325162768363953
fold_05,5,25371,3,3,0.9422225952148438
fold_05,5,25578,1,1,0.9436255097389221
fold_05,5,25578,2,2,0.9201821684837341
fold_05,5,25578,3,3,0.9180408716201782
fold_05,5,25581,1,1,0.9429728984832764
fold_05,5,25581,2,2,0.9563116431236267
fold_05,5,25581,3,3,0.9025394916534424
fold_05,5,25588,1,1,0.9088281393051147
fold_05,5,25588,2,2,0.9010410308837891
fold_05,5,25588,3,3,0.9299708008766174
fold_05,5,25602,1,1,0.9204620122909546
fold_05,5,25602,2,2,0.9359482526779175
fold_05,5,25602,3,3,0.9139978885650635
fold_05,5,25693,1,1,0.9089974164962769
fold_05,5,25693,2,2,0.9311381578445435
fold_05,5,25693,3,3,0.9362683296203613
fold_05,5,25702,1,1,0.9501392245292664
fold_05,5,25702,2,2,0.9425164461135864
fold_05,5,25702,3,3,0.9302495718002319
fold_05,5,25741,1,1,0.9300974607467651
fold_05,5,25741,2,2,0.9375606179237366
fold_05,5,25741,3,3,0.9395712614059448
fold_05,5,25746,1,1,0.9293074607849121
fold_05,5,25746,2,2,0.9257827997207642
fold_05,5,25746,3,3,0.9564628005027771
fold_05,5,25881,1,1,0.909874439239502
fold_05,5,25881,2,2,0.9446266889572144
fold_05,5,25881,3,3,0.9345301389694214
fold_05,5,26119,1,1,0.9414100050926208
fold_05,5,26119,2,2,0.9025139808654785
fold_05,5,26119,3,3,0.947908341884613
fold_05,5,26127,1,1,0.8999955058097839
fold_05,5,26127,2,2,0.9336697459220886
fold_05,5,26127,3,3,0.9478897452354431
fold_05,5,26163,1,1,0.9557297229766846
fold_05,5,26163,2,2,0.9274402260780334
fold_05,5,26163,3,3,0.9157831072807312
fold_05,5,26292,1,1,0.9154220819473267
fold_05,5,26292,2,2,0.9239623546600342
fold_05,5,26292,3,3,0.9415057897567749
fold_05,5,26307,1,1,0.9302167296409607
fold_05,5,26307,2,2,0.9299750924110413
fold_05,5,26307,3,3,0.9332292675971985
fold_05,5,26351,1,1,0.9459362030029297
fold_05,5,26351,2,2,0.943352222442627
fold_05,5,26351,3,3,0.9418323636054993
fold_05,5,26372,1,1,0.9383291602134705
fold_05,5,26372,2,2,0.9241664409637451
fold_05,5,26372,3,3,0.9581735134124756
fold_05,5,26435,1,1,0.9157536625862122
fold_05,5,26435,2,2,0.9183814525604248
fold_05,5,26435,3,3,0.8839418888092041
fold_05,5,26458,1,1,0.9377909898757935
fold_05,5,26458,2,2,0.9380580186843872
fold_05,5,26458,3,3,0.9185886979103088
fold_05,5,26598,1,1,0.9256057739257812
fold_05,5,26598,2,2,0.9124324321746826
fold_05,5,26598,3,3,0.9054667353630066
fold_05,5,26720,1,1,0.9456618428230286
fold_05,5,26720,2,2,0.9613009691238403
fold_05,5,26720,3,3,0.9572513103485107
fold_05,5,26780,1,1,0.9345438480377197
fold_05,5,26780,2,2,0.8727618455886841
fold_05,5,26780,3,3,0.9074997901916504
fold_05,5,26895,1,1,0.9357414841651917
fold_05,5,26895,2,2,0.9480820298194885
fold_05,5,26895,3,3,0.9369057416915894
fold_05,5,26909,1,1,0.9151286482810974
fold_05,5,26909,2,2,0.9232091903686523
fold_05,5,26909,3,3,0.9391615986824036
fold_05,5,26990,1,1,0.9439632892608643
fold_05,5,26990,2,2,0.9286121726036072
fold_05,5,26990,3,3,0.8988926410675049
fold_05,5,27242,1,1,0.9015878438949585
fold_05,5,27242,2,2,0.9350807070732117
fold_05,5,27242,3,3,0.9307180643081665
fold_05,5,27275,1,1,0.9256796836853027
fold_05,5,27275,2,2,0.9519112706184387
fold_05,5,27275,3,3,0.9532982110977173
fold_05,5,27287,1,1,0.9378803968429565
fold_05,5,27287,2,2,0.9308489561080933
fold_05,5,27287,3,3,0.892511248588562
fold_05,5,27326,1,1,0.9336451292037964
fold_05,5,27326,2,2,0.9180867671966553
fold_05,5,27326,3,3,0.9099938273429871
fold_05,5,27435,1,1,0.933459997177124
fold_05,5,27435,2,2,0.9302595853805542
fold_05,5,27435,3,3,0.9529255032539368
fold_05,5,27568,1,1,0.9434038996696472
fold_05,5,27568,2,2,0.9594560861587524
fold_05,5,27568,3,3,0.9463767409324646
fold_05,5,27580,1,1,0.9147545695304871
fold_05,5,27580,2,2,0.9261645078659058
fold_05,5,27580,3,3,0.9002929925918579
fold_05,5,27830,1,1,0.9209601283073425
fold_05,5,27830,2,2,0.9228018522262573
fold_05,5,27830,3,3,0.9308283925056458
fold_05,5,27878,1,1,0.9446961879730225
fold_05,5,27878,2,2,0.9439823627471924
fold_05,5,27878,3,3,0.9549641609191895
fold_05,5,27972,1,1,0.921794056892395
fold_05,5,27972,2,2,0.906739354133606
fold_05,5,27972,3,3,0.9155822992324829
fold_05,5,28024,1,1,0.9219635725021362
fold_05,5,28024,2,2,0.9317752122879028
fold_05,5,28024,3,3,0.9410483241081238
fold_05,5,28068,1,1,0.9488685131072998
fold_05,5,28068,2,2,0.9510632753372192
fold_05,5,28068,3,3,0.9195795655250549
fold_05,5,28096,1,1,0.9172850847244263
fold_05,5,28096,2,2,0.9393224120140076
fold_05,5,28096,3,3,0.9439423680305481
fold_05,5,28159,1,1,0.959925651550293
fold_05,5,28159,2,2,0.9551092982292175
fold_05,5,28159,3,3,0.9537302851676941
fold_05,5,28189,1,1,0.9404541254043579
fold_05,5,28189,2,2,0.9385921359062195
fold_05,5,28189,3,3,0.9307270646095276
fold_05,5,28286,1,1,0.9139010906219482
fold_05,5,28286,2,2,0.9128915667533875
fold_05,5,28286,3,3,0.9313265085220337
fold_05,5,28303,1,1,0.9512843489646912
fold_05,5,28303,2,2,0.9357216954231262
fold_05,5,28303,3,3,0.9435386657714844
fold_05,5,28319,1,1,0.9404775500297546
fold_05,5,28319,2,2,0.9482535123825073
fold_05,5,28319,3,3,0.9377591609954834
fold_05,5,28325,1,1,0.9278988838195801
fold_05,5,28325,2,2,0.9254600405693054
fold_05,5,28325,3,3,0.9202059507369995
fold_05,5,28349,1,1,0.9276755452156067
fold_05,5,28349,2,2,0.9505476951599121
fold_05,5,28349,3,3,0.9363270998001099
fold_05,5,28418,1,1,0.947961151599884
fold_05,5,28418,2,2,0.9469629526138306
fold_05,5,28418,3,3,0.90784752368927
fold_05,5,28524,1,1,0.940287172794342
fold_05,5,28524,2,2,0.950559675693512
fold_05,5,28524,3,3,0.9290492534637451
fold_05,5,28595,1,1,0.9568278789520264
fold_05,5,28595,2,2,0.9219377636909485
fold_05,5,28595,3,3,0.9071938991546631
fold_05,5,28745,1,1,0.9376125335693359
fold_05,5,28745,2,2,0.9322327971458435
fold_05,5,28745,3,3,0.9424169659614563
fold_05,5,28751,1,1,0.9363870620727539
fold_05,5,28751,2,2,0.9510880708694458
fold_05,5,28751,3,3,0.9485881924629211
fold_05,5,28755,1,1,0.947003185749054
fold_05,5,28755,2,2,0.9421582221984863
fold_05,5,28755,3,3,0.9095182418823242
fold_05,5,28788,1,1,0.9445473551750183
fold_05,5,28788,2,2,0.9405556321144104
fold_05,5,28788,3,3,0.9017977714538574
fold_05,5,29021,1,1,0.8991898894309998
fold_05,5,29021,2,2,0.9476184844970703
fold_05,5,29021,3,3,0.9263255596160889
fold_05,5,29381,1,1,0.9646058678627014
fold_05,5,29381,2,2,0.9381219744682312
fold_05,5,29381,3,3,0.9600327610969543
fold_05,5,29711,1,1,0.8957869410514832
fold_05,5,29711,2,2,0.9413750171661377
fold_05,5,29711,3,3,0.9362715482711792
fold_05,5,29837,1,1,0.8771329522132874
fold_05,5,29837,2,2,0.9474408030509949
fold_05,5,29837,3,3,0.9300435185432434
fold_05,5,29886,1,1,0.926078736782074
fold_05,5,29886,2,2,0.9388449192047119
fold_05,5,29886,3,3,0.9392058253288269
fold_05,5,29919,1,1,0.8875935077667236
fold_05,5,29919,2,2,0.924514889717102
fold_05,5,29919,3,3,0.9190775156021118
fold_05,5,29980,1,1,0.8992611765861511
fold_05,5,29980,2,2,0.9460105895996094
fold_05,5,29980,3,3,0.9077849984169006
fold_05,5,30081,1,1,0.9153444170951843
fold_05,5,30081,2,2,0.910590410232544
fold_05,5,30081,3,3,0.9234360456466675
fold_05,5,30373,1,1,0.9278966784477234
fold_05,5,30373,2,2,0.9093760848045349
fold_05,5,30373,3,3,0.9188922047615051
fold_05,5,30395,1,1,0.9394186735153198
fold_05,5,30395,2,2,0.9414187073707581
fold_05,5,30395,3,3,0.9444925785064697
fold_05,5,30407,1,1,0.9391968250274658
fold_05,5,30407,2,2,0.9375748634338379
fold_05,5,30407,3,3,0.9269837141036987
fold_05,5,30430,1,1,0.9094468951225281
fold_05,5,30430,2,2,0.9348957538604736
fold_05,5,30430,3,3,0.9566987156867981
fold_05,5,30563,1,1,0.9592968225479126
fold_05,5,30563,2,2,0.9321579933166504
fold_05,5,30563,3,3,0.9448294043540955
fold_05,5,30601,1,1,0.9263036847114563
fold_05,5,30601,2,2,0.9341951608657837
fold_05,5,30601,3,3,0.9222288131713867
fold_05,5,30632,1,1,0.9426668882369995
fold_05,5,30632,2,2,0.9303790330886841
fold_05,5,30632,3,3,0.9477313756942749
fold_05,5,30672,1,1,0.9358048439025879
fold_05,5,30672,2,2,0.9408882856369019
fold_05,5,30672,3,3,0.9030337929725647
fold_05,5,30847,1,1,0.9396197199821472
fold_05,5,30847,2,2,0.8964618444442749
fold_05,5,30847,3,3,0.9380573034286499
fold_05,5,30856,1,1,0.9268338680267334
fold_05,5,30856,2,2,0.9396215081214905
fold_05,5,30856,3,3,0.9577084183692932
fold_05,5,30887,1,1,0.9292446970939636
fold_05,5,30887,2,2,0.9237900972366333
fold_05,5,30887,3,3,0.9451017379760742
fold_05,5,30954,1,1,0.8953787684440613
fold_05,5,30954,2,2,0.9603383541107178
fold_05,5,30954,3,3,0.9479237198829651
fold_05,5,31028,1,1,0.9321479797363281
fold_05,5,31028,2,2,0.9430301189422607
fold_05,5,31028,3,3,0.9358185529708862
fold_05,5,31233,1,1,0.879157304763794
fold_05,5,31233,2,2,0.9366295337677002
fold_05,5,31233,3,3,0.9046867489814758
fold_05,5,31659,1,1,0.9311076402664185
fold_05,5,31659,2,2,0.9489392638206482
fold_05,5,31659,3,3,0.9320030808448792
fold_05,5,31747,1,1,0.9228919744491577
fold_05,5,31747,2,2,0.9261844158172607
fold_05,5,31747,3,3,0.8797413110733032
fold_05,5,31801,1,1,0.9489663243293762
fold_05,5,31801,2,2,0.950164794921875
fold_05,5,31801,3,3,0.9374908804893494
fold_05,5,31837,1,1,0.9299532175064087
fold_05,5,31837,2,2,0.9404911398887634
fold_05,5,31837,3,3,0.9306140542030334
fold_05,5,31936,1,1,0.9372984170913696
fold_05,5,31936,2,2,0.9594202041625977
fold_05,5,31936,3,3,0.9051687717437744
fold_05,5,31964,1,1,0.9163961410522461
fold_05,5,31964,2,2,0.9481722116470337
fold_05,5,31964,3,3,0.9173154830932617
fold_05,5,32053,1,1,0.9569973945617676
fold_05,5,32053,2,2,0.9638210535049438
fold_05,5,32053,3,3,0.9539666771888733
fold_05,5,32232,1,1,0.9361625909805298
fold_05,5,32232,2,2,0.9457055926322937
fold_05,5,32232,3,3,0.9216617345809937
fold_05,5,32303,1,1,0.9169644117355347
fold_05,5,32303,2,2,0.9173025488853455
fold_05,5,32303,3,3,0.9566584229469299
fold_05,5,32307,1,1,0.9217106103897095
fold_05,5,32307,2,2,0.9490464329719543
fold_05,5,32307,3,3,0.9583047032356262
fold_05,5,32625,1,1,0.9276068806648254
fold_05,5,32625,2,2,0.9309008717536926
fold_05,5,32625,3,3,0.936865508556366
fold_05,5,32716,1,1,0.9590274691581726
fold_05,5,32716,2,2,0.9251035451889038
fold_05,5,32716,3,3,0.9229780435562134
fold_05,5,32772,1,1,0.9027617573738098
fold_05,5,32772,2,2,0.931908130645752
fold_05,5,32772,3,3,0.9476668238639832
fold_05,5,32891,1,1,0.9189215898513794
fold_05,5,32891,2,2,0.9620471000671387
fold_05,5,32891,3,3,0.9407317638397217
fold_05,5,32910,1,1,0.918481707572937
fold_05,5,32910,2,2,0.9246764183044434
fold_05,5,32910,3,3,0.9487552642822266
fold_05,5,33131,1,1,0.9205432534217834
fold_05,5,33131,2,2,0.9384211301803589
fold_05,5,33131,3,3,0.9486998915672302
fold_05,5,33171,1,1,0.932352602481842
fold_05,5,33171,2,2,0.9346924424171448
fold_05,5,33171,3,3,0.9357221722602844
fold_05,5,33189,1,1,0.9254270195960999
fold_05,5,33189,2,2,0.9263010621070862
fold_05,5,33189,3,3,0.8739201426506042
fold_05,5,33245,1,1,0.9497458934783936
fold_05,5,33245,2,2,0.9542719721794128
fold_05,5,33245,3,3,0.9456183314323425
fold_05,5,33289,1,1,0.9375423192977905
fold_05,5,33289,2,2,0.8678704500198364
fold_05,5,33289,3,3,0.9322834014892578
fold_05,5,33521,1,1,0.9396255016326904
fold_05,5,33521,2,2,0.9413513541221619
fold_05,5,33521,3,3,0.9473571181297302
fold_05,5,33543,1,1,0.9471583366394043
fold_05,5,33543,2,2,0.9393395185470581
fold_05,5,33543,3,3,0.9400138854980469
fold_05,5,33813,1,1,0.9415258169174194
fold_05,5,33813,2,2,0.940762996673584
fold_05,5,33813,3,3,0.9576663374900818
fold_05,5,34068,1,1,0.9124581813812256
fold_05,5,34068,2,2,0.9464397430419922
fold_05,5,34068,3,3,0.9459080696105957
fold_05,5,34089,1,1,0.8553653359413147
fold_05,5,34089,2,2,0.9219481945037842
fold_05,5,34089,3,3,0.9463663101196289
fold_05,5,34126,1,1,0.9222241640090942
fold_05,5,34126,2,2,0.9250621795654297
fold_05,5,34126,3,3,0.9424964189529419
fold_05,5,34186,1,1,0.9283570051193237
fold_05,5,34186,2,2,0.8826970458030701
fold_05,5,34186,3,3,0.9335945844650269
fold_05,5,34238,1,1,0.9544681310653687
fold_05,5,34238,2,2,0.9390242099761963
fold_05,5,34238,3,3,0.9532082676887512
fold_05,5,34418,1,1,0.9340136051177979
fold_05,5,34418,2,2,0.9161590337753296
fold_05,5,34418,3,3,0.9293873310089111
fold_05,5,34603,1,1,0.9399440288543701
fold_05,5,34603,2,2,0.8978060483932495
fold_05,5,34603,3,3,0.901517391204834
fold_05,5,34829,1,1,0.9445481896400452
fold_05,5,34829,2,2,0.9447028636932373
fold_05,5,34829,3,3,0.9327138066291809
fold_05,5,34850,1,1,0.9515433311462402
fold_05,5,34850,2,2,0.8918676376342773
fold_05,5,34850,3,3,0.9524018168449402
fold_05,5,34874,1,1,0.9201312065124512
fold_05,5,34874,2,2,0.8906204700469971
fold_05,5,34874,3,3,0.9148499965667725
fold_05,5,35743,1,1,0.9647436141967773
fold_05,5,35743,2,2,0.8853748440742493
fold_05,5,35743,3,3,0.9224998950958252
fold_05,5,35752,1,1,0.9458039999008179
fold_05,5,35752,2,2,0.9406805038452148
fold_05,5,35752,3,3,0.9518656730651855
fold_05,5,35790,1,1,0.9377813935279846
fold_05,5,35790,2,2,0.9476975202560425
fold_05,5,35790,3,3,0.9388114809989929
fold_05,5,35798,1,1,0.9546703696250916
fold_05,5,35798,2,2,0.9387331604957581
fold_05,5,35798,3,3,0.9120138883590698
fold_05,5,35986,1,1,0.9456930160522461
fold_05,5,35986,2,2,0.9156346321105957
fold_05,5,35986,3,3,0.9408260583877563
fold_05,5,36067,1,1,0.9255832433700562
fold_05,5,36067,2,2,0.9274311065673828
fold_05,5,36067,3,3,0.9249811172485352
fold_05,5,36258,1,1,0.9445387721061707
fold_05,5,36258,2,2,0.9181800484657288
fold_05,5,36258,3,3,0.9362949132919312
fold_05,5,36476,1,1,0.9531846046447754
fold_05,5,36476,2,2,0.9290352463722229
fold_05,5,36476,3,3,0.9401784539222717
fold_05,5,36569,1,1,0.9113712310791016
fold_05,5,36569,2,2,0.9384908676147461
fold_05,5,36569,3,3,0.9242606163024902
fold_05,5,36576,1,1,0.9444046020507812
fold_05,5,36576,2,2,0.9424947500228882
fold_05,5,36576,3,3,0.9137697219848633
fold_05,5,36623,1,1,0.9409793019294739
fold_05,5,36623,2,2,0.9037157893180847
fold_05,5,36623,3,3,0.9177461266517639
fold_05,5,36682,1,1,0.9097005128860474
fold_05,5,36682,2,2,0.95049649477005
fold_05,5,36682,3,3,0.9261605739593506
fold_05,5,36731,1,1,0.9401161074638367
fold_05,5,36731,2,2,0.9324796199798584
fold_05,5,36731,3,3,0.9638077616691589
fold_05,5,36759,1,1,0.9548567533493042
fold_05,5,36759,2,2,0.9244602918624878
fold_05,5,36759,3,3,0.9085313081741333
fold_05,5,36910,1,1,0.9379887580871582
fold_05,5,36910,2,2,0.9297440648078918
fold_05,5,36910,3,3,0.9495192170143127
fold_05,5,36945,1,1,0.9319840669631958
fold_05,5,36945,2,2,0.9482848644256592
fold_05,5,36945,3,3,0.9285552501678467
fold_05,5,36974,1,1,0.9388213157653809
fold_05,5,36974,2,2,0.9339515566825867
fold_05,5,36974,3,3,0.9237080216407776
fold_05,5,36978,1,1,0.9327679872512817
fold_05,5,36978,2,2,0.9340927600860596
fold_05,5,36978,3,3,0.9391965866088867
fold_05,5,37059,1,1,0.9359273910522461
fold_05,5,37059,2,2,0.9277081489562988
fold_05,5,37059,3,3,0.9383370280265808
fold_05,5,37221,1,1,0.9462252855300903
fold_05,5,37221,2,2,0.9326566457748413
fold_05,5,37221,3,3,0.9365938901901245
fold_05,5,37224,1,1,0.947298526763916
fold_05,5,37224,2,2,0.9480018615722656
fold_05,5,37224,3,3,0.9427851438522339
fold_05,5,37436,1,1,0.9053002595901489
fold_05,5,37436,2,2,0.9118323922157288
fold_05,5,37436,3,3,0.929135262966156
fold_05,5,37494,1,1,0.9325980544090271
fold_05,5,37494,2,2,0.9450356960296631
fold_05,5,37494,3,3,0.9170507788658142
fold_05,5,37736,1,1,0.9339359402656555
fold_05,5,37736,2,2,0.9466739892959595
fold_05,5,37736,3,3,0.9216580986976624
fold_05,5,37927,1,1,0.9508531093597412
fold_05,5,37927,2,2,0.8981429934501648
fold_05,5,37927,3,3,0.9028686881065369
fold_05,5,38022,1,1,0.9566792249679565
fold_05,5,38022,2,2,0.9503895044326782
fold_05,5,38022,3,3,0.8730655908584595
fold_05,5,38025,1,1,0.9421049952507019
fold_05,5,38025,2,2,0.9483199715614319
fold_05,5,38025,3,3,0.92645663022995
fold_05,5,38246,1,1,0.9456119537353516
fold_05,5,38246,2,2,0.9526427388191223
fold_05,5,38246,3,3,0.9258581399917603
fold_05,5,38297,1,1,0.956580638885498
fold_05,5,38297,2,2,0.9239866137504578
fold_05,5,38297,3,3,0.932448148727417
fold_05,5,38310,1,1,0.9042770862579346
fold_05,5,38310,2,2,0.9268835186958313
fold_05,5,38310,3,3,0.9336507320404053
fold_05,5,38358,1,1,0.9389262199401855
fold_05,5,38358,2,2,0.9213883876800537
fold_05,5,38358,3,3,0.9314223527908325
fold_05,5,38486,1,1,0.9308799505233765
fold_05,5,38486,2,2,0.9473807215690613
fold_05,5,38486,3,3,0.9302455186843872
fold_05,5,38494,1,1,0.9349328875541687
fold_05,5,38494,2,2,0.9214633107185364
fold_05,5,38494,3,3,0.9533498287200928
fold_05,5,38641,1,1,0.9053280353546143
fold_05,5,38641,2,2,0.9465100765228271
fold_05,5,38641,3,3,0.8952068090438843
fold_05,5,38794,1,1,0.9449300765991211
fold_05,5,38794,2,2,0.9265425801277161
fold_05,5,38794,3,3,0.9357668161392212
fold_05,5,38817,1,1,0.9553291201591492
fold_05,5,38817,2,2,0.9454879760742188
fold_05,5,38817,3,3,0.9452289938926697
fold_05,5,38829,1,1,0.9452520608901978
fold_05,5,38829,2,2,0.9517143964767456
fold_05,5,38829,3,3,0.9395402073860168
fold_05,5,38853,1,1,0.9440550804138184
fold_05,5,38853,2,2,0.9338726997375488
fold_05,5,38853,3,3,0.8997466564178467
fold_05,5,38978,1,1,0.927882969379425
fold_05,5,38978,2,2,0.9282419681549072
fold_05,5,38978,3,3,0.9439172148704529
fold_05,5,39289,1,1,0.9447823762893677
fold_05,5,39289,2,2,0.9421108961105347
fold_05,5,39289,3,3,0.9545451998710632
fold_05,5,39369,1,1,0.9455559253692627
fold_05,5,39369,2,2,0.9493685960769653
fold_05,5,39369,3,3,0.9549129605293274
fold_05,5,39402,1,1,0.9380015134811401
fold_05,5,39402,2,2,0.9351134300231934
fold_05,5,39402,3,3,0.9323963522911072
fold_05,5,39841,1,1,0.9349552989006042
fold_05,5,39841,2,2,0.9473717212677002
fold_05,5,39841,3,3,0.9285783767700195
fold_05,5,39997,1,1,0.9474971890449524
fold_05,5,39997,2,2,0.9300010204315186
fold_05,5,39997,3,3,0.9318190813064575
fold_05,5,40153,1,1,0.9290595054626465
fold_05,5,40153,2,2,0.9552187323570251
fold_05,5,40153,3,3,0.9126295447349548
fold_05,5,40235,1,1,0.928064227104187
fold_05,5,40235,2,2,0.921671986579895
fold_05,5,40235,3,3,0.9020936489105225
fold_05,5,40423,1,1,0.9390680193901062
fold_05,5,40423,2,2,0.9273579120635986
fold_05,5,40423,3,3,0.9249580502510071
fold_05,5,40548,1,1,0.9575028419494629
fold_05,5,40548,2,2,0.934213399887085
fold_05,5,40548,3,3,0.9361863732337952
fold_05,5,40575,1,1,0.9173049926757812
fold_05,5,40575,2,2,0.9513890743255615
fold_05,5,40575,3,3,0.9375389814376831
fold_05,5,40721,1,1,0.9392540454864502
fold_05,5,40721,2,2,0.9382653832435608
fold_05,5,40721,3,3,0.9262130260467529
fold_05,5,40770,1,1,0.9445242881774902
fold_05,5,40770,2,2,0.9341028928756714
fold_05,5,40770,3,3,0.9158172011375427
fold_05,5,40840,1,1,0.9445433616638184
fold_05,5,40840,2,2,0.9503695964813232
fold_05,5,40840,3,3,0.9346103668212891
fold_05,5,40846,1,1,0.9418314695358276
fold_05,5,40846,2,2,0.9358183741569519
fold_05,5,40846,3,3,0.948093831539154
fold_05,5,40909,1,1,0.9405335187911987
fold_05,5,40909,2,2,0.9297341108322144
fold_05,5,40909,3,3,0.9032846093177795
fold_05,5,40924,1,1,0.8957435488700867
fold_05,5,40924,2,2,0.944671094417572
fold_05,5,40924,3,3,0.918220043182373
fold_05,5,40935,1,1,0.9433533549308777
fold_05,5,40935,2,2,0.9167428612709045
fold_05,5,40935,3,3,0.9265488982200623
fold_05,5,40979,1,1,0.9092325568199158
fold_05,5,40979,2,2,0.919941246509552
fold_05,5,40979,3,3,0.902784526348114
fold_05,5,41056,1,1,0.9216752052307129
fold_05,5,41056,2,2,0.8216899633407593
fold_05,5,41056,3,3,0.929781973361969
fold_05,5,41097,1,1,0.9273419976234436
fold_05,5,41097,2,2,0.9263415336608887
fold_05,5,41097,3,3,0.951840341091156
fold_05,5,41116,1,1,0.9361706972122192
fold_05,5,41116,2,2,0.9263746738433838
fold_05,5,41116,3,3,0.956558346748352
fold_05,5,41137,1,1,0.9339404106140137
fold_05,5,41137,2,2,0.9006931781768799
fold_05,5,41137,3,3,0.9311980605125427
fold_05,5,41162,1,1,0.9354746341705322
fold_05,5,41162,2,2,0.9461139440536499
fold_05,5,41162,3,3,0.9534900784492493
fold_05,5,41482,1,1,0.9354804754257202
fold_05,5,41482,2,2,0.9500199556350708
fold_05,5,41482,3,3,0.8721495270729065
fold_05,5,41566,1,1,0.9462769627571106
fold_05,5,41566,2,2,0.9606591463088989
fold_05,5,41566,3,3,0.9235449433326721
fold_05,5,41653,1,1,0.9397762417793274
fold_05,5,41653,2,2,0.9435482025146484
fold_05,5,41653,3,3,0.9103312492370605
fold_05,5,41710,1,1,0.9344319701194763
fold_05,5,41710,2,2,0.9492175579071045
fold_05,5,41710,3,3,0.9541096687316895
fold_05,5,41778,1,1,0.9388543963432312
fold_05,5,41778,2,2,0.9420112371444702
fold_05,5,41778,3,3,0.9056367874145508
fold_05,5,41814,1,1,0.9274367094039917
fold_05,5,41814,2,2,0.9010524749755859
fold_05,5,41814,3,3,0.9656189680099487
fold_05,5,41927,1,1,0.9546974301338196
fold_05,5,41927,2,2,0.971434473991394
fold_05,5,41927,3,3,0.9288700222969055
fold_05,5,41934,1,1,0.9264811277389526
fold_05,5,41934,2,2,0.9338576793670654
fold_05,5,41934,3,3,0.908379852771759
fold_05,5,42007,1,1,0.9275128841400146
fold_05,5,42007,2,2,0.9081095457077026
fold_05,5,42007,3,3,0.9261147975921631
fold_05,5,42126,1,1,0.9450346231460571
fold_05,5,42126,2,2,0.9263569116592407
fold_05,5,42126,3,3,0.8968394994735718
fold_05,5,42166,1,1,0.9148420095443726
fold_05,5,42166,2,2,0.8603883385658264
fold_05,5,42166,3,3,0.9387043118476868
fold_05,5,42171,1,1,0.9413990378379822
fold_05,5,42171,2,2,0.9394433498382568
fold_05,5,42171,3,3,0.9406365156173706
fold_05,5,42214,1,1,0.9130098819732666
fold_05,5,42214,2,2,0.9346070885658264
fold_05,5,42214,3,3,0.9481431245803833
fold_05,5,42224,1,1,0.9470429420471191
fold_05,5,42224,2,2,0.9461797475814819
fold_05,5,42224,3,3,0.9461119174957275
fold_05,5,42299,1,1,0.9155251979827881
fold_05,5,42299,2,2,0.9181058406829834
fold_05,5,42299,3,3,0.9291924238204956
fold_05,5,42473,1,1,0.9256542921066284
fold_05,5,42473,2,2,0.9392491579055786
fold_05,5,42473,3,3,0.9474707245826721
fold_05,5,42563,1,1,0.9599326252937317
fold_05,5,42563,2,2,0.9488996267318726
fold_05,5,42563,3,3,0.9443239569664001
fold_05,5,42642,1,1,0.9422644376754761
fold_05,5,42642,2,2,0.9447839856147766
fold_05,5,42642,3,3,0.9207543134689331
fold_05,5,42697,1,1,0.9435960054397583
fold_05,5,42697,2,2,0.9237750768661499
fold_05,5,42697,3,3,0.8963966369628906
fold_05,5,42781,1,1,0.9360948801040649
fold_05,5,42781,2,2,0.9305100440979004
fold_05,5,42781,3,3,0.9237624406814575
fold_05,5,42851,1,1,0.9289591312408447
fold_05,5,42851,2,2,0.9255579113960266
fold_05,5,42851,3,3,0.9387059807777405
fold_05,5,42912,1,1,0.9499274492263794
fold_05,5,42912,2,2,0.916584849357605
fold_05,5,42912,3,3,0.9247514009475708
fold_05,5,42946,1,1,0.9061053991317749
fold_05,5,42946,2,2,0.9381176829338074
fold_05,5,42946,3,3,0.9572188258171082
fold_05,5,42980,1,1,0.9606384038925171
fold_05,5,42980,2,2,0.947170078754425
fold_05,5,42980,3,3,0.928528368473053
fold_05,5,43107,1,1,0.9340562224388123
fold_05,5,43107,2,2,0.9177367687225342
fold_05,5,43107,3,3,0.9024153351783752
fold_05,5,43157,1,1,0.9333612322807312
fold_05,5,43157,2,2,0.9129199981689453
fold_05,5,43157,3,3,0.9456620812416077
fold_05,5,43159,1,1,0.9026661515235901
fold_05,5,43159,2,2,0.9416905045509338
fold_05,5,43159,3,3,0.9058688879013062
fold_05,5,43164,1,1,0.9542855024337769
fold_05,5,43164,2,2,0.9477550983428955
fold_05,5,43164,3,3,0.9126546382904053
fold_05,5,43224,1,1,0.9357830286026001
fold_05,5,43224,2,2,0.9536991119384766
fold_05,5,43224,3,3,0.9471414089202881
fold_05,5,43250,1,1,0.9127960801124573
fold_05,5,43250,2,2,0.9374990463256836
fold_05,5,43250,3,3,0.9071041941642761
fold_05,5,43428,1,1,0.9383382797241211
fold_05,5,43428,2,2,0.9255280494689941
fold_05,5,43428,3,3,0.9709022641181946
fold_05,5,43445,1,1,0.9426760673522949
fold_05,5,43445,2,2,0.9442713856697083
fold_05,5,43445,3,3,0.9250565767288208
fold_05,5,43465,1,1,0.9319101572036743
fold_05,5,43465,2,2,0.9183458089828491
fold_05,5,43465,3,3,0.878932774066925
fold_05,5,43619,1,1,0.9412167072296143
fold_05,5,43619,2,2,0.9317648410797119
fold_05,5,43619,3,3,0.9407528638839722
fold_05,5,43675,1,1,0.9442059397697449
fold_05,5,43675,2,2,0.953824520111084
fold_05,5,43675,3,3,0.9423794150352478
fold_05,5,43689,1,1,0.9595810174942017
fold_05,5,43689,2,2,0.9271020889282227
fold_05,5,43689,3,3,0.9458269476890564
fold_05,5,43746,1,1,0.9314383864402771
fold_05,5,43746,2,2,0.8969768285751343
fold_05,5,43746,3,3,0.9205740690231323
fold_05,5,43818,1,1,0.935528039932251
fold_05,5,43818,2,2,0.9041180610656738
fold_05,5,43818,3,3,0.9079889059066772
fold_05,5,43820,1,1,0.9453842043876648
fold_05,5,43820,2,2,0.9380977153778076
fold_05,5,43820,3,3,0.9244413375854492
fold_05,5,43852,1,1,0.9129016399383545
fold_05,5,43852,2,2,0.9283967018127441
fold_05,5,43852,3,3,0.9178407192230225
fold_05,5,43950,1,1,0.9371674060821533
fold_05,5,43950,2,2,0.930098295211792
fold_05,5,43950,3,3,0.9322690963745117
fold_05,5,43984,1,1,0.9613316655158997
fold_05,5,43984,2,2,0.8994863033294678
fold_05,5,43984,3,3,0.9559105038642883
fold_05,5,44052,1,1,0.9606431722640991
fold_05,5,44052,2,2,0.9494082927703857
fold_05,5,44052,3,3,0.9425764679908752
fold_05,5,44138,1,1,0.9424737691879272
fold_05,5,44138,2,2,0.9262804985046387
fold_05,5,44138,3,3,0.9311936497688293
fold_05,5,44144,1,1,0.9360190629959106
fold_05,5,44144,2,2,0.9180565476417542
fold_05,5,44144,3,3,0.9532895684242249
fold_05,5,44705,1,1,0.9486328363418579
fold_05,5,44705,2,2,0.9370163083076477
fold_05,5,44705,3,3,0.9355167150497437
fold_05,5,44720,1,1,0.9348757266998291
fold_05,5,44720,2,2,0.9430702924728394
fold_05,5,44720,3,3,0.9377286434173584
fold_05,5,44844,1,1,0.9513257741928101
fold_05,5,44844,2,2,0.954163670539856
fold_05,5,44844,3,3,0.9399206638336182
fold_05,5,44971,1,1,0.9421331882476807
fold_05,5,44971,2,2,0.9518949389457703
fold_05,5,44971,3,3,0.9551810026168823
fold_05,5,44980,1,1,0.9486331939697266
fold_05,5,44980,2,2,0.9299150705337524
fold_05,5,44980,3,3,0.9392560720443726
fold_05,5,45129,1,1,0.9512324333190918
fold_05,5,45129,2,2,0.9301974773406982
fold_05,5,45129,3,3,0.9230343103408813
fold_05,5,45213,1,1,0.931201696395874
fold_05,5,45213,2,2,0.9141707420349121
fold_05,5,45213,3,3,0.9233872294425964
fold_05,5,45356,1,1,0.9545847773551941
fold_05,5,45356,2,2,0.9178669452667236
fold_05,5,45356,3,3,0.9501600861549377
fold_05,5,45595,1,1,0.9518423080444336
fold_05,5,45595,2,2,0.9332855939865112
fold_05,5,45595,3,3,0.9383015036582947
fold_05,5,45632,1,1,0.9602874517440796
fold_05,5,45632,2,2,0.9155214428901672
fold_05,5,45632,3,3,0.9375125765800476
fold_05,5,45750,1,1,0.9508281350135803
fold_05,5,45750,2,2,0.9279911518096924
fold_05,5,45750,3,3,0.9509693384170532
fold_05,5,45837,1,1,0.9443652629852295
fold_05,5,45837,2,2,0.9364278316497803
fold_05,5,45837,3,3,0.9376034736633301
fold_05,5,45843,1,1,0.9481256008148193
fold_05,5,45843,2,2,0.9181475639343262
fold_05,5,45843,3,3,0.9237691164016724
fold_05,5,45945,1,1,0.9425219297409058
fold_05,5,45945,2,2,0.9583371877670288
fold_05,5,45945,3,3,0.9291508197784424
fold_05,5,45981,1,1,0.936796247959137
fold_05,5,45981,2,2,0.9456162452697754
fold_05,5,45981,3,3,0.934418797492981
fold_05,5,46002,1,1,0.949343204498291
fold_05,5,46002,2,2,0.94707190990448
fold_05,5,46002,3,3,0.9331560134887695
fold_05,5,46036,1,1,0.9156613945960999
fold_05,5,46036,2,2,0.92741858959198
fold_05,5,46036,3,3,0.9241928458213806
fold_05,5,46150,1,1,0.9289212226867676
fold_05,5,46150,2,2,0.9507513642311096
fold_05,5,46150,3,3,0.9331682920455933
fold_05,5,46160,1,1,0.8962573409080505
fold_05,5,46160,2,2,0.9615190029144287
fold_05,5,46160,3,3,0.9281191825866699
fold_05,5,46274,1,1,0.9366843700408936
fold_05,5,46274,2,2,0.9551248550415039
fold_05,5,46274,3,3,0.9489845633506775
fold_05,5,46321,1,1,0.9394598007202148
fold_05,5,46321,2,2,0.9265633225440979
fold_05,5,46321,3,3,0.9043964147567749
fold_05,5,46372,1,1,0.9086914658546448
fold_05,5,46372,2,2,0.9277729392051697
fold_05,5,46372,3,3,0.9132196307182312
fold_05,5,46380,1,1,0.9348620772361755
fold_05,5,46380,2,2,0.936964750289917
fold_05,5,46380,3,3,0.9378672242164612
fold_05,5,46460,1,1,0.9245939254760742
fold_05,5,46460,2,2,0.9328740835189819
fold_05,5,46460,3,3,0.9420677423477173
fold_05,5,46462,1,1,0.9443121552467346
fold_05,5,46462,2,2,0.9377409219741821
fold_05,5,46462,3,3,0.9276646375656128
fold_05,5,46523,1,1,0.9466171860694885
fold_05,5,46523,2,2,0.8976848721504211
fold_05,5,46523,3,3,0.9222378730773926
fold_05,5,46642,1,1,0.9165589809417725
fold_05,5,46642,2,2,0.8953354954719543
fold_05,5,46642,3,3,0.8902716040611267
fold_05,5,46661,1,1,0.8834838271141052
fold_05,5,46661,2,2,0.908326268196106
fold_05,5,46661,3,3,0.94273841381073
fold_05,5,46806,1,1,0.948590874671936
fold_05,5,46806,2,2,0.9344764351844788
fold_05,5,46806,3,3,0.9529390931129456
fold_05,5,46835,1,1,0.9173721075057983
fold_05,5,46835,2,2,0.9317469000816345
fold_05,5,46835,3,3,0.8953588604927063
fold_05,5,46861,1,1,0.9150790572166443
fold_05,5,46861,2,2,0.9258832931518555
fold_05,5,46861,3,3,0.909522533416748
fold_05,5,47033,1,1,0.9042900800704956
fold_05,5,47033,2,2,0.920052707195282
fold_05,5,47033,3,3,0.9114993810653687
fold_05,5,47070,1,1,0.9315253496170044
fold_05,5,47070,2,2,0.8992844820022583
fold_05,5,47070,3,3,0.9643865823745728
fold_05,5,47099,1,1,0.9368500709533691
fold_05,5,47099,2,2,0.9317240118980408
fold_05,5,47099,3,3,0.9276769161224365
fold_05,5,47290,1,1,0.9157229065895081
fold_05,5,47290,2,2,0.9343047738075256
fold_05,5,47290,3,3,0.9155470728874207
fold_05,5,47293,1,1,0.9470182657241821
fold_05,5,47293,2,2,0.9498946666717529
fold_05,5,47293,3,3,0.9498594999313354
fold_05,5,47321,1,1,0.9171382784843445
fold_05,5,47321,2,2,0.9247902035713196
fold_05,5,47321,3,3,0.9172723293304443
fold_05,5,47408,1,1,0.9383970499038696
fold_05,5,47408,2,2,0.9396330714225769
fold_05,5,47408,3,3,0.9405457973480225
fold_05,5,47600,1,1,0.9147434234619141
fold_05,5,47600,2,2,0.9515961408615112
fold_05,5,47600,3,3,0.9590702056884766
fold_05,5,47687,1,1,0.9468401670455933
fold_05,5,47687,2,2,0.9193084836006165
fold_05,5,47687,3,3,0.9508848190307617
fold_05,5,48157,1,1,0.9347590208053589
fold_05,5,48157,2,2,0.9358748197555542
fold_05,5,48157,3,3,0.9176309108734131
fold_05,5,48260,1,1,0.9259817004203796
fold_05,5,48260,2,2,0.9500772356987
fold_05,5,48260,3,3,0.921524167060852
fold_05,5,48374,1,1,0.9142743349075317
fold_05,5,48374,2,2,0.9483839869499207
fold_05,5,48374,3,3,0.9024484157562256
fold_05,5,48379,1,1,0.964295506477356
fold_05,5,48379,2,2,0.958390474319458
fold_05,5,48379,3,3,0.9195889234542847
fold_05,5,48393,1,1,0.94878089427948
fold_05,5,48393,2,2,0.9453212022781372
fold_05,5,48393,3,3,0.8963876962661743
fold_05,5,48422,1,1,0.9144490957260132
fold_05,5,48422,2,2,0.9328580498695374
fold_05,5,48422,3,3,0.9165167808532715
fold_05,5,48508,1,1,0.9493443965911865
fold_05,5,48508,2,2,0.9255324602127075
fold_05,5,48508,3,3,0.932643711566925
fold_05,5,48530,1,1,0.9593487977981567
fold_05,5,48530,2,2,0.9035727977752686
fold_05,5,48530,3,3,0.9417945146560669
fold_05,5,48617,1,1,0.9464396834373474
fold_05,5,48617,2,2,0.9455203413963318
fold_05,5,48617,3,3,0.9331297874450684
fold_05,5,48622,1,1,0.9094457626342773
fold_05,5,48622,2,2,0.939024806022644
fold_05,5,48622,3,3,0.9237661957740784
fold_05,5,48679,1,1,0.9416817426681519
fold_05,5,48679,2,2,0.8939547538757324
fold_05,5,48679,3,3,0.9472525119781494
fold_05,5,48681,1,1,0.924886167049408
fold_05,5,48681,2,2,0.9535209536552429
fold_05,5,48681,3,3,0.9284458160400391
fold_05,5,48802,1,1,0.9440821409225464
fold_05,5,48802,2,2,0.9486707448959351
fold_05,5,48802,3,3,0.9239976406097412
fold_05,5,48839,1,1,0.91282057762146
fold_05,5,48839,2,2,0.9178866744041443
fold_05,5,48839,3,3,0.94025719165802
fold_05,5,49076,1,1,0.9104880690574646
fold_05,5,49076,2,2,0.9327555298805237
fold_05,5,49076,3,3,0.9470730423927307
fold_05,5,49466,1,1,0.9311031699180603
fold_05,5,49466,2,2,0.9408032298088074
fold_05,5,49466,3,3,0.9357027411460876
fold_05,5,49480,1,1,0.9293233156204224
fold_05,5,49480,2,2,0.9325230121612549
fold_05,5,49480,3,3,0.9175752401351929
fold_05,5,49731,1,1,0.9065007567405701
fold_05,5,49731,2,2,0.912824273109436
fold_05,5,49731,3,3,0.9110221862792969
fold_05,5,49944,1,1,0.8962059020996094
fold_05,5,49944,2,2,0.9586700797080994
fold_05,5,49944,3,3,0.9555385708808899
fold_05,5,49955,1,1,0.9425107836723328
fold_05,5,49955,2,2,0.9426020979881287
fold_05,5,49955,3,3,0.9501097202301025
fold_05,5,49957,1,1,0.9487201571464539
fold_05,5,49957,2,2,0.926837682723999
fold_05,5,49957,3,3,0.9431494474411011
fold_05,5,49969,1,1,0.9368985891342163
fold_05,5,49969,2,2,0.9129402041435242
fold_05,5,49969,3,3,0.9057618975639343
fold_05,5,49979,1,1,0.9398980140686035
fold_05,5,49979,2,2,0.9475235342979431
fold_05,5,49979,3,3,0.9192721843719482
fold_05,5,50114,1,1,0.9438561201095581
fold_05,5,50114,2,2,0.9232757091522217
fold_05,5,50114,3,3,0.9447648525238037
fold_05,5,50170,1,1,0.9535319805145264
fold_05,5,50170,2,2,0.9393157958984375
fold_05,5,50170,3,3,0.943742573261261
fold_05,5,50653,1,1,0.94606614112854
fold_05,5,50653,2,2,0.9302322864532471
fold_05,5,50653,3,3,0.9110210537910461
fold_05,5,50734,1,1,0.9407362937927246
fold_05,5,50734,2,2,0.9515167474746704
fold_05,5,50734,3,3,0.9611568450927734
fold_05,5,50755,1,1,0.9283784627914429
fold_05,5,50755,2,2,0.9316903352737427
fold_05,5,50755,3,3,0.9274563789367676
fold_05,5,50811,1,1,0.9139565229415894
fold_05,5,50811,2,2,0.9407309293746948
fold_05,5,50811,3,3,0.9509156346321106
fold_05,5,50882,1,1,0.9578405618667603
fold_05,5,50882,2,2,0.9265626072883606
fold_05,5,50882,3,3,0.925166130065918
fold_05,5,51062,1,1,0.9352276921272278
fold_05,5,51062,2,2,0.8759830594062805
fold_05,5,51062,3,3,0.8896923065185547
fold_05,5,51077,1,1,0.9207229614257812
fold_05,5,51077,2,2,0.9400135278701782
fold_05,5,51077,3,3,0.9220641851425171
fold_05,5,51148,1,1,0.9301100969314575
fold_05,5,51148,2,2,0.9421524405479431
fold_05,5,51148,3,3,0.921822190284729
fold_05,5,51171,1,1,0.9410536289215088
fold_05,5,51171,2,2,0.9257151484489441
fold_05,5,51171,3,3,0.9294326305389404
fold_05,5,51185,1,1,0.9374802112579346
fold_05,5,51185,2,2,0.9304046630859375
fold_05,5,51185,3,3,0.9346656799316406
fold_05,5,51521,1,1,0.9302482604980469
fold_05,5,51521,2,2,0.9595180749893188
fold_05,5,51521,3,3,0.9464598894119263
fold_05,5,51745,1,1,0.9264630675315857
fold_05,5,51745,2,2,0.9304153323173523
fold_05,5,51745,3,3,0.9018962383270264
fold_05,5,51788,1,1,0.9445630311965942
fold_05,5,51788,2,2,0.9099762439727783
fold_05,5,51788,3,3,0.9290991425514221
fold_05,5,51843,1,1,0.9552212357521057
fold_05,5,51843,2,2,0.950928807258606
fold_05,5,51843,3,3,0.9539235830307007
fold_05,5,51965,1,1,0.9396610856056213
fold_05,5,51965,2,2,0.9454737901687622
fold_05,5,51965,3,3,0.9341481328010559
fold_05,5,51983,1,1,0.9035030603408813
fold_05,5,51983,2,2,0.907699704170227
fold_05,5,51983,3,3,0.9386276602745056
fold_05,5,51988,1,1,0.9254933595657349
fold_05,5,51988,2,2,0.9308598041534424
fold_05,5,51988,3,3,0.9143975973129272
fold_05,5,52070,1,1,0.9374508857727051
fold_05,5,52070,2,2,0.9414111375808716
fold_05,5,52070,3,3,0.9488375186920166
fold_05,5,52302,1,1,0.9394347667694092
fold_05,5,52302,2,2,0.9451853632926941
fold_05,5,52302,3,3,0.9380661249160767
fold_05,5,52394,1,1,0.9404212236404419
fold_05,5,52394,2,2,0.9467877149581909
fold_05,5,52394,3,3,0.9569627046585083
fold_05,5,52527,1,1,0.9422019124031067
fold_05,5,52527,2,2,0.9382394552230835
fold_05,5,52527,3,3,0.9158434867858887
fold_05,5,52554,1,1,0.9219279289245605
fold_05,5,52554,2,2,0.9458107948303223
fold_05,5,52554,3,3,0.9428422451019287
fold_05,5,52596,1,1,0.9522736072540283
fold_05,5,52596,2,2,0.9199956059455872
fold_05,5,52596,3,3,0.9316341876983643
fold_05,5,52652,1,1,0.9513612389564514
fold_05,5,52652,2,2,0.9330373406410217
fold_05,5,52652,3,3,0.9432381391525269
fold_05,5,52892,1,1,0.9113801121711731
fold_05,5,52892,2,2,0.9050353765487671
fold_05,5,52892,3,3,0.9216885566711426
fold_05,5,52931,1,1,0.9475170373916626
fold_05,5,52931,2,2,0.9484089016914368
fold_05,5,52931,3,3,0.943261981010437
fold_05,5,53052,1,1,0.938729465007782
fold_05,5,53052,2,2,0.9416664838790894
fold_05,5,53052,3,3,0.908873438835144
fold_05,5,53152,1,1,0.9538931846618652
fold_05,5,53152,2,2,0.9363136887550354
fold_05,5,53152,3,3,0.9184041023254395
fold_05,5,53155,1,1,0.9285785555839539
fold_05,5,53155,2,2,0.9413976073265076
fold_05,5,53155,3,3,0.9422547817230225
fold_05,5,53157,1,1,0.9310157299041748
fold_05,5,53157,2,2,0.90965336561203
fold_05,5,53157,3,3,0.9202386736869812
fold_05,5,53270,1,1,0.9264886379241943
fold_05,5,53270,2,2,0.870416522026062
fold_05,5,53270,3,3,0.9347219467163086
fold_05,5,53370,1,1,0.9487079381942749
fold_05,5,53370,2,2,0.9356138110160828
fold_05,5,53370,3,3,0.9528527855873108
fold_05,5,53511,1,1,0.9246810674667358
fold_05,5,53511,2,2,0.9425655007362366
fold_05,5,53511,3,3,0.9314705729484558
fold_05,5,53570,1,1,0.9281045198440552
fold_05,5,53570,2,2,0.9242390394210815
fold_05,5,53570,3,3,0.9251152873039246
fold_05,5,53727,1,1,0.9350063800811768
fold_05,5,53727,2,2,0.9362889528274536
fold_05,5,53727,3,3,0.9280004501342773
fold_05,5,53728,1,1,0.9317198395729065
fold_05,5,53728,2,2,0.9501397013664246
fold_05,5,53728,3,3,0.9506948590278625
fold_05,5,53773,1,1,0.9381778836250305
fold_05,5,53773,2,2,0.9326862096786499
fold_05,5,53773,3,3,0.9249048829078674
fold_05,5,53858,1,1,0.910839319229126
fold_05,5,53858,2,2,0.9229196310043335
fold_05,5,53858,3,3,0.8554368019104004
fold_05,5,53881,1,1,0.9262752532958984
fold_05,5,53881,2,2,0.9506106972694397
fold_05,5,53881,3,3,0.9481125473976135
fold_05,5,53891,1,1,0.935552716255188
fold_05,5,53891,2,2,0.9480593204498291
fold_05,5,53891,3,3,0.9244910478591919
fold_05,5,54078,1,1,0.9520588517189026
fold_05,5,54078,2,2,0.9367311000823975
fold_05,5,54078,3,3,0.8863258361816406
fold_05,5,54257,1,1,0.9139090776443481
fold_05,5,54257,2,2,0.9589243531227112
fold_05,5,54257,3,3,0.9486547708511353
fold_05,5,54361,1,1,0.9537724852561951
fold_05,5,54361,2,2,0.9367984533309937
fold_05,5,54361,3,3,0.9525847434997559
fold_05,5,54389,1,1,0.9442305564880371
fold_05,5,54389,2,2,0.9369238018989563
fold_05,5,54389,3,3,0.9093356132507324
fold_05,5,54643,1,1,0.9040580987930298
fold_05,5,54643,2,2,0.9323337078094482
fold_05,5,54643,3,3,0.896003007888794
fold_05,5,54683,1,1,0.9191924333572388
fold_05,5,54683,2,2,0.9444994330406189
fold_05,5,54683,3,3,0.9143255949020386
fold_05,5,54698,1,1,0.9442650079727173
fold_05,5,54698,2,2,0.8958643078804016
fold_05,5,54698,3,3,0.9279694557189941
fold_05,5,54913,1,1,0.9489042162895203
fold_05,5,54913,2,2,0.9448980093002319
fold_05,5,54913,3,3,0.9500037431716919
fold_05,5,54959,1,1,0.896195113658905
fold_05,5,54959,2,2,0.8792216181755066
fold_05,5,54959,3,3,0.9217848181724548
fold_05,5,55005,1,1,0.9203551411628723
fold_05,5,55005,2,2,0.9357447624206543
fold_05,5,55005,3,3,0.9187344312667847
fold_05,5,55107,1,1,0.9343686103820801
fold_05,5,55107,2,2,0.9357391595840454
fold_05,5,55107,3,3,0.9364575147628784
fold_05,5,55163,1,1,0.9347836971282959
fold_05,5,55163,2,2,0.9145297408103943
fold_05,5,55163,3,3,0.9294856190681458
fold_05,5,55405,1,1,0.9153734445571899
fold_05,5,55405,2,2,0.9096227884292603
fold_05,5,55405,3,3,0.9367820024490356
fold_05,5,55408,1,1,0.9625942707061768
fold_05,5,55408,2,2,0.9586304426193237
fold_05,5,55408,3,3,0.9125436544418335
fold_05,5,55526,1,1,0.9337347745895386
fold_05,5,55526,2,2,0.9287656545639038
fold_05,5,55526,3,3,0.9456890821456909
fold_05,5,55649,1,1,0.9435229897499084
fold_05,5,55649,2,2,0.9381417036056519
fold_05,5,55649,3,3,0.956738293170929
fold_05,5,55669,1,1,0.9338057637214661
fold_05,5,55669,2,2,0.933691143989563
fold_05,5,55669,3,3,0.9381297826766968
fold_05,5,55678,1,1,0.9399386644363403
fold_05,5,55678,2,2,0.9217748641967773
fold_05,5,55678,3,3,0.9241325855255127
fold_05,5,55857,1,1,0.9485417008399963
fold_05,5,55857,2,2,0.9278290867805481
fold_05,5,55857,3,3,0.948183536529541
fold_05,5,55933,1,1,0.9457583427429199
fold_05,5,55933,2,2,0.9372886419296265
fold_05,5,55933,3,3,0.9430052042007446
fold_05,5,55968,1,1,0.9322205185890198
fold_05,5,55968,2,2,0.9555246829986572
fold_05,5,55968,3,3,0.9478646516799927
fold_05,5,55969,1,1,0.9246004819869995
fold_05,5,55969,2,2,0.9014142751693726
fold_05,5,55969,3,3,0.9414752125740051
fold_05,5,56042,1,1,0.9289054870605469
fold_05,5,56042,2,2,0.907767653465271
fold_05,5,56042,3,3,0.9534872770309448
fold_05,5,56066,1,1,0.9264572858810425
fold_05,5,56066,2,2,0.9223249554634094
fold_05,5,56066,3,3,0.9380728602409363
fold_05,5,56154,1,1,0.9203231930732727
fold_05,5,56154,2,2,0.9230756759643555
fold_05,5,56154,3,3,0.9479920864105225
fold_05,5,56269,1,1,0.9351237416267395
fold_05,5,56269,2,2,0.9113351106643677
fold_05,5,56269,3,3,0.9296973943710327
fold_05,5,56290,1,1,0.9403826594352722
fold_05,5,56290,2,2,0.9429565668106079
fold_05,5,56290,3,3,0.9278262257575989
fold_05,5,56314,1,1,0.9187428951263428
fold_05,5,56314,2,2,0.9142920970916748
fold_05,5,56314,3,3,0.9134166836738586
fold_05,5,56454,1,1,0.898339569568634
fold_05,5,56454,2,2,0.9153559803962708
fold_05,5,56454,3,3,0.9311696290969849
fold_05,5,56471,1,1,0.9051761031150818
fold_05,5,56471,2,2,0.8962477445602417
fold_05,5,56471,3,3,0.9360227584838867
fold_05,5,56681,1,1,0.9343854784965515
fold_05,5,56681,2,2,0.932801365852356
fold_05,5,56681,3,3,0.9068373441696167
fold_05,5,56723,1,1,0.8889341354370117
fold_05,5,56723,2,2,0.9343799352645874
fold_05,5,56723,3,3,0.9335923790931702
fold_05,5,56751,1,1,0.9305098056793213
fold_05,5,56751,2,2,0.932404637336731
fold_05,5,56751,3,3,0.929565966129303
fold_05,5,56784,1,1,0.9221842288970947
fold_05,5,56784,2,2,0.9179435968399048
fold_05,5,56784,3,3,0.9535596370697021
fold_05,5,56850,1,1,0.9247110486030579
fold_05,5,56850,2,2,0.9362319111824036
fold_05,5,56850,3,3,0.9517812728881836
fold_05,5,56867,1,1,0.9194347858428955
fold_05,5,56867,2,2,0.9052258133888245
fold_05,5,56867,3,3,0.9068663716316223
fold_05,5,56911,1,1,0.948798418045044
fold_05,5,56911,2,2,0.9322444200515747
fold_05,5,56911,3,3,0.9500502347946167
fold_05,5,56948,1,1,0.8968585729598999
fold_05,5,56948,2,2,0.9334983825683594
fold_05,5,56948,3,3,0.9382744431495667
fold_05,5,57046,1,1,0.9175223112106323
fold_05,5,57046,2,2,0.9271706342697144
fold_05,5,57046,3,3,0.9552119374275208
fold_05,5,57060,1,1,0.8986080288887024
fold_05,5,57060,2,2,0.945068359375
fold_05,5,57060,3,3,0.8967824578285217
fold_05,5,57435,1,1,0.9228883981704712
fold_05,5,57435,2,2,0.9412853717803955
fold_05,5,57435,3,3,0.9368801116943359
fold_05,5,57478,1,1,0.9512820243835449
fold_05,5,57478,2,2,0.8883957266807556
fold_05,5,57478,3,3,0.9145618677139282
fold_05,5,57553,1,1,0.9546402096748352
fold_05,5,57553,2,2,0.9318271279335022
fold_05,5,57553,3,3,0.9473986625671387
fold_05,5,57650,1,1,0.9530680179595947
fold_05,5,57650,2,2,0.9549352526664734
fold_05,5,57650,3,3,0.9039757251739502
fold_05,5,57681,1,1,0.8715903162956238
fold_05,5,57681,2,2,0.8755915760993958
fold_05,5,57681,3,3,0.9383217096328735
fold_05,5,57822,1,1,0.939170241355896
fold_05,5,57822,2,2,0.9455503225326538
fold_05,5,57822,3,3,0.9360566139221191
fold_05,5,57838,1,1,0.9601787328720093
fold_05,5,57838,2,2,0.9534310102462769
fold_05,5,57838,3,3,0.9461530447006226
fold_05,5,57906,1,1,0.9340746998786926
fold_05,5,57906,2,2,0.9427365064620972
fold_05,5,57906,3,3,0.9490759372711182
fold_05,5,58096,1,1,0.9361198544502258
fold_05,5,58096,2,2,0.9162160754203796
fold_05,5,58096,3,3,0.9158300757408142
fold_05,5,58144,1,1,0.9373087882995605
fold_05,5,58144,2,2,0.9326859712600708
fold_05,5,58144,3,3,0.9216775894165039
fold_05,5,58164,1,1,0.9450399279594421
fold_05,5,58164,2,2,0.9170122146606445
fold_05,5,58164,3,3,0.9313259720802307
fold_05,5,58187,1,1,0.935297966003418
fold_05,5,58187,2,2,0.9332495927810669
fold_05,5,58187,3,3,0.8904209733009338
fold_05,5,58404,1,1,0.9313956499099731
fold_05,5,58404,2,2,0.9285349249839783
fold_05,5,58404,3,3,0.9399361610412598
fold_05,5,59023,1,1,0.9576977491378784
fold_05,5,59023,2,2,0.9597955346107483
fold_05,5,59023,3,3,0.931342601776123
fold_05,5,59039,1,1,0.9371402263641357
fold_05,5,59039,2,2,0.9473442435264587
fold_05,5,59039,3,3,0.9464068412780762
fold_05,5,59046,1,1,0.9520323276519775
fold_05,5,59046,2,2,0.9436888098716736
fold_05,5,59046,3,3,0.9617748260498047
fold_05,5,59194,1,1,0.9461917281150818
fold_05,5,59194,2,2,0.955201268196106
fold_05,5,59194,3,3,0.9259723424911499
fold_05,5,59284,1,1,0.9271638989448547
fold_05,5,59284,2,2,0.9265252947807312
fold_05,5,59284,3,3,0.9374799728393555
fold_05,5,59585,1,1,0.9231100082397461
fold_05,5,59585,2,2,0.9356687068939209
fold_05,5,59585,3,3,0.9194843769073486
fold_05,5,59595,1,1,0.9536577463150024
fold_05,5,59595,2,2,0.9356198906898499
fold_05,5,59595,3,3,0.9156089425086975
fold_05,5,59631,1,1,0.9213968515396118
fold_05,5,59631,2,2,0.9451205134391785
fold_05,5,59631,3,3,0.9372340440750122
fold_05,5,59699,1,1,0.942254900932312
fold_05,5,59699,2,2,0.9387109279632568
fold_05,5,59699,3,3,0.944477915763855
fold_05,5,59817,1,1,0.9537859559059143
fold_05,5,59817,2,2,0.9368988871574402
fold_05,5,59817,3,3,0.928051769733429
fold_05,5,59994,1,1,0.9099315404891968
fold_05,5,59994,2,2,0.9246271252632141
fold_05,5,59994,3,3,0.9392892122268677
fold_05,5,60094,1,1,0.960793137550354
fold_05,5,60094,2,2,0.9078227281570435
fold_05,5,60094,3,3,0.9353524446487427
fold_05,5,60186,1,1,0.9306695461273193
fold_05,5,60186,2,2,0.9446592926979065
fold_05,5,60186,3,3,0.9491002559661865
fold_05,5,60251,1,1,0.928168535232544
fold_05,5,60251,2,2,0.9253212809562683
fold_05,5,60251,3,3,0.9369022846221924
fold_05,5,60305,1,1,0.9418346881866455
fold_05,5,60305,2,2,0.9382668733596802
fold_05,5,60305,3,3,0.9369592070579529
fold_05,5,60505,1,1,0.9459260106086731
fold_05,5,60505,2,2,0.9124469757080078
fold_05,5,60505,3,3,0.9337696433067322
fold_05,5,60553,1,1,0.9277158379554749
fold_05,5,60553,2,2,0.9357790946960449
fold_05,5,60553,3,3,0.9407687783241272
fold_05,5,60845,1,1,0.9283604621887207
fold_05,5,60845,2,2,0.91280198097229
fold_05,5,60845,3,3,0.9392245411872864
fold_05,5,60867,1,1,0.9324307441711426
fold_05,5,60867,2,2,0.9411132335662842
fold_05,5,60867,3,3,0.8963881731033325
fold_05,5,61122,1,1,0.9315417408943176
fold_05,5,61122,2,2,0.9496994018554688
fold_05,5,61122,3,3,0.9378625154495239
fold_05,5,61133,1,1,0.9244220852851868
fold_05,5,61133,2,2,0.9262633323669434
fold_05,5,61133,3,3,0.9428888559341431
fold_05,5,61177,1,1,0.9341340065002441
fold_05,5,61177,2,2,0.934776782989502
fold_05,5,61177,3,3,0.9289439916610718
fold_05,5,61216,1,1,0.9212284088134766
fold_05,5,61216,2,2,0.931514322757721
fold_05,5,61216,3,3,0.9559621810913086
fold_05,5,61510,1,1,0.9356362819671631
fold_05,5,61510,2,2,0.9381363987922668
fold_05,5,61510,3,3,0.935960054397583
fold_05,5,61513,1,1,0.9345495104789734
fold_05,5,61513,2,2,0.9107695817947388
fold_05,5,61513,3,3,0.9184638857841492
fold_05,5,61677,1,1,0.9346544742584229
fold_05,5,61677,2,2,0.9501553177833557
fold_05,5,61677,3,3,0.9493380784988403
fold_05,5,61738,1,1,0.9509330987930298
fold_05,5,61738,2,2,0.9481649994850159
fold_05,5,61738,3,3,0.8810139894485474
fold_05,5,61748,1,1,0.9514899849891663
fold_05,5,61748,2,2,0.9406324625015259
fold_05,5,61748,3,3,0.9419980645179749
fold_05,5,61752,1,1,0.9385354518890381
fold_05,5,61752,2,2,0.9464972019195557
fold_05,5,61752,3,3,0.9244229793548584
fold_05,5,61797,1,1,0.9228070974349976
fold_05,5,61797,2,2,0.9347003102302551
fold_05,5,61797,3,3,0.9470725059509277
fold_05,5,61809,1,1,0.9392372369766235
fold_05,5,61809,2,2,0.9590450525283813
fold_05,5,61809,3,3,0.9549355506896973
fold_05,5,61873,1,1,0.9192930459976196
fold_05,5,61873,2,2,0.9141324758529663
fold_05,5,61873,3,3,0.9500798583030701
fold_05,5,61972,1,1,0.8972028493881226
fold_05,5,61972,2,2,0.9305461049079895
fold_05,5,61972,3,3,0.9516629576683044
fold_05,5,62006,1,1,0.9436588287353516
fold_05,5,62006,2,2,0.9544111490249634
fold_05,5,62006,3,3,0.9413807988166809
fold_05,5,62015,1,1,0.8835902810096741
fold_05,5,62015,2,2,0.8308638334274292
fold_05,5,62015,3,3,0.8780380487442017
fold_05,5,62209,1,1,0.9422031044960022
fold_05,5,62209,2,2,0.9581976532936096
fold_05,5,62209,3,3,0.9172889590263367
fold_05,5,62228,1,1,0.9334253668785095
fold_05,5,62228,2,2,0.9291918277740479
fold_05,5,62228,3,3,0.9524965882301331
fold_05,5,62275,1,1,0.9440442323684692
fold_05,5,62275,2,2,0.9334864616394043
fold_05,5,62275,3,3,0.8769867420196533
fold_05,5,62302,1,1,0.9478049278259277
fold_05,5,62302,2,2,0.9426637291908264
fold_05,5,62302,3,3,0.8954862356185913
fold_05,5,62479,1,1,0.9543916583061218
fold_05,5,62479,2,2,0.9502829909324646
fold_05,5,62479,3,3,0.9411898255348206
fold_05,5,62544,1,1,0.9483345746994019
fold_05,5,62544,2,2,0.9601078629493713
fold_05,5,62544,3,3,0.9521090984344482
fold_05,5,62561,1,1,0.940601110458374
fold_05,5,62561,2,2,0.9259002804756165
fold_05,5,62561,3,3,0.9471006393432617
fold_05,5,62683,1,1,0.9518288373947144
fold_05,5,62683,2,2,0.9285138845443726
fold_05,5,62683,3,3,0.914377748966217
fold_05,5,62960,1,1,0.9467495679855347
fold_05,5,62960,2,2,0.9338962435722351
fold_05,5,62960,3,3,0.9564237594604492
fold_05,5,63081,1,1,0.9136639833450317
fold_05,5,63081,2,2,0.9253485798835754
fold_05,5,63081,3,3,0.9364006519317627
fold_05,5,63182,1,1,0.9330589771270752
fold_05,5,63182,2,2,0.9267400503158569
fold_05,5,63182,3,3,0.9238502383232117
fold_05,5,63746,1,1,0.9164732098579407
fold_05,5,63746,2,2,0.9398298859596252
fold_05,5,63746,3,3,0.9463337659835815
fold_05,5,63825,1,1,0.9495342969894409
fold_05,5,63825,2,2,0.9494705200195312
fold_05,5,63825,3,3,0.9357103705406189
fold_05,5,63931,1,1,0.9011574983596802
fold_05,5,63931,2,2,0.9365453720092773
fold_05,5,63931,3,3,0.9528555870056152
fold_05,5,63944,1,1,0.9371629953384399
fold_05,5,63944,2,2,0.9167112112045288
fold_05,5,63944,3,3,0.8871294260025024
fold_05,5,64004,1,1,0.930639386177063
fold_05,5,64004,2,2,0.9326602220535278
fold_05,5,64004,3,3,0.9038305282592773
fold_05,5,64096,1,1,0.9129137396812439
fold_05,5,64096,2,2,0.9467317461967468
fold_05,5,64096,3,3,0.8981955051422119
fold_05,5,64295,1,1,0.961444079875946
fold_05,5,64295,2,2,0.9080063104629517
fold_05,5,64295,3,3,0.944013237953186
fold_05,5,64483,1,1,0.9319877028465271
fold_05,5,64483,2,2,0.9285270571708679
fold_05,5,64483,3,3,0.8678261637687683
fold_05,5,64498,1,1,0.931699812412262
fold_05,5,64498,2,2,0.9541242718696594
fold_05,5,64498,3,3,0.9340232610702515
fold_05,5,64615,1,1,0.9341990947723389
fold_05,5,64615,2,2,0.9448959827423096
fold_05,5,64615,3,3,0.9204849004745483
fold_05,5,64621,1,1,0.9287245869636536
fold_05,5,64621,2,2,0.8696802854537964
fold_05,5,64621,3,3,0.934839129447937
fold_05,5,64867,1,1,0.9493038058280945
fold_05,5,64867,2,2,0.9506086707115173
fold_05,5,64867,3,3,0.8966130614280701
fold_05,5,64880,1,1,0.9591248035430908
fold_05,5,64880,2,2,0.9370941519737244
fold_05,5,64880,3,3,0.8935949802398682
fold_05,5,65010,1,1,0.9280112981796265
fold_05,5,65010,2,2,0.9640178680419922
fold_05,5,65010,3,3,0.8596290946006775
fold_05,5,65069,1,1,0.9414829015731812
fold_05,5,65069,2,2,0.927075982093811
fold_05,5,65069,3,3,0.9122000932693481
fold_05,5,65148,1,1,0.9371865391731262
fold_05,5,65148,2,2,0.9277793169021606
fold_05,5,65148,3,3,0.9494122862815857
fold_05,5,65187,1,1,0.9176596403121948
fold_05,5,65187,2,2,0.944878339767456
fold_05,5,65187,3,3,0.8569275736808777
fold_05,5,65253,1,1,0.9004292488098145
fold_05,5,65253,2,2,0.9332333207130432
fold_05,5,65253,3,3,0.9235349893569946
fold_05,5,65267,1,1,0.9360412359237671
fold_05,5,65267,2,2,0.9502509832382202
fold_05,5,65267,3,3,0.9395591020584106
fold_05,5,65376,1,1,0.9343515634536743
fold_05,5,65376,2,2,0.9115956425666809
fold_05,5,65376,3,3,0.945793867111206
fold_05,5,65445,1,1,0.947083055973053
fold_05,5,65445,2,2,0.9451822638511658
fold_05,5,65445,3,3,0.9429507851600647
fold_05,5,65639,1,1,0.9445395469665527
fold_05,5,65639,2,2,0.9536784887313843
fold_05,5,65639,3,3,0.9189385771751404
fold_05,5,65686,1,1,0.8907159566879272
fold_05,5,65686,2,2,0.9426141977310181
fold_05,5,65686,3,3,0.9460591673851013
fold_05,5,65769,1,1,0.9619224071502686
fold_05,5,65769,2,2,0.9585695266723633
fold_05,5,65769,3,3,0.9077927470207214
fold_05,5,65799,1,1,0.9377436637878418
fold_05,5,65799,2,2,0.9341355562210083
fold_05,5,65799,3,3,0.9205080270767212
fold_05,5,65821,1,1,0.9299138784408569
fold_05,5,65821,2,2,0.9150406122207642
fold_05,5,65821,3,3,0.9482957720756531
fold_05,5,65872,1,1,0.9559886455535889
fold_05,5,65872,2,2,0.9198168516159058
fold_05,5,65872,3,3,0.9265396595001221
fold_05,5,65920,1,1,0.9178635478019714
fold_05,5,65920,2,2,0.9285162687301636
fold_05,5,65920,3,3,0.914002537727356
fold_05,5,65943,1,1,0.9495603442192078
fold_05,5,65943,2,2,0.9566285014152527
fold_05,5,65943,3,3,0.9593324065208435
fold_05,5,66004,1,1,0.946235179901123
fold_05,5,66004,2,2,0.9579470157623291
fold_05,5,66004,3,3,0.9288005232810974
fold_05,5,66216,1,1,0.9339620471000671
fold_05,5,66216,2,2,0.9468154907226562
fold_05,5,66216,3,3,0.9416959285736084
fold_05,5,66278,1,1,0.9383377432823181
fold_05,5,66278,2,2,0.9423425793647766
fold_05,5,66278,3,3,0.9476185441017151
fold_05,5,66330,1,1,0.9454518556594849
fold_05,5,66330,2,2,0.9462400674819946
fold_05,5,66330,3,3,0.9538269639015198
fold_05,5,66464,1,1,0.9157431125640869
fold_05,5,66464,2,2,0.9028100967407227
fold_05,5,66464,3,3,0.9431111812591553
fold_05,5,66489,1,1,0.934035062789917
fold_05,5,66489,2,2,0.9435688257217407
fold_05,5,66489,3,3,0.9206119179725647
fold_05,5,66580,1,1,0.9557874202728271
fold_05,5,66580,2,2,0.9459304809570312
fold_05,5,66580,3,3,0.9388594627380371
fold_05,5,66773,1,1,0.9617303609848022
fold_05,5,66773,2,2,0.9471057653427124
fold_05,5,66773,3,3,0.9368886351585388
fold_05,5,66836,1,1,0.9425404667854309
fold_05,5,66836,2,2,0.9396638870239258
fold_05,5,66836,3,3,0.9599714279174805
fold_05,5,66946,1,1,0.9342219829559326
fold_05,5,66946,2,2,0.939359188079834
fold_05,5,66946,3,3,0.9522340893745422
fold_05,5,66976,1,1,0.9513418674468994
fold_05,5,66976,2,2,0.938507080078125
fold_05,5,66976,3,3,0.9343195557594299
fold_05,5,67045,1,1,0.9360747933387756
fold_05,5,67045,2,2,0.9379115700721741
fold_05,5,67045,3,3,0.8961467742919922
fold_05,5,67113,1,1,0.9394608736038208
fold_05,5,67113,2,2,0.9285339117050171
fold_05,5,67113,3,3,0.9256758689880371
fold_05,5,67168,1,1,0.9576619863510132
fold_05,5,67168,2,2,0.9507714509963989
fold_05,5,67168,3,3,0.9247446060180664
fold_05,5,67204,1,1,0.9301062822341919
fold_05,5,67204,2,2,0.949147641658783
fold_05,5,67204,3,3,0.9417401552200317
fold_05,5,67237,1,1,0.9210684299468994
fold_05,5,67237,2,2,0.9366105198860168
fold_05,5,67237,3,3,0.9274258017539978
fold_05,5,67295,1,1,0.92094886302948
fold_05,5,67295,2,2,0.9342116117477417
fold_05,5,67295,3,3,0.9432576894760132
fold_05,5,67742,1,1,0.952730655670166
fold_05,5,67742,2,2,0.9627519845962524
fold_05,5,67742,3,3,0.943610668182373
fold_05,5,67802,1,1,0.9095755219459534
fold_05,5,67802,2,2,0.9260516166687012
fold_05,5,67802,3,3,0.9233705997467041
fold_05,5,67829,1,1,0.942435622215271
fold_05,5,67829,2,2,0.925362765789032
fold_05,5,67829,3,3,0.9222897291183472
fold_05,5,68168,1,1,0.9449722170829773
fold_05,5,68168,2,2,0.9378529191017151
fold_05,5,68168,3,3,0.936401903629303
fold_05,5,68278,1,1,0.9363007545471191
fold_05,5,68278,2,2,0.9293644428253174
fold_05,5,68278,3,3,0.9507342576980591
fold_05,5,68311,1,1,0.9050789475440979
fold_05,5,68311,2,2,0.9498617649078369
fold_05,5,68311,3,3,0.9454389810562134
fold_05,5,68339,1,1,0.9138064384460449
fold_05,5,68339,2,2,0.9096503853797913
fold_05,5,68339,3,3,0.8788778781890869
fold_05,5,68418,1,1,0.9269031286239624
fold_05,5,68418,2,2,0.9161378145217896
fold_05,5,68418,3,3,0.941805362701416
fold_05,5,68471,1,1,0.9371012449264526
fold_05,5,68471,2,2,0.9575497508049011
fold_05,5,68471,3,3,0.9072964787483215
fold_05,5,68741,1,1,0.9210957884788513
fold_05,5,68741,2,2,0.9583145380020142
fold_05,5,68741,3,3,0.9508340954780579
fold_05,5,68814,1,1,0.9398229718208313
fold_05,5,68814,2,2,0.960482120513916
fold_05,5,68814,3,3,0.9301576018333435
fold_05,5,68842,1,1,0.918408215045929
fold_05,5,68842,2,2,0.92793869972229
fold_05,5,68842,3,3,0.9438662528991699
fold_05,5,68858,1,1,0.9491128921508789
fold_05,5,68858,2,2,0.9491108655929565
fold_05,5,68858,3,3,0.9380087852478027
fold_05,5,68897,1,1,0.9278237223625183
fold_05,5,68897,2,2,0.9334833025932312
fold_05,5,68897,3,3,0.944076418876648
fold_05,5,69007,1,1,0.9272502660751343
fold_05,5,69007,2,2,0.9156703948974609
fold_05,5,69007,3,3,0.9539239406585693
fold_05,5,69130,1,1,0.9411348104476929
fold_05,5,69130,2,2,0.9103973507881165
fold_05,5,69130,3,3,0.9364273548126221
fold_05,5,69214,1,1,0.9410449266433716
fold_05,5,69214,2,2,0.919745922088623
fold_05,5,69214,3,3,0.9602643251419067
fold_05,5,69240,1,1,0.937687873840332
fold_05,5,69240,2,2,0.921811580657959
fold_05,5,69240,3,3,0.9349361658096313
fold_05,5,69502,1,1,0.9404979944229126
fold_05,5,69502,2,2,0.9213067293167114
fold_05,5,69502,3,3,0.9543734192848206
fold_05,5,69614,1,1,0.9087807536125183
fold_05,5,69614,2,2,0.9475328922271729
fold_05,5,69614,3,3,0.9318706393241882
fold_05,5,69813,1,1,0.9419652819633484
fold_05,5,69813,2,2,0.9451327919960022
fold_05,5,69813,3,3,0.9400557279586792
fold_05,5,69831,1,1,0.9460924863815308
fold_05,5,69831,2,2,0.9400192499160767
fold_05,5,69831,3,3,0.92139732837677
fold_05,5,69839,1,1,0.9416875839233398
fold_05,5,69839,2,2,0.9505211710929871
fold_05,5,69839,3,3,0.9401516318321228
fold_05,5,69854,1,1,0.9370853900909424
fold_05,5,69854,2,2,0.9475713968276978
fold_05,5,69854,3,3,0.9164554476737976
fold_05,5,69918,1,1,0.9466447830200195
fold_05,5,69918,2,2,0.907616376876831
fold_05,5,69918,3,3,0.9545665383338928
fold_05,5,70075,1,1,0.9388306736946106
fold_05,5,70075,2,2,0.9621059894561768
fold_05,5,70075,3,3,0.8984405398368835
fold_05,5,70095,1,1,0.9560839533805847
fold_05,5,70095,2,2,0.9270715713500977
fold_05,5,70095,3,3,0.9358128905296326
fold_05,5,70193,1,1,0.9272475838661194
fold_05,5,70193,2,2,0.916502833366394
fold_05,5,70193,3,3,0.9284207820892334
fold_05,5,70232,1,1,0.9370231628417969
fold_05,5,70232,2,2,0.9540075063705444
fold_05,5,70232,3,3,0.9338741302490234
fold_05,5,70335,1,1,0.9338359236717224
fold_05,5,70335,2,2,0.9341773390769958
fold_05,5,70335,3,3,0.9198000431060791
fold_05,5,70360,1,1,0.9515594244003296
fold_05,5,70360,2,2,0.943433403968811
fold_05,5,70360,3,3,0.9405360221862793
fold_05,5,70427,1,1,0.9242922067642212
fold_05,5,70427,2,2,0.9502098560333252
fold_05,5,70427,3,3,0.9251705408096313
fold_05,5,70505,1,1,0.9232112169265747
fold_05,5,70505,2,2,0.9254277944564819
fold_05,5,70505,3,3,0.9266507625579834
fold_05,5,71229,1,1,0.9262800812721252
fold_05,5,71229,2,2,0.9207035303115845
fold_05,5,71229,3,3,0.9492723941802979
fold_05,5,71232,1,1,0.945752739906311
fold_05,5,71232,2,2,0.9475086331367493
fold_05,5,71232,3,3,0.9622888565063477
fold_05,5,71241,1,1,0.9513301849365234
fold_05,5,71241,2,2,0.936133086681366
fold_05,5,71241,3,3,0.9009054899215698
fold_05,5,71410,1,1,0.9435840249061584
fold_05,5,71410,2,2,0.9489733576774597
fold_05,5,71410,3,3,0.920538067817688
fold_05,5,71450,1,1,0.9424598217010498
fold_05,5,71450,2,2,0.946679949760437
fold_05,5,71450,3,3,0.9377999901771545
fold_05,5,71753,1,1,0.9160872101783752
fold_05,5,71753,2,2,0.9392746686935425
fold_05,5,71753,3,3,0.941112220287323
fold_05,5,71894,1,1,0.9300923943519592
fold_05,5,71894,2,2,0.9319427013397217
fold_05,5,71894,3,3,0.9377323389053345
fold_05,5,72015,1,1,0.9541274309158325
fold_05,5,72015,2,2,0.9451122283935547
fold_05,5,72015,3,3,0.960795521736145
fold_05,5,72080,1,1,0.9088495969772339
fold_05,5,72080,2,2,0.9202685952186584
fold_05,5,72080,3,3,0.8994332551956177
fold_05,5,72209,1,1,0.9557808041572571
fold_05,5,72209,2,2,0.9518768191337585
fold_05,5,72209,3,3,0.9491364359855652
fold_05,5,72312,1,1,0.9492224454879761
fold_05,5,72312,2,2,0.9389251470565796
fold_05,5,72312,3,3,0.946926474571228
fold_05,5,72510,1,1,0.91722571849823
fold_05,5,72510,2,2,0.9209780693054199
fold_05,5,72510,3,3,0.92203688621521
fold_05,5,72605,1,1,0.9457693696022034
fold_05,5,72605,2,2,0.9107232093811035
fold_05,5,72605,3,3,0.9521180987358093
fold_05,5,72719,1,1,0.896901547908783
fold_05,5,72719,2,2,0.9137341976165771
fold_05,5,72719,3,3,0.9516599774360657
fold_05,5,72948,1,1,0.9601603150367737
fold_05,5,72948,2,2,0.9219969511032104
fold_05,5,72948,3,3,0.9125064015388489
fold_06,6,3049,1,1,0.926691472530365
fold_06,6,3049,2,2,0.949565589427948
fold_06,6,3049,3,3,0.9195041060447693
fold_06,6,3077,1,1,0.9064021110534668
fold_06,6,3077,2,2,0.9338773488998413
fold_06,6,3077,3,3,0.9034762978553772
fold_06,6,3157,1,1,0.9332777261734009
fold_06,6,3157,2,2,0.947673499584198
fold_06,6,3157,3,3,0.9244840741157532
fold_06,6,3164,1,1,0.9159943461418152
fold_06,6,3164,2,2,0.9454392194747925
fold_06,6,3164,3,3,0.9106418490409851
fold_06,6,3171,1,1,0.9388737678527832
fold_06,6,3171,2,2,0.9341874122619629
fold_06,6,3171,3,3,0.9338551163673401
fold_06,6,3386,1,1,0.8897749185562134
fold_06,6,3386,2,2,0.9431326985359192
fold_06,6,3386,3,3,0.9277681708335876
fold_06,6,3434,1,1,0.9411241412162781
fold_06,6,3434,2,2,0.9378265142440796
fold_06,6,3434,3,3,0.9093503952026367
fold_06,6,3449,1,1,0.9116861820220947
fold_06,6,3449,2,2,0.9247904419898987
fold_06,6,3449,3,3,0.9368277788162231
fold_06,6,3489,1,1,0.9000612497329712
fold_06,6,3489,2,2,0.9284804463386536
fold_06,6,3489,3,3,0.9478492736816406
fold_06,6,3626,1,1,0.9334027171134949
fold_06,6,3626,2,2,0.9245272278785706
fold_06,6,3626,3,3,0.947852611541748
fold_06,6,3682,1,1,0.9258444905281067
fold_06,6,3682,2,2,0.8996700048446655
fold_06,6,3682,3,3,0.9525073766708374
fold_06,6,3687,1,1,0.8976845741271973
fold_06,6,3687,2,2,0.9204767942428589
fold_06,6,3687,3,3,0.9315974116325378
fold_06,6,3809,1,1,0.9032171964645386
fold_06,6,3809,2,2,0.9361063838005066
fold_06,6,3809,3,3,0.93974369764328
fold_06,6,3842,1,1,0.9435321688652039
fold_06,6,3842,2,2,0.9425480961799622
fold_06,6,3842,3,3,0.9474555253982544
fold_06,6,3847,1,1,0.9497576951980591
fold_06,6,3847,2,2,0.9225759506225586
fold_06,6,3847,3,3,0.9297226071357727
fold_06,6,3856,1,1,0.9466367363929749
fold_06,6,3856,2,2,0.9443389177322388
fold_06,6,3856,3,3,0.932339608669281
fold_06,6,3913,1,1,0.9306354522705078
fold_06,6,3913,2,2,0.885895311832428
fold_06,6,3913,3,3,0.9380248785018921
fold_06,6,4051,1,1,0.945326030254364
fold_06,6,4051,2,2,0.9311514496803284
fold_06,6,4051,3,3,0.9325915575027466
fold_06,6,4058,1,1,0.9446671605110168
fold_06,6,4058,2,2,0.9274736642837524
fold_06,6,4058,3,3,0.8858819603919983
fold_06,6,4129,1,1,0.9287900924682617
fold_06,6,4129,2,2,0.9170471429824829
fold_06,6,4129,3,3,0.9320449829101562
fold_06,6,4249,1,1,0.9405389428138733
fold_06,6,4249,2,2,0.9367935061454773
fold_06,6,4249,3,3,0.883350133895874
fold_06,6,4423,1,1,0.9079312682151794
fold_06,6,4423,2,2,0.932599663734436
fold_06,6,4423,3,3,0.9129454493522644
fold_06,6,4667,1,1,0.8366284370422363
fold_06,6,4667,2,2,0.9408717155456543
fold_06,6,4667,3,3,0.9416662454605103
fold_06,6,4690,1,1,0.8837160468101501
fold_06,6,4690,2,2,0.9348762035369873
fold_06,6,4690,3,3,0.9286437034606934
fold_06,6,4786,1,1,0.9432653188705444
fold_06,6,4786,2,2,0.9379262328147888
fold_06,6,4786,3,3,0.9187485575675964
fold_06,6,4835,1,1,0.9040639400482178
fold_06,6,4835,2,2,0.8835117816925049
fold_06,6,4835,3,3,0.9199188947677612
fold_06,6,4869,1,1,0.9284221529960632
fold_06,6,4869,2,2,0.9212495684623718
fold_06,6,4869,3,3,0.9390028715133667
fold_06,6,4892,1,1,0.9346551895141602
fold_06,6,4892,2,2,0.9303574562072754
fold_06,6,4892,3,3,0.9035668969154358
fold_06,6,4930,1,1,0.9361109733581543
fold_06,6,4930,2,2,0.9238518476486206
fold_06,6,4930,3,3,0.94032222032547
fold_06,6,5034,1,1,0.9240370392799377
fold_06,6,5034,2,2,0.9446621537208557
fold_06,6,5034,3,3,0.9514439702033997
fold_06,6,5106,1,1,0.9410277605056763
fold_06,6,5106,2,2,0.8945423364639282
fold_06,6,5106,3,3,0.935153603553772
fold_06,6,5204,1,1,0.9334061741828918
fold_06,6,5204,2,2,0.925366222858429
fold_06,6,5204,3,3,0.9335282444953918
fold_06,6,5301,1,1,0.9351251125335693
fold_06,6,5301,2,2,0.8662493228912354
fold_06,6,5301,3,3,0.880235493183136
fold_06,6,5338,1,1,0.9255531430244446
fold_06,6,5338,2,2,0.926649272441864
fold_06,6,5338,3,3,0.8901917934417725
fold_06,6,5542,1,1,0.9372343420982361
fold_06,6,5542,2,2,0.9085174798965454
fold_06,6,5542,3,3,0.9026620388031006
fold_06,6,5583,1,1,0.9234375357627869
fold_06,6,5583,2,2,0.9447968006134033
fold_06,6,5583,3,3,0.8619969487190247
fold_06,6,5602,1,1,0.9306591153144836
fold_06,6,5602,2,2,0.9355735182762146
fold_06,6,5602,3,3,0.9139646887779236
fold_06,6,6199,1,1,0.9266278743743896
fold_06,6,6199,2,2,0.89252108335495
fold_06,6,6199,3,3,0.8795601725578308
fold_06,6,6431,1,1,0.9237625002861023
fold_06,6,6431,2,2,0.932634174823761
fold_06,6,6431,3,3,0.9582121968269348
fold_06,6,6444,1,1,0.9359275698661804
fold_06,6,6444,2,2,0.9300217628479004
fold_06,6,6444,3,3,0.9344905614852905
fold_06,6,6489,1,1,0.8684101700782776
fold_06,6,6489,2,2,0.9450317025184631
fold_06,6,6489,3,3,0.8973010182380676
fold_06,6,6521,1,1,0.9014464616775513
fold_06,6,6521,2,2,0.9369218349456787
fold_06,6,6521,3,3,0.9112715125083923
fold_06,6,6558,1,1,0.9007979035377502
fold_06,6,6558,2,2,0.9240257740020752
fold_06,6,6558,3,3,0.9023677110671997
fold_06,6,6801,1,1,0.9156605005264282
fold_06,6,6801,2,2,0.9394892454147339
fold_06,6,6801,3,3,0.9336179494857788
fold_06,6,7007,1,1,0.9040352702140808
fold_06,6,7007,2,2,0.927070677280426
fold_06,6,7007,3,3,0.9372811913490295
fold_06,6,7039,1,1,0.9279226660728455
fold_06,6,7039,2,2,0.930578887462616
fold_06,6,7039,3,3,0.9310861825942993
fold_06,6,7120,1,1,0.929421603679657
fold_06,6,7120,2,2,0.9360037446022034
fold_06,6,7120,3,3,0.8906377553939819
fold_06,6,7207,1,1,0.9342308640480042
fold_06,6,7207,2,2,0.8870415091514587
fold_06,6,7207,3,3,0.9378113746643066
fold_06,6,7366,1,1,0.8795477747917175
fold_06,6,7366,2,2,0.9093143939971924
fold_06,6,7366,3,3,0.9355543255805969
fold_06,6,7418,1,1,0.9202291369438171
fold_06,6,7418,2,2,0.9328112006187439
fold_06,6,7418,3,3,0.9278226494789124
fold_06,6,7654,1,1,0.9369871616363525
fold_06,6,7654,2,2,0.8363170623779297
fold_06,6,7654,3,3,0.9386088848114014
fold_06,6,7840,1,1,0.9551765322685242
fold_06,6,7840,2,2,0.8976778984069824
fold_06,6,7840,3,3,0.9002332091331482
fold_06,6,7859,1,1,0.9209743738174438
fold_06,6,7859,2,2,0.9206488728523254
fold_06,6,7859,3,3,0.9203985333442688
fold_06,6,7944,1,1,0.9262496829032898
fold_06,6,7944,2,2,0.9438645243644714
fold_06,6,7944,3,3,0.9184252023696899
fold_06,6,7948,1,1,0.9448158144950867
fold_06,6,7948,2,2,0.8938667178153992
fold_06,6,7948,3,3,0.9122273325920105
fold_06,6,7954,1,1,0.8850705027580261
fold_06,6,7954,2,2,0.9242866039276123
fold_06,6,7954,3,3,0.9215288162231445
fold_06,6,8006,1,1,0.9111498594284058
fold_06,6,8006,2,2,0.9507954716682434
fold_06,6,8006,3,3,0.9355095028877258
fold_06,6,8109,1,1,0.9536951184272766
fold_06,6,8109,2,2,0.9089983701705933
fold_06,6,8109,3,3,0.874609649181366
fold_06,6,8225,1,1,0.9444692730903625
fold_06,6,8225,2,2,0.9455084204673767
fold_06,6,8225,3,3,0.9392626881599426
fold_06,6,8387,1,1,0.8860903978347778
fold_06,6,8387,2,2,0.9264780282974243
fold_06,6,8387,3,3,0.9297230243682861
fold_06,6,8394,1,1,0.9358062744140625
fold_06,6,8394,2,2,0.8859847784042358
fold_06,6,8394,3,3,0.9436472058296204
fold_06,6,8509,1,1,0.8975715041160583
fold_06,6,8509,2,2,0.9262349605560303
fold_06,6,8509,3,3,0.9398109912872314
fold_06,6,8646,1,1,0.857240617275238
fold_06,6,8646,2,2,0.944838285446167
fold_06,6,8646,3,3,0.9094798564910889
fold_06,6,8807,1,1,0.9388079643249512
fold_06,6,8807,2,2,0.9486386179924011
fold_06,6,8807,3,3,0.9325461387634277
fold_06,6,8843,1,1,0.922926664352417
fold_06,6,8843,2,2,0.9151126742362976
fold_06,6,8843,3,3,0.9236260056495667
fold_06,6,8933,1,1,0.9471227526664734
fold_06,6,8933,2,2,0.9495710134506226
fold_06,6,8933,3,3,0.9350752830505371
fold_06,6,9027,1,1,0.9072703123092651
fold_06,6,9027,2,2,0.8929235339164734
fold_06,6,9027,3,3,0.9143758416175842
fold_06,6,9048,1,1,0.9289390444755554
fold_06,6,9048,2,2,0.9006444215774536
fold_06,6,9048,3,3,0.8954783082008362
fold_06,6,9147,1,1,0.9533564448356628
fold_06,6,9147,2,2,0.9466069340705872
fold_06,6,9147,3,3,0.8480218648910522
fold_06,6,9434,1,1,0.9454669952392578
fold_06,6,9434,2,2,0.9304081201553345
fold_06,6,9434,3,3,0.9335262775421143
fold_06,6,9917,1,1,0.9503772258758545
fold_06,6,9917,2,2,0.9473682045936584
fold_06,6,9917,3,3,0.9084859490394592
fold_06,6,10006,1,1,0.9504217505455017
fold_06,6,10006,2,2,0.9524380564689636
fold_06,6,10006,3,3,0.9434762001037598
fold_06,6,10046,1,1,0.9391583204269409
fold_06,6,10046,2,2,0.8976169228553772
fold_06,6,10046,3,3,0.8899533748626709
fold_06,6,10064,1,1,0.9492184519767761
fold_06,6,10064,2,2,0.899898111820221
fold_06,6,10064,3,3,0.9237197637557983
fold_06,6,10105,1,1,0.9239707589149475
fold_06,6,10105,2,2,0.9149222373962402
fold_06,6,10105,3,3,0.9472367763519287
fold_06,6,10107,1,1,0.9256343245506287
fold_06,6,10107,2,2,0.9245856404304504
fold_06,6,10107,3,3,0.9089415669441223
fold_06,6,10244,1,1,0.942851722240448
fold_06,6,10244,2,2,0.9214332103729248
fold_06,6,10244,3,3,0.9188443422317505
fold_06,6,10471,1,1,0.933646559715271
fold_06,6,10471,2,2,0.9389665126800537
fold_06,6,10471,3,3,0.9496188759803772
fold_06,6,10507,1,1,0.9314593076705933
fold_06,6,10507,2,2,0.9312978386878967
fold_06,6,10507,3,3,0.9478304386138916
fold_06,6,11159,1,1,0.9328923225402832
fold_06,6,11159,2,2,0.8618467450141907
fold_06,6,11159,3,3,0.8964336514472961
fold_06,6,11333,1,1,0.9278743863105774
fold_06,6,11333,2,2,0.9468326568603516
fold_06,6,11333,3,3,0.929614245891571
fold_06,6,11521,1,1,0.9363273978233337
fold_06,6,11521,2,2,0.911742627620697
fold_06,6,11521,3,3,0.9299232363700867
fold_06,6,11617,1,1,0.9359351992607117
fold_06,6,11617,2,2,0.9459044933319092
fold_06,6,11617,3,3,0.9454634189605713
fold_06,6,11635,1,1,0.916238009929657
fold_06,6,11635,2,2,0.941328227519989
fold_06,6,11635,3,3,0.927768886089325
fold_06,6,11689,1,1,0.9337116479873657
fold_06,6,11689,2,2,0.9259029030799866
fold_06,6,11689,3,3,0.9001100659370422
fold_06,6,11725,1,1,0.9418988227844238
fold_06,6,11725,2,2,0.9309568405151367
fold_06,6,11725,3,3,0.8384871482849121
fold_06,6,11796,1,1,0.8984540700912476
fold_06,6,11796,2,2,0.9153880476951599
fold_06,6,11796,3,3,0.9012355208396912
fold_06,6,11837,1,1,0.9138563275337219
fold_06,6,11837,2,2,0.9427853226661682
fold_06,6,11837,3,3,0.9420170783996582
fold_06,6,11844,1,1,0.9274498820304871
fold_06,6,11844,2,2,0.8580282330513
fold_06,6,11844,3,3,0.918984591960907
fold_06,6,11932,1,1,0.8669332265853882
fold_06,6,11932,2,2,0.9498187899589539
fold_06,6,11932,3,3,0.9338445663452148
fold_06,6,11942,1,1,0.9425064325332642
fold_06,6,11942,2,2,0.9289070963859558
fold_06,6,11942,3,3,0.9373509287834167
fold_06,6,11952,1,1,0.8633286952972412
fold_06,6,11952,2,2,0.9201021194458008
fold_06,6,11952,3,3,0.9351133704185486
fold_06,6,12308,1,1,0.8913732171058655
fold_06,6,12308,2,2,0.9322301745414734
fold_06,6,12308,3,3,0.9120107293128967
fold_06,6,12685,1,1,0.922683835029602
fold_06,6,12685,2,2,0.942663848400116
fold_06,6,12685,3,3,0.9015658497810364
fold_06,6,12796,1,1,0.9247626662254333
fold_06,6,12796,2,2,0.9419283270835876
fold_06,6,12796,3,3,0.9307816624641418
fold_06,6,12922,1,1,0.9378920793533325
fold_06,6,12922,2,2,0.8075634241104126
fold_06,6,12922,3,3,0.8947805166244507
fold_06,6,13138,1,1,0.9407503008842468
fold_06,6,13138,2,2,0.9472638368606567
fold_06,6,13138,3,3,0.9521763920783997
fold_06,6,13230,1,1,0.904488742351532
fold_06,6,13230,2,2,0.9084972143173218
fold_06,6,13230,3,3,0.9152745008468628
fold_06,6,13312,1,1,0.9323253631591797
fold_06,6,13312,2,2,0.9276353120803833
fold_06,6,13312,3,3,0.9457659721374512
fold_06,6,13314,1,1,0.9262557625770569
fold_06,6,13314,2,2,0.939357578754425
fold_06,6,13314,3,3,0.9456862807273865
fold_06,6,13613,1,1,0.9314674735069275
fold_06,6,13613,2,2,0.9552479386329651
fold_06,6,13613,3,3,0.9275946617126465
fold_06,6,13720,1,1,0.9269528388977051
fold_06,6,13720,2,2,0.9355042576789856
fold_06,6,13720,3,3,0.9243534803390503
fold_06,6,14179,1,1,0.9350863695144653
fold_06,6,14179,2,2,0.947559654712677
fold_06,6,14179,3,3,0.9315383434295654
fold_06,6,14528,1,1,0.952762246131897
fold_06,6,14528,2,2,0.944428026676178
fold_06,6,14528,3,3,0.9335054159164429
fold_06,6,14594,1,1,0.9350531697273254
fold_06,6,14594,2,2,0.9187071323394775
fold_06,6,14594,3,3,0.9096434712409973
fold_06,6,14610,1,1,0.9369305372238159
fold_06,6,14610,2,2,0.9410128593444824
fold_06,6,14610,3,3,0.9351741075515747
fold_06,6,14793,1,1,0.883958101272583
fold_06,6,14793,2,2,0.9028388261795044
fold_06,6,14793,3,3,0.9444485306739807
fold_06,6,14820,1,1,0.8940402865409851
fold_06,6,14820,2,2,0.9346835017204285
fold_06,6,14820,3,3,0.9275186061859131
fold_06,6,14898,1,1,0.9001086950302124
fold_06,6,14898,2,2,0.9345924258232117
fold_06,6,14898,3,3,0.9453829526901245
fold_06,6,15003,1,1,0.9437023401260376
fold_06,6,15003,2,2,0.9311088919639587
fold_06,6,15003,3,3,0.8970556259155273
fold_06,6,15364,1,1,0.9463802576065063
fold_06,6,15364,2,2,0.9426490664482117
fold_06,6,15364,3,3,0.9464528560638428
fold_06,6,15506,1,1,0.8965615630149841
fold_06,6,15506,2,2,0.9521930813789368
fold_06,6,15506,3,3,0.9478767514228821
fold_06,6,15819,1,1,0.8921569585800171
fold_06,6,15819,2,2,0.7611839771270752
fold_06,6,15819,3,3,0.9179183840751648
fold_06,6,15939,1,1,0.9143195152282715
fold_06,6,15939,2,2,0.9089148640632629
fold_06,6,15939,3,3,0.9158720374107361
fold_06,6,16063,1,1,0.9410873651504517
fold_06,6,16063,2,2,0.8342328667640686
fold_06,6,16063,3,3,0.8603883981704712
fold_06,6,16252,1,1,0.914887547492981
fold_06,6,16252,2,2,0.936081051826477
fold_06,6,16252,3,3,0.9327328205108643
fold_06,6,16344,1,1,0.9227733612060547
fold_06,6,16344,2,2,0.9183026552200317
fold_06,6,16344,3,3,0.9484099745750427
fold_06,6,16616,1,1,0.8737792372703552
fold_06,6,16616,2,2,0.904815137386322
fold_06,6,16616,3,3,0.891639232635498
fold_06,6,16702,1,1,0.9451127648353577
fold_06,6,16702,2,2,0.9097743034362793
fold_06,6,16702,3,3,0.911206066608429
fold_06,6,16723,1,1,0.8906670808792114
fold_06,6,16723,2,2,0.9152134656906128
fold_06,6,16723,3,3,0.9076771140098572
fold_06,6,16823,1,1,0.9402581453323364
fold_06,6,16823,2,2,0.939832329750061
fold_06,6,16823,3,3,0.9519614577293396
fold_06,6,16917,1,1,0.9064526557922363
fold_06,6,16917,2,2,0.9366565942764282
fold_06,6,16917,3,3,0.9203633069992065
fold_06,6,17048,1,1,0.9216073751449585
fold_06,6,17048,2,2,0.943609893321991
fold_06,6,17048,3,3,0.9449912905693054
fold_06,6,17374,1,1,0.9371622800827026
fold_06,6,17374,2,2,0.9223693013191223
fold_06,6,17374,3,3,0.9380059242248535
fold_06,6,17450,1,1,0.9281252026557922
fold_06,6,17450,2,2,0.8877516388893127
fold_06,6,17450,3,3,0.9494680762290955
fold_06,6,17463,1,1,0.9103459715843201
fold_06,6,17463,2,2,0.9469951391220093
fold_06,6,17463,3,3,0.9219123125076294
fold_06,6,17485,1,1,0.9397251605987549
fold_06,6,17485,2,2,0.9410181045532227
fold_06,6,17485,3,3,0.9085766673088074
fold_06,6,17549,1,1,0.9256551861763
fold_06,6,17549,2,2,0.8906244039535522
fold_06,6,17549,3,3,0.9242591857910156
fold_06,6,17595,1,1,0.9315305352210999
fold_06,6,17595,2,2,0.8940658569335938
fold_06,6,17595,3,3,0.9285925626754761
fold_06,6,17776,1,1,0.8690589070320129
fold_06,6,17776,2,2,0.9372559189796448
fold_06,6,17776,3,3,0.8916648030281067
fold_06,6,17934,1,1,0.9254450798034668
fold_06,6,17934,2,2,0.9497928023338318
fold_06,6,17934,3,3,0.8916550278663635
fold_06,6,18434,1,1,0.8524009585380554
fold_06,6,18434,2,2,0.9296136498451233
fold_06,6,18434,3,3,0.9129876494407654
fold_06,6,18543,1,1,0.9320384860038757
fold_06,6,18543,2,2,0.9159022569656372
fold_06,6,18543,3,3,0.9415339827537537
fold_06,6,18690,1,1,0.9156264662742615
fold_06,6,18690,2,2,0.9100220799446106
fold_06,6,18690,3,3,0.9214639663696289
fold_06,6,18796,1,1,0.909830629825592
fold_06,6,18796,2,2,0.9376145601272583
fold_06,6,18796,3,3,0.9265072345733643
fold_06,6,19074,1,1,0.8797467350959778
fold_06,6,19074,2,2,0.9535319209098816
fold_06,6,19074,3,3,0.925916314125061
fold_06,6,19181,1,1,0.9459839463233948
fold_06,6,19181,2,2,0.9390930533409119
fold_06,6,19181,3,3,0.9377743601799011
fold_06,6,19199,1,1,0.9500929117202759
fold_06,6,19199,2,2,0.9380978345870972
fold_06,6,19199,3,3,0.9286692142486572
fold_06,6,19436,1,1,0.9512606859207153
fold_06,6,19436,2,2,0.945279598236084
fold_06,6,19436,3,3,0.9453489184379578
fold_06,6,19933,1,1,0.9384320378303528
fold_06,6,19933,2,2,0.9506831169128418
fold_06,6,19933,3,3,0.9027928709983826
fold_06,6,20054,1,1,0.8740198016166687
fold_06,6,20054,2,2,0.9023386836051941
fold_06,6,20054,3,3,0.9052460789680481
fold_06,6,20080,1,1,0.9317810535430908
fold_06,6,20080,2,2,0.9321687817573547
fold_06,6,20080,3,3,0.9174550175666809
fold_06,6,20206,1,1,0.9143179059028625
fold_06,6,20206,2,2,0.8532372713088989
fold_06,6,20206,3,3,0.9296716451644897
fold_06,6,20265,1,1,0.9398115873336792
fold_06,6,20265,2,2,0.9355576038360596
fold_06,6,20265,3,3,0.8689019083976746
fold_06,6,20442,1,1,0.920249342918396
fold_06,6,20442,2,2,0.940186619758606
fold_06,6,20442,3,3,0.8974942564964294
fold_06,6,20633,1,1,0.8992845416069031
fold_06,6,20633,2,2,0.9451907873153687
fold_06,6,20633,3,3,0.9442519545555115
fold_06,6,20650,1,1,0.9348234534263611
fold_06,6,20650,2,2,0.9298164248466492
fold_06,6,20650,3,3,0.9371580481529236
fold_06,6,20738,1,1,0.944256067276001
fold_06,6,20738,2,2,0.9423120617866516
fold_06,6,20738,3,3,0.93451327085495
fold_06,6,20820,1,1,0.9365828037261963
fold_06,6,20820,2,2,0.9415751099586487
fold_06,6,20820,3,3,0.9321695566177368
fold_06,6,21108,1,1,0.9195810556411743
fold_06,6,21108,2,2,0.9167152047157288
fold_06,6,21108,3,3,0.9177751541137695
fold_06,6,21192,1,1,0.9436792731285095
fold_06,6,21192,2,2,0.9235540628433228
fold_06,6,21192,3,3,0.9178268313407898
fold_06,6,21194,1,1,0.9161815047264099
fold_06,6,21194,2,2,0.9034432172775269
fold_06,6,21194,3,3,0.924916684627533
fold_06,6,21218,1,1,0.924224853515625
fold_06,6,21218,2,2,0.9535333514213562
fold_06,6,21218,3,3,0.8515641689300537
fold_06,6,21253,1,1,0.9368701577186584
fold_06,6,21253,2,2,0.9394373297691345
fold_06,6,21253,3,3,0.9212382435798645
fold_06,6,21279,1,1,0.9353273510932922
fold_06,6,21279,2,2,0.9295737743377686
fold_06,6,21279,3,3,0.947908878326416
fold_06,6,21601,1,1,0.9484091401100159
fold_06,6,21601,2,2,0.9426752924919128
fold_06,6,21601,3,3,0.9379439353942871
fold_06,6,21950,1,1,0.8862300515174866
fold_06,6,21950,2,2,0.9516285061836243
fold_06,6,21950,3,3,0.9367246031761169
fold_06,6,22138,1,1,0.9386425614356995
fold_06,6,22138,2,2,0.9243009686470032
fold_06,6,22138,3,3,0.9290353655815125
fold_06,6,22263,1,1,0.9189242720603943
fold_06,6,22263,2,2,0.9265269041061401
fold_06,6,22263,3,3,0.9476273655891418
fold_06,6,22387,1,1,0.9324798583984375
fold_06,6,22387,2,2,0.9347859025001526
fold_06,6,22387,3,3,0.9296985268592834
fold_06,6,22495,1,1,0.8457463383674622
fold_06,6,22495,2,2,0.9061274528503418
fold_06,6,22495,3,3,0.9187801480293274
fold_06,6,22515,1,1,0.9409018158912659
fold_06,6,22515,2,2,0.9218186736106873
fold_06,6,22515,3,3,0.9363657236099243
fold_06,6,22523,1,1,0.9312878251075745
fold_06,6,22523,2,2,0.9295367002487183
fold_06,6,22523,3,3,0.910250186920166
fold_06,6,22530,1,1,0.9308504462242126
fold_06,6,22530,2,2,0.9394625425338745
fold_06,6,22530,3,3,0.9337083697319031
fold_06,6,22587,1,1,0.8719695210456848
fold_06,6,22587,2,2,0.9339274168014526
fold_06,6,22587,3,3,0.9481409788131714
fold_06,6,22772,1,1,0.8842249512672424
fold_06,6,22772,2,2,0.9322227835655212
fold_06,6,22772,3,3,0.9358192086219788
fold_06,6,22794,1,1,0.9340234994888306
fold_06,6,22794,2,2,0.8935406804084778
fold_06,6,22794,3,3,0.9307457208633423
fold_06,6,22879,1,1,0.9229238033294678
fold_06,6,22879,2,2,0.9364030957221985
fold_06,6,22879,3,3,0.9003167152404785
fold_06,6,22886,1,1,0.8880459666252136
fold_06,6,22886,2,2,0.9018424153327942
fold_06,6,22886,3,3,0.940355122089386
fold_06,6,22957,1,1,0.9462117552757263
fold_06,6,22957,2,2,0.9022735953330994
fold_06,6,22957,3,3,0.9295532703399658
fold_06,6,22967,1,1,0.926376461982727
fold_06,6,22967,2,2,0.9160158634185791
fold_06,6,22967,3,3,0.9438109397888184
fold_06,6,22993,1,1,0.9447730183601379
fold_06,6,22993,2,2,0.952111542224884
fold_06,6,22993,3,3,0.9408208727836609
fold_06,6,23036,1,1,0.9482312798500061
fold_06,6,23036,2,2,0.9036240577697754
fold_06,6,23036,3,3,0.9260867834091187
fold_06,6,23241,1,1,0.9653095006942749
fold_06,6,23241,2,2,0.9202414155006409
fold_06,6,23241,3,3,0.9471747279167175
fold_06,6,23715,1,1,0.9052819013595581
fold_06,6,23715,2,2,0.9380566477775574
fold_06,6,23715,3,3,0.9366026520729065
fold_06,6,23729,1,1,0.9190025925636292
fold_06,6,23729,2,2,0.9388551712036133
fold_06,6,23729,3,3,0.9287098050117493
fold_06,6,23993,1,1,0.9403403997421265
fold_06,6,23993,2,2,0.9033758640289307
fold_06,6,23993,3,3,0.9461111426353455
fold_06,6,24202,1,1,0.9252310991287231
fold_06,6,24202,2,2,0.9365816116333008
fold_06,6,24202,3,3,0.9360936284065247
fold_06,6,24214,1,1,0.937883734703064
fold_06,6,24214,2,2,0.9333062171936035
fold_06,6,24214,3,3,0.899345874786377
fold_06,6,24517,1,1,0.9533103704452515
fold_06,6,24517,2,2,0.9112432599067688
fold_06,6,24517,3,3,0.9183891415596008
fold_06,6,24530,1,1,0.9167863726615906
fold_06,6,24530,2,2,0.9101094007492065
fold_06,6,24530,3,3,0.9238415360450745
fold_06,6,24560,1,1,0.932542085647583
fold_06,6,24560,2,2,0.9217336773872375
fold_06,6,24560,3,3,0.9277488589286804
fold_06,6,24640,1,1,0.9335137009620667
fold_06,6,24640,2,2,0.9144516587257385
fold_06,6,24640,3,3,0.9193556308746338
fold_06,6,24846,1,1,0.923162043094635
fold_06,6,24846,2,2,0.938035786151886
fold_06,6,24846,3,3,0.9365071058273315
fold_06,6,25091,1,1,0.9105783700942993
fold_06,6,25091,2,2,0.930817723274231
fold_06,6,25091,3,3,0.9352735877037048
fold_06,6,25111,1,1,0.9003626704216003
fold_06,6,25111,2,2,0.9538607597351074
fold_06,6,25111,3,3,0.9441722631454468
fold_06,6,25250,1,1,0.8997020125389099
fold_06,6,25250,2,2,0.8852249979972839
fold_06,6,25250,3,3,0.8795690536499023
fold_06,6,25268,1,1,0.9373090863227844
fold_06,6,25268,2,2,0.8752759695053101
fold_06,6,25268,3,3,0.9053906798362732
fold_06,6,25284,1,1,0.8331096768379211
fold_06,6,25284,2,2,0.9230968952178955
fold_06,6,25284,3,3,0.9450897574424744
fold_06,6,25318,1,1,0.9105854034423828
fold_06,6,25318,2,2,0.9384864568710327
fold_06,6,25318,3,3,0.9234487414360046
fold_06,6,25319,1,1,0.9235249757766724
fold_06,6,25319,2,2,0.9114879965782166
fold_06,6,25319,3,3,0.9103832244873047
fold_06,6,25371,1,1,0.941310703754425
fold_06,6,25371,2,2,0.9474325776100159
fold_06,6,25371,3,3,0.919162392616272
fold_06,6,25578,1,1,0.9233595728874207
fold_06,6,25578,2,2,0.9285451173782349
fold_06,6,25578,3,3,0.9429054856300354
fold_06,6,25581,1,1,0.9183812737464905
fold_06,6,25581,2,2,0.9304205775260925
fold_06,6,25581,3,3,0.9478548169136047
fold_06,6,25588,1,1,0.9444299936294556
fold_06,6,25588,2,2,0.9278422594070435
fold_06,6,25588,3,3,0.9443346261978149
fold_06,6,25702,1,1,0.9228402376174927
fold_06,6,25702,2,2,0.9485828876495361
fold_06,6,25702,3,3,0.9447463154792786
fold_06,6,25741,1,1,0.8922358751296997
fold_06,6,25741,2,2,0.9345479607582092
fold_06,6,25741,3,3,0.9462998509407043
fold_06,6,25746,1,1,0.8894380331039429
fold_06,6,25746,2,2,0.9329609870910645
fold_06,6,25746,3,3,0.9010843634605408
fold_06,6,26127,1,1,0.8721156120300293
fold_06,6,26127,2,2,0.9345749020576477
fold_06,6,26127,3,3,0.9475566148757935
fold_06,6,26163,1,1,0.9213943481445312
fold_06,6,26163,2,2,0.9238932132720947
fold_06,6,26163,3,3,0.8948253989219666
fold_06,6,26351,1,1,0.9423040151596069
fold_06,6,26351,2,2,0.9215615391731262
fold_06,6,26351,3,3,0.9385279417037964
fold_06,6,26435,1,1,0.9419272541999817
fold_06,6,26435,2,2,0.9309272766113281
fold_06,6,26435,3,3,0.9416291117668152
fold_06,6,26458,1,1,0.9175865650177002
fold_06,6,26458,2,2,0.8938969373703003
fold_06,6,26458,3,3,0.9308702945709229
fold_06,6,26720,1,1,0.9361612200737
fold_06,6,26720,2,2,0.9408990740776062
fold_06,6,26720,3,3,0.924937903881073
fold_06,6,26895,1,1,0.9269374012947083
fold_06,6,26895,2,2,0.9076656103134155
fold_06,6,26895,3,3,0.9506756663322449
fold_06,6,26909,1,1,0.9547293782234192
fold_06,6,26909,2,2,0.9395778179168701
fold_06,6,26909,3,3,0.9402602314949036
fold_06,6,26990,1,1,0.9302752017974854
fold_06,6,26990,2,2,0.9304286241531372
fold_06,6,26990,3,3,0.9394674301147461
fold_06,6,27242,1,1,0.9182084798812866
fold_06,6,27242,2,2,0.8936920166015625
fold_06,6,27242,3,3,0.9057413935661316
fold_06,6,27275,1,1,0.8768559098243713
fold_06,6,27275,2,2,0.9355500340461731
fold_06,6,27275,3,3,0.9206030964851379
fold_06,6,27326,1,1,0.9089787006378174
fold_06,6,27326,2,2,0.8316236138343811
fold_06,6,27326,3,3,0.9344296455383301
fold_06,6,27435,1,1,0.9398618340492249
fold_06,6,27435,2,2,0.9052237868309021
fold_06,6,27435,3,3,0.9348965287208557
fold_06,6,27568,1,1,0.9367126822471619
fold_06,6,27568,2,2,0.911302924156189
fold_06,6,27568,3,3,0.9033782482147217
fold_06,6,27878,1,1,0.887230396270752
fold_06,6,27878,2,2,0.9260907173156738
fold_06,6,27878,3,3,0.9500119090080261
fold_06,6,28068,1,1,0.9447101354598999
fold_06,6,28068,2,2,0.9520360827445984
fold_06,6,28068,3,3,0.9195929765701294
fold_06,6,28096,1,1,0.922946572303772
fold_06,6,28096,2,2,0.9223470687866211
fold_06,6,28096,3,3,0.9564377069473267
fold_06,6,28159,1,1,0.9093612432479858
fold_06,6,28159,2,2,0.9493169784545898
fold_06,6,28159,3,3,0.9309571981430054
fold_06,6,28189,1,1,0.9263500571250916
fold_06,6,28189,2,2,0.9367045760154724
fold_06,6,28189,3,3,0.8935760259628296
fold_06,6,28286,1,1,0.8880683183670044
fold_06,6,28286,2,2,0.9095503091812134
fold_06,6,28286,3,3,0.936112105846405
fold_06,6,28303,1,1,0.9321966171264648
fold_06,6,28303,2,2,0.9183340668678284
fold_06,6,28303,3,3,0.894298255443573
fold_06,6,28319,1,1,0.9338619709014893
fold_06,6,28319,2,2,0.9080631136894226
fold_06,6,28319,3,3,0.923744261264801
fold_06,6,28349,1,1,0.9151515364646912
fold_06,6,28349,2,2,0.9405463337898254
fold_06,6,28349,3,3,0.9086415767669678
fold_06,6,28418,1,1,0.9542397856712341
fold_06,6,28418,2,2,0.9352707266807556
fold_06,6,28418,3,3,0.907806932926178
fold_06,6,28524,1,1,0.9168797731399536
fold_06,6,28524,2,2,0.9296117424964905
fold_06,6,28524,3,3,0.9436255097389221
fold_06,6,28595,1,1,0.9358441829681396
fold_06,6,28595,2,2,0.9381203055381775
fold_06,6,28595,3,3,0.9206351637840271
fold_06,6,28745,1,1,0.9362389445304871
fold_06,6,28745,2,2,0.9270720481872559
fold_06,6,28745,3,3,0.945793867111206
fold_06,6,28751,1,1,0.8403756618499756
fold_06,6,28751,2,2,0.8283720016479492
fold_06,6,28751,3,3,0.8983320593833923
fold_06,6,28755,1,1,0.9527729153633118
fold_06,6,28755,2,2,0.8641722798347473
fold_06,6,28755,3,3,0.9161288142204285
fold_06,6,28788,1,1,0.8693227767944336
fold_06,6,28788,2,2,0.9144697189331055
fold_06,6,28788,3,3,0.9159749746322632
fold_06,6,29381,1,1,0.9493204355239868
fold_06,6,29381,2,2,0.9009963274002075
fold_06,6,29381,3,3,0.9403214454650879
fold_06,6,29711,1,1,0.9180692434310913
fold_06,6,29711,2,2,0.9421823620796204
fold_06,6,29711,3,3,0.9135493040084839
fold_06,6,29837,1,1,0.9482524991035461
fold_06,6,29837,2,2,0.9286379218101501
fold_06,6,29837,3,3,0.9448133707046509
fold_06,6,29886,1,1,0.9327962398529053
fold_06,6,29886,2,2,0.9403046369552612
fold_06,6,29886,3,3,0.9203900694847107
fold_06,6,30081,1,1,0.9424351453781128
fold_06,6,30081,2,2,0.9272607564926147
fold_06,6,30081,3,3,0.9414801597595215
fold_06,6,30395,1,1,0.9145218729972839
fold_06,6,30395,2,2,0.9295040965080261
fold_06,6,30395,3,3,0.8889950513839722
fold_06,6,30407,1,1,0.9518926739692688
fold_06,6,30407,2,2,0.9081116914749146
fold_06,6,30407,3,3,0.8771641254425049
fold_06,6,30430,1,1,0.9341251850128174
fold_06,6,30430,2,2,0.943327784538269
fold_06,6,30430,3,3,0.9386848211288452
fold_06,6,30563,1,1,0.9459971189498901
fold_06,6,30563,2,2,0.9449318051338196
fold_06,6,30563,3,3,0.9352753162384033
fold_06,6,30632,1,1,0.9352394342422485
fold_06,6,30632,2,2,0.8891168832778931
fold_06,6,30632,3,3,0.9332619905471802
fold_06,6,30672,1,1,0.8512199521064758
fold_06,6,30672,2,2,0.9267904162406921
fold_06,6,30672,3,3,0.9053362011909485
fold_06,6,30856,1,1,0.8521875739097595
fold_06,6,30856,2,2,0.9309034943580627
fold_06,6,30856,3,3,0.9575321674346924
fold_06,6,30954,1,1,0.8870101571083069
fold_06,6,30954,2,2,0.956064760684967
fold_06,6,30954,3,3,0.9294677376747131
fold_06,6,31028,1,1,0.9499785900115967
fold_06,6,31028,2,2,0.9348685145378113
fold_06,6,31028,3,3,0.9345457553863525
fold_06,6,31233,1,1,0.8966304063796997
fold_06,6,31233,2,2,0.9366349577903748
fold_06,6,31233,3,3,0.9338291883468628
fold_06,6,31659,1,1,0.9479659199714661
fold_06,6,31659,2,2,0.952243983745575
fold_06,6,31659,3,3,0.9219352602958679
fold_06,6,31747,1,1,0.9387899041175842
fold_06,6,31747,2,2,0.9030925631523132
fold_06,6,31747,3,3,0.918397843837738
fold_06,6,31801,1,1,0.9016715288162231
fold_06,6,31801,2,2,0.9450142979621887
fold_06,6,31801,3,3,0.9534584879875183
fold_06,6,31837,1,1,0.9128177762031555
fold_06,6,31837,2,2,0.9052959680557251
fold_06,6,31837,3,3,0.9058946371078491
fold_06,6,31936,1,1,0.9014041423797607
fold_06,6,31936,2,2,0.938022792339325
fold_06,6,31936,3,3,0.9537926912307739
fold_06,6,31964,1,1,0.905942976474762
fold_06,6,31964,2,2,0.9163275361061096
fold_06,6,31964,3,3,0.9228342175483704
fold_06,6,32053,1,1,0.9448370337486267
fold_06,6,32053,2,2,0.9491915106773376
fold_06,6,32053,3,3,0.9271353483200073
fold_06,6,32232,1,1,0.9375719428062439
fold_06,6,32232,2,2,0.9162420630455017
fold_06,6,32232,3,3,0.927402913570404
fold_06,6,32307,1,1,0.9456170797348022
fold_06,6,32307,2,2,0.9416602253913879
fold_06,6,32307,3,3,0.9456596374511719
fold_06,6,32625,1,1,0.9425655007362366
fold_06,6,32625,2,2,0.942154586315155
fold_06,6,32625,3,3,0.8891887664794922
fold_06,6,32772,1,1,0.9413632154464722
fold_06,6,32772,2,2,0.9485554695129395
fold_06,6,32772,3,3,0.9203464388847351
fold_06,6,32891,1,1,0.9320096969604492
fold_06,6,32891,2,2,0.9374770522117615
fold_06,6,32891,3,3,0.911675214767456
fold_06,6,32910,1,1,0.9141430258750916
fold_06,6,32910,2,2,0.8792664408683777
fold_06,6,32910,3,3,0.9048279523849487
fold_06,6,33171,1,1,0.8473547697067261
fold_06,6,33171,2,2,0.8826377987861633
fold_06,6,33171,3,3,0.8534963130950928
fold_06,6,33245,1,1,0.8862648606300354
fold_06,6,33245,2,2,0.8992868065834045
fold_06,6,33245,3,3,0.9444816708564758
fold_06,6,33521,1,1,0.9111509323120117
fold_06,6,33521,2,2,0.9311714768409729
fold_06,6,33521,3,3,0.9347953796386719
fold_06,6,33543,1,1,0.9353846311569214
fold_06,6,33543,2,2,0.9357553124427795
fold_06,6,33543,3,3,0.8956024050712585
fold_06,6,34068,1,1,0.870174765586853
fold_06,6,34068,2,2,0.9349597692489624
fold_06,6,34068,3,3,0.9371906518936157
fold_06,6,34126,1,1,0.9276407361030579
fold_06,6,34126,2,2,0.8945956230163574
fold_06,6,34126,3,3,0.9459248185157776
fold_06,6,34238,1,1,0.9433355331420898
fold_06,6,34238,2,2,0.9231980443000793
fold_06,6,34238,3,3,0.9175832867622375
fold_06,6,34829,1,1,0.9253248572349548
fold_06,6,34829,2,2,0.9373019337654114
fold_06,6,34829,3,3,0.9467479586601257
fold_06,6,34850,1,1,0.9125182032585144
fold_06,6,34850,2,2,0.9528670907020569
fold_06,6,34850,3,3,0.9395155906677246
fold_06,6,35743,1,1,0.9367983937263489
fold_06,6,35743,2,2,0.9215696454048157
fold_06,6,35743,3,3,0.9442085027694702
fold_06,6,35752,1,1,0.9015360474586487
fold_06,6,35752,2,2,0.8857525587081909
fold_06,6,35752,3,3,0.8919981718063354
fold_06,6,35790,1,1,0.8873242735862732
fold_06,6,35790,2,2,0.9304093718528748
fold_06,6,35790,3,3,0.9177318215370178
fold_06,6,35798,1,1,0.9092503786087036
fold_06,6,35798,2,2,0.9354645013809204
fold_06,6,35798,3,3,0.913468062877655
fold_06,6,35986,1,1,0.9534975290298462
fold_06,6,35986,2,2,0.9033296704292297
fold_06,6,35986,3,3,0.9484955072402954
fold_06,6,36067,1,1,0.9380813837051392
fold_06,6,36067,2,2,0.9333534240722656
fold_06,6,36067,3,3,0.9383435845375061
fold_06,6,36258,1,1,0.9087453484535217
fold_06,6,36258,2,2,0.9336137175559998
fold_06,6,36258,3,3,0.9126265645027161
fold_06,6,36476,1,1,0.9505001306533813
fold_06,6,36476,2,2,0.9366250038146973
fold_06,6,36476,3,3,0.9535618424415588
fold_06,6,36576,1,1,0.9463287591934204
fold_06,6,36576,2,2,0.9306789040565491
fold_06,6,36576,3,3,0.9072614312171936
fold_06,6,36623,1,1,0.9305405020713806
fold_06,6,36623,2,2,0.9360437989234924
fold_06,6,36623,3,3,0.9132950901985168
fold_06,6,36682,1,1,0.9337048530578613
fold_06,6,36682,2,2,0.9439361691474915
fold_06,6,36682,3,3,0.8961583971977234
fold_06,6,36731,1,1,0.937711238861084
fold_06,6,36731,2,2,0.9450374245643616
fold_06,6,36731,3,3,0.9343978762626648
fold_06,6,36910,1,1,0.9388095736503601
fold_06,6,36910,2,2,0.9376557469367981
fold_06,6,36910,3,3,0.9308284521102905
fold_06,6,36945,1,1,0.9318094849586487
fold_06,6,36945,2,2,0.9237477779388428
fold_06,6,36945,3,3,0.949790358543396
fold_06,6,36974,1,1,0.9412056803703308
fold_06,6,36974,2,2,0.9438410997390747
fold_06,6,36974,3,3,0.9310281276702881
fold_06,6,36978,1,1,0.9446903467178345
fold_06,6,36978,2,2,0.9080038666725159
fold_06,6,36978,3,3,0.9344590902328491
fold_06,6,37059,1,1,0.9075539112091064
fold_06,6,37059,2,2,0.9134635925292969
fold_06,6,37059,3,3,0.9473375678062439
fold_06,6,37221,1,1,0.849830687046051
fold_06,6,37221,2,2,0.9124462604522705
fold_06,6,37221,3,3,0.9064902663230896
fold_06,6,37224,1,1,0.9420334696769714
fold_06,6,37224,2,2,0.9362581372261047
fold_06,6,37224,3,3,0.9278753995895386
fold_06,6,37494,1,1,0.9171223640441895
fold_06,6,37494,2,2,0.9485816955566406
fold_06,6,37494,3,3,0.9137641191482544
fold_06,6,38022,1,1,0.9371432662010193
fold_06,6,38022,2,2,0.939856231212616
fold_06,6,38022,3,3,0.9437060356140137
fold_06,6,38025,1,1,0.9206070303916931
fold_06,6,38025,2,2,0.9524326920509338
fold_06,6,38025,3,3,0.9523282051086426
fold_06,6,38246,1,1,0.8752912878990173
fold_06,6,38246,2,2,0.9272589087486267
fold_06,6,38246,3,3,0.8646352887153625
fold_06,6,38297,1,1,0.919117271900177
fold_06,6,38297,2,2,0.950343132019043
fold_06,6,38297,3,3,0.9204998016357422
fold_06,6,38358,1,1,0.8921864628791809
fold_06,6,38358,2,2,0.944913387298584
fold_06,6,38358,3,3,0.9463801383972168
fold_06,6,38486,1,1,0.8816385865211487
fold_06,6,38486,2,2,0.920849621295929
fold_06,6,38486,3,3,0.9332242012023926
fold_06,6,38494,1,1,0.9355006814002991
fold_06,6,38494,2,2,0.9389790296554565
fold_06,6,38494,3,3,0.925942063331604
fold_06,6,38641,1,1,0.9263156652450562
fold_06,6,38641,2,2,0.9373025894165039
fold_06,6,38641,3,3,0.95378178358078
fold_06,6,38794,1,1,0.9076079726219177
fold_06,6,38794,2,2,0.9207032322883606
fold_06,6,38794,3,3,0.9364363551139832
fold_06,6,38817,1,1,0.9255150556564331
fold_06,6,38817,2,2,0.9297235012054443
fold_06,6,38817,3,3,0.8779808878898621
fold_06,6,38829,1,1,0.9408947825431824
fold_06,6,38829,2,2,0.9305459260940552
fold_06,6,38829,3,3,0.9300321340560913
fold_06,6,38853,1,1,0.8885855674743652
fold_06,6,38853,2,2,0.9380682110786438
fold_06,6,38853,3,3,0.9135231971740723
fold_06,6,38978,1,1,0.9387822151184082
fold_06,6,38978,2,2,0.8921235799789429
fold_06,6,38978,3,3,0.9227999448776245
fold_06,6,39289,1,1,0.947045087814331
fold_06,6,39289,2,2,0.9443241357803345
fold_06,6,39289,3,3,0.9198911786079407
fold_06,6,39369,1,1,0.9432387351989746
fold_06,6,39369,2,2,0.9223243594169617
fold_06,6,39369,3,3,0.9457907676696777
fold_06,6,39402,1,1,0.9272253513336182
fold_06,6,39402,2,2,0.9386878609657288
fold_06,6,39402,3,3,0.9158660173416138
fold_06,6,39841,1,1,0.922622561454773
fold_06,6,39841,2,2,0.9417623281478882
fold_06,6,39841,3,3,0.9309959411621094
fold_06,6,39997,1,1,0.9403117299079895
fold_06,6,39997,2,2,0.9295274019241333
fold_06,6,39997,3,3,0.8983669877052307
fold_06,6,40423,1,1,0.9367648959159851
fold_06,6,40423,2,2,0.906419038772583
fold_06,6,40423,3,3,0.9303464889526367
fold_06,6,40548,1,1,0.9442488551139832
fold_06,6,40548,2,2,0.918729305267334
fold_06,6,40548,3,3,0.9212060570716858
fold_06,6,40575,1,1,0.9480788707733154
fold_06,6,40575,2,2,0.9481161236763
fold_06,6,40575,3,3,0.9222052693367004
fold_06,6,40721,1,1,0.8816320300102234
fold_06,6,40721,2,2,0.9423294067382812
fold_06,6,40721,3,3,0.9385930895805359
fold_06,6,40770,1,1,0.914655864238739
fold_06,6,40770,2,2,0.9205108284950256
fold_06,6,40770,3,3,0.901662290096283
fold_06,6,40840,1,1,0.9326860904693604
fold_06,6,40840,2,2,0.9435903429985046
fold_06,6,40840,3,3,0.8800188899040222
fold_06,6,40846,1,1,0.9422523975372314
fold_06,6,40846,2,2,0.9309516549110413
fold_06,6,40846,3,3,0.9420095086097717
fold_06,6,40909,1,1,0.8882237672805786
fold_06,6,40909,2,2,0.9369147419929504
fold_06,6,40909,3,3,0.9281296730041504
fold_06,6,40924,1,1,0.8719536066055298
fold_06,6,40924,2,2,0.8794384002685547
fold_06,6,40924,3,3,0.9105505347251892
fold_06,6,40935,1,1,0.9254610538482666
fold_06,6,40935,2,2,0.9203375577926636
fold_06,6,40935,3,3,0.9307503700256348
fold_06,6,41056,1,1,0.9158861041069031
fold_06,6,41056,2,2,0.8536566495895386
fold_06,6,41056,3,3,0.9421166777610779
fold_06,6,41097,1,1,0.9485532641410828
fold_06,6,41097,2,2,0.9331709742546082
fold_06,6,41097,3,3,0.9390460848808289
fold_06,6,41116,1,1,0.9173309803009033
fold_06,6,41116,2,2,0.9506887793540955
fold_06,6,41116,3,3,0.9499408006668091
fold_06,6,41137,1,1,0.9142659306526184
fold_06,6,41137,2,2,0.9255926012992859
fold_06,6,41137,3,3,0.9504044651985168
fold_06,6,41162,1,1,0.9305251836776733
fold_06,6,41162,2,2,0.9117471575737
fold_06,6,41162,3,3,0.950091540813446
fold_06,6,41566,1,1,0.9434428215026855
fold_06,6,41566,2,2,0.9140792489051819
fold_06,6,41566,3,3,0.9078161716461182
fold_06,6,41653,1,1,0.9459637403488159
fold_06,6,41653,2,2,0.9464485049247742
fold_06,6,41653,3,3,0.911729633808136
fold_06,6,41710,1,1,0.9400880336761475
fold_06,6,41710,2,2,0.9119604229927063
fold_06,6,41710,3,3,0.9242434501647949
fold_06,6,41814,1,1,0.9497273564338684
fold_06,6,41814,2,2,0.9100080728530884
fold_06,6,41814,3,3,0.94685959815979
fold_06,6,41927,1,1,0.8744240403175354
fold_06,6,41927,2,2,0.9009274840354919
fold_06,6,41927,3,3,0.9128355383872986
fold_06,6,42007,1,1,0.9396282434463501
fold_06,6,42007,2,2,0.9380010962486267
fold_06,6,42007,3,3,0.9390131831169128
fold_06,6,42166,1,1,0.9263238310813904
fold_06,6,42166,2,2,0.9399048089981079
fold_06,6,42166,3,3,0.9412727952003479
fold_06,6,42171,1,1,0.9504120349884033
fold_06,6,42171,2,2,0.8555810451507568
fold_06,6,42171,3,3,0.939916729927063
fold_06,6,42214,1,1,0.8653218746185303
fold_06,6,42214,2,2,0.9298765063285828
fold_06,6,42214,3,3,0.9573556780815125
fold_06,6,42224,1,1,0.938603937625885
fold_06,6,42224,2,2,0.9384667277336121
fold_06,6,42224,3,3,0.9474831819534302
fold_06,6,42473,1,1,0.9298052191734314
fold_06,6,42473,2,2,0.9207122325897217
fold_06,6,42473,3,3,0.9232247471809387
fold_06,6,42563,1,1,0.9150343537330627
fold_06,6,42563,2,2,0.918757438659668
fold_06,6,42563,3,3,0.9494246244430542
fold_06,6,42697,1,1,0.9166970252990723
fold_06,6,42697,2,2,0.904262900352478
fold_06,6,42697,3,3,0.9441285133361816
fold_06,6,42781,1,1,0.9473457932472229
fold_06,6,42781,2,2,0.9280239343643188
fold_06,6,42781,3,3,0.8884976506233215
fold_06,6,42851,1,1,0.9378442168235779
fold_06,6,42851,2,2,0.9409956336021423
fold_06,6,42851,3,3,0.9131130576133728
fold_06,6,42912,1,1,0.9490665197372437
fold_06,6,42912,2,2,0.9098251461982727
fold_06,6,42912,3,3,0.935860276222229
fold_06,6,42946,1,1,0.9224172234535217
fold_06,6,42946,2,2,0.9159630537033081
fold_06,6,42946,3,3,0.9398124814033508
fold_06,6,42980,1,1,0.9240667819976807
fold_06,6,42980,2,2,0.9079006910324097
fold_06,6,42980,3,3,0.863495945930481
fold_06,6,43159,1,1,0.906233549118042
fold_06,6,43159,2,2,0.9026666283607483
fold_06,6,43159,3,3,0.8956400156021118
fold_06,6,43164,1,1,0.9138343930244446
fold_06,6,43164,2,2,0.9090864658355713
fold_06,6,43164,3,3,0.9437669515609741
fold_06,6,43224,1,1,0.9383768439292908
fold_06,6,43224,2,2,0.9191313982009888
fold_06,6,43224,3,3,0.9275527000427246
fold_06,6,43428,1,1,0.9182036519050598
fold_06,6,43428,2,2,0.9352835416793823
fold_06,6,43428,3,3,0.9272034168243408
fold_06,6,43445,1,1,0.9132066369056702
fold_06,6,43445,2,2,0.9423959851264954
fold_06,6,43445,3,3,0.8823409676551819
fold_06,6,43619,1,1,0.9209970831871033
fold_06,6,43619,2,2,0.9113990068435669
fold_06,6,43619,3,3,0.9276341795921326
fold_06,6,43675,1,1,0.8977370858192444
fold_06,6,43675,2,2,0.9408616423606873
fold_06,6,43675,3,3,0.9301616549491882
fold_06,6,43689,1,1,0.8936401009559631
fold_06,6,43689,2,2,0.9486310482025146
fold_06,6,43689,3,3,0.939594566822052
fold_06,6,43746,1,1,0.922404408454895
fold_06,6,43746,2,2,0.8949986696243286
fold_06,6,43746,3,3,0.9307750463485718
fold_06,6,43818,1,1,0.9448052048683167
fold_06,6,43818,2,2,0.946041464805603
fold_06,6,43818,3,3,0.91018146276474
fold_06,6,43820,1,1,0.9353810548782349
fold_06,6,43820,2,2,0.9237208962440491
fold_06,6,43820,3,3,0.8800127506256104
fold_06,6,43950,1,1,0.9092850089073181
fold_06,6,43950,2,2,0.9427807331085205
fold_06,6,43950,3,3,0.931719958782196
fold_06,6,43984,1,1,0.9297881126403809
fold_06,6,43984,2,2,0.9398894906044006
fold_06,6,43984,3,3,0.9226806163787842
fold_06,6,44052,1,1,0.9458803534507751
fold_06,6,44052,2,2,0.9248585104942322
fold_06,6,44052,3,3,0.885475218296051
fold_06,6,44144,1,1,0.9204790592193604
fold_06,6,44144,2,2,0.9340574145317078
fold_06,6,44144,3,3,0.9181443452835083
fold_06,6,44705,1,1,0.9101086854934692
fold_06,6,44705,2,2,0.9272182583808899
fold_06,6,44705,3,3,0.9307335615158081
fold_06,6,44720,1,1,0.9344418048858643
fold_06,6,44720,2,2,0.9243749976158142
fold_06,6,44720,3,3,0.8894810676574707
fold_06,6,44844,1,1,0.9057332277297974
fold_06,6,44844,2,2,0.9243829846382141
fold_06,6,44844,3,3,0.9194251894950867
fold_06,6,44971,1,1,0.9232292771339417
fold_06,6,44971,2,2,0.9292718172073364
fold_06,6,44971,3,3,0.9396798014640808
fold_06,6,44980,1,1,0.9450240135192871
fold_06,6,44980,2,2,0.96065753698349
fold_06,6,44980,3,3,0.9340913891792297
fold_06,6,45129,1,1,0.9491660594940186
fold_06,6,45129,2,2,0.9341341257095337
fold_06,6,45129,3,3,0.9517266154289246
fold_06,6,45213,1,1,0.9341332316398621
fold_06,6,45213,2,2,0.9356864094734192
fold_06,6,45213,3,3,0.9337931871414185
fold_06,6,45356,1,1,0.9128084182739258
fold_06,6,45356,2,2,0.9439695477485657
fold_06,6,45356,3,3,0.9291757345199585
fold_06,6,45595,1,1,0.8746843934059143
fold_06,6,45595,2,2,0.9413893222808838
fold_06,6,45595,3,3,0.9208725094795227
fold_06,6,45632,1,1,0.9486531615257263
fold_06,6,45632,2,2,0.9063037037849426
fold_06,6,45632,3,3,0.9039260745048523
fold_06,6,45750,1,1,0.9452039003372192
fold_06,6,45750,2,2,0.9363415241241455
fold_06,6,45750,3,3,0.9154012799263
fold_06,6,45843,1,1,0.9144439697265625
fold_06,6,45843,2,2,0.9377704858779907
fold_06,6,45843,3,3,0.9251956939697266
fold_06,6,45945,1,1,0.9471884369850159
fold_06,6,45945,2,2,0.9390113949775696
fold_06,6,45945,3,3,0.9238777756690979
fold_06,6,45981,1,1,0.949915885925293
fold_06,6,45981,2,2,0.9165051579475403
fold_06,6,45981,3,3,0.9444157481193542
fold_06,6,46150,1,1,0.9540179371833801
fold_06,6,46150,2,2,0.9398961067199707
fold_06,6,46150,3,3,0.9434667229652405
fold_06,6,46160,1,1,0.9533553123474121
fold_06,6,46160,2,2,0.9166736006736755
fold_06,6,46160,3,3,0.9068285226821899
fold_06,6,46274,1,1,0.9231533408164978
fold_06,6,46274,2,2,0.7972040772438049
fold_06,6,46274,3,3,0.9324177503585815
fold_06,6,46321,1,1,0.9441559910774231
fold_06,6,46321,2,2,0.9111960530281067
fold_06,6,46321,3,3,0.9081160426139832
fold_06,6,46372,1,1,0.9269816279411316
fold_06,6,46372,2,2,0.9411361217498779
fold_06,6,46372,3,3,0.9094804525375366
fold_06,6,46380,1,1,0.9326404929161072
fold_06,6,46380,2,2,0.9455697536468506
fold_06,6,46380,3,3,0.9543960690498352
fold_06,6,46460,1,1,0.8749046325683594
fold_06,6,46460,2,2,0.9410849809646606
fold_06,6,46460,3,3,0.9166114926338196
fold_06,6,46462,1,1,0.9434115886688232
fold_06,6,46462,2,2,0.9430771470069885
fold_06,6,46462,3,3,0.9354230165481567
fold_06,6,46661,1,1,0.9397783279418945
fold_06,6,46661,2,2,0.9363885521888733
fold_06,6,46661,3,3,0.9426783323287964
fold_06,6,46806,1,1,0.906699001789093
fold_06,6,46806,2,2,0.9222313165664673
fold_06,6,46806,3,3,0.9240580201148987
fold_06,6,46835,1,1,0.9378393888473511
fold_06,6,46835,2,2,0.9281426072120667
fold_06,6,46835,3,3,0.9287023544311523
fold_06,6,47070,1,1,0.902572751045227
fold_06,6,47070,2,2,0.9118028283119202
fold_06,6,47070,3,3,0.9226882457733154
fold_06,6,47099,1,1,0.9501565098762512
fold_06,6,47099,2,2,0.9368308782577515
fold_06,6,47099,3,3,0.9228405356407166
fold_06,6,47290,1,1,0.8965392112731934
fold_06,6,47290,2,2,0.9365603923797607
fold_06,6,47290,3,3,0.9314262270927429
fold_06,6,47293,1,1,0.8845051527023315
fold_06,6,47293,2,2,0.9310240745544434
fold_06,6,47293,3,3,0.935071587562561
fold_06,6,47408,1,1,0.9533228278160095
fold_06,6,47408,2,2,0.9504621624946594
fold_06,6,47408,3,3,0.9547576904296875
fold_06,6,47687,1,1,0.9493269920349121
fold_06,6,47687,2,2,0.9534577131271362
fold_06,6,47687,3,3,0.9222413897514343
fold_06,6,48157,1,1,0.917155385017395
fold_06,6,48157,2,2,0.9166231155395508
fold_06,6,48157,3,3,0.9099487662315369
fold_06,6,48260,1,1,0.9232478737831116
fold_06,6,48260,2,2,0.9439008831977844
fold_06,6,48260,3,3,0.9107593894004822
fold_06,6,48374,1,1,0.9384245276451111
fold_06,6,48374,2,2,0.9096066951751709
fold_06,6,48374,3,3,0.9159401655197144
fold_06,6,48379,1,1,0.9196773767471313
fold_06,6,48379,2,2,0.9285076856613159
fold_06,6,48379,3,3,0.9277913570404053
fold_06,6,48422,1,1,0.9275327920913696
fold_06,6,48422,2,2,0.9428838491439819
fold_06,6,48422,3,3,0.940957248210907
fold_06,6,48508,1,1,0.9605668187141418
fold_06,6,48508,2,2,0.9501141905784607
fold_06,6,48508,3,3,0.9285663962364197
fold_06,6,48530,1,1,0.9102339148521423
fold_06,6,48530,2,2,0.9390007257461548
fold_06,6,48530,3,3,0.9331592321395874
fold_06,6,48679,1,1,0.9200443029403687
fold_06,6,48679,2,2,0.9274071455001831
fold_06,6,48679,3,3,0.9352096915245056
fold_06,6,48681,1,1,0.9104906320571899
fold_06,6,48681,2,2,0.920534610748291
fold_06,6,48681,3,3,0.9349552392959595
fold_06,6,48802,1,1,0.9067335724830627
fold_06,6,48802,2,2,0.9312096238136292
fold_06,6,48802,3,3,0.9126837253570557
fold_06,6,49466,1,1,0.9488955140113831
fold_06,6,49466,2,2,0.9395135641098022
fold_06,6,49466,3,3,0.9135758876800537
fold_06,6,49480,1,1,0.9279249906539917
fold_06,6,49480,2,2,0.9238613843917847
fold_06,6,49480,3,3,0.9017318487167358
fold_06,6,49731,1,1,0.9199538826942444
fold_06,6,49731,2,2,0.9089682102203369
fold_06,6,49731,3,3,0.9202014207839966
fold_06,6,49944,1,1,0.9176596999168396
fold_06,6,49944,2,2,0.9414272308349609
fold_06,6,49944,3,3,0.9383184313774109
fold_06,6,49955,1,1,0.9345159530639648
fold_06,6,49955,2,2,0.8956745862960815
fold_06,6,49955,3,3,0.9341102838516235
fold_06,6,49979,1,1,0.9262227416038513
fold_06,6,49979,2,2,0.9184747338294983
fold_06,6,49979,3,3,0.946042001247406
fold_06,6,50114,1,1,0.9427674412727356
fold_06,6,50114,2,2,0.9194310307502747
fold_06,6,50114,3,3,0.9162898063659668
fold_06,6,50170,1,1,0.9265342354774475
fold_06,6,50170,2,2,0.9208869338035583
fold_06,6,50170,3,3,0.9357786178588867
fold_06,6,50653,1,1,0.9238681793212891
fold_06,6,50653,2,2,0.9170315861701965
fold_06,6,50653,3,3,0.9337973594665527
fold_06,6,50734,1,1,0.942487359046936
fold_06,6,50734,2,2,0.951200544834137
fold_06,6,50734,3,3,0.9425143599510193
fold_06,6,50755,1,1,0.9470300078392029
fold_06,6,50755,2,2,0.9461765885353088
fold_06,6,50755,3,3,0.9174050688743591
fold_06,6,50811,1,1,0.924802839756012
fold_06,6,50811,2,2,0.9585225582122803
fold_06,6,50811,3,3,0.92489093542099
fold_06,6,50882,1,1,0.9462258815765381
fold_06,6,50882,2,2,0.9231210947036743
fold_06,6,50882,3,3,0.950604259967804
fold_06,6,51077,1,1,0.9281061887741089
fold_06,6,51077,2,2,0.9375873804092407
fold_06,6,51077,3,3,0.9304649233818054
fold_06,6,51148,1,1,0.9379742741584778
fold_06,6,51148,2,2,0.9289084076881409
fold_06,6,51148,3,3,0.9237011671066284
fold_06,6,51171,1,1,0.9294539093971252
fold_06,6,51171,2,2,0.9106559753417969
fold_06,6,51171,3,3,0.9186356067657471
fold_06,6,51185,1,1,0.8768273591995239
fold_06,6,51185,2,2,0.9318493008613586
fold_06,6,51185,3,3,0.9191868305206299
fold_06,6,51521,1,1,0.9290270805358887
fold_06,6,51521,2,2,0.9509633779525757
fold_06,6,51521,3,3,0.9168973565101624
fold_06,6,51788,1,1,0.8977464437484741
fold_06,6,51788,2,2,0.9381815195083618
fold_06,6,51788,3,3,0.9418027997016907
fold_06,6,51843,1,1,0.9381647109985352
fold_06,6,51843,2,2,0.9502772092819214
fold_06,6,51843,3,3,0.8745505213737488
fold_06,6,51983,1,1,0.9386520981788635
fold_06,6,51983,2,2,0.9131086468696594
fold_06,6,51983,3,3,0.9341254830360413
fold_06,6,52070,1,1,0.9514729976654053
fold_06,6,52070,2,2,0.9280420541763306
fold_06,6,52070,3,3,0.9044990539550781
fold_06,6,52302,1,1,0.9169097542762756
fold_06,6,52302,2,2,0.9188310503959656
fold_06,6,52302,3,3,0.9321956038475037
fold_06,6,52394,1,1,0.9425722360610962
fold_06,6,52394,2,2,0.9251013994216919
fold_06,6,52394,3,3,0.9408002495765686
fold_06,6,52554,1,1,0.9174345135688782
fold_06,6,52554,2,2,0.9047363996505737
fold_06,6,52554,3,3,0.9431174993515015
fold_06,6,52652,1,1,0.9243948459625244
fold_06,6,52652,2,2,0.8967456817626953
fold_06,6,52652,3,3,0.858067512512207
fold_06,6,52931,1,1,0.927722156047821
fold_06,6,52931,2,2,0.9340894222259521
fold_06,6,52931,3,3,0.9262105822563171
fold_06,6,53052,1,1,0.9189622402191162
fold_06,6,53052,2,2,0.9527565240859985
fold_06,6,53052,3,3,0.8353105187416077
fold_06,6,53152,1,1,0.8638702630996704
fold_06,6,53152,2,2,0.9295471906661987
fold_06,6,53152,3,3,0.9108070135116577
fold_06,6,53155,1,1,0.8839541077613831
fold_06,6,53155,2,2,0.9279114007949829
fold_06,6,53155,3,3,0.9265744090080261
fold_06,6,53370,1,1,0.857612133026123
fold_06,6,53370,2,2,0.9298703670501709
fold_06,6,53370,3,3,0.9420307874679565
fold_06,6,53570,1,1,0.9177921414375305
fold_06,6,53570,2,2,0.8650977611541748
fold_06,6,53570,3,3,0.9426965117454529
fold_06,6,53727,1,1,0.9407461285591125
fold_06,6,53727,2,2,0.8758108615875244
fold_06,6,53727,3,3,0.8687655329704285
fold_06,6,53728,1,1,0.9421615600585938
fold_06,6,53728,2,2,0.915463924407959
fold_06,6,53728,3,3,0.9375011920928955
fold_06,6,53773,1,1,0.9081199169158936
fold_06,6,53773,2,2,0.9054145812988281
fold_06,6,53773,3,3,0.9377108216285706
fold_06,6,53881,1,1,0.9432125687599182
fold_06,6,53881,2,2,0.9234933853149414
fold_06,6,53881,3,3,0.945837676525116
fold_06,6,53891,1,1,0.9504383206367493
fold_06,6,53891,2,2,0.9311570525169373
fold_06,6,53891,3,3,0.9493009448051453
fold_06,6,54078,1,1,0.9401074647903442
fold_06,6,54078,2,2,0.87867271900177
fold_06,6,54078,3,3,0.911645233631134
fold_06,6,54257,1,1,0.9564772248268127
fold_06,6,54257,2,2,0.9439989924430847
fold_06,6,54257,3,3,0.9041129350662231
fold_06,6,54361,1,1,0.9012715220451355
fold_06,6,54361,2,2,0.8910238146781921
fold_06,6,54361,3,3,0.9202482104301453
fold_06,6,54698,1,1,0.8796806335449219
fold_06,6,54698,2,2,0.9216811656951904
fold_06,6,54698,3,3,0.9318767189979553
fold_06,6,54913,1,1,0.9439375400543213
fold_06,6,54913,2,2,0.9496912956237793
fold_06,6,54913,3,3,0.9101277589797974
fold_06,6,55005,1,1,0.8712345957756042
fold_06,6,55005,2,2,0.8962715864181519
fold_06,6,55005,3,3,0.9319941401481628
fold_06,6,55107,1,1,0.9542663097381592
fold_06,6,55107,2,2,0.9444987773895264
fold_06,6,55107,3,3,0.9390426278114319
fold_06,6,55163,1,1,0.9415596723556519
fold_06,6,55163,2,2,0.9444588422775269
fold_06,6,55163,3,3,0.9051917195320129
fold_06,6,55405,1,1,0.9492948055267334
fold_06,6,55405,2,2,0.9220149517059326
fold_06,6,55405,3,3,0.9269005656242371
fold_06,6,55408,1,1,0.9301450252532959
fold_06,6,55408,2,2,0.9246757626533508
fold_06,6,55408,3,3,0.9340047836303711
fold_06,6,55526,1,1,0.8900403380393982
fold_06,6,55526,2,2,0.9284673929214478
fold_06,6,55526,3,3,0.9161301255226135
fold_06,6,55649,1,1,0.9403263926506042
fold_06,6,55649,2,2,0.8998386263847351
fold_06,6,55649,3,3,0.9198099970817566
fold_06,6,55669,1,1,0.9531233906745911
fold_06,6,55669,2,2,0.9438113570213318
fold_06,6,55669,3,3,0.8953148126602173
fold_06,6,55678,1,1,0.8832111358642578
fold_06,6,55678,2,2,0.920593798160553
fold_06,6,55678,3,3,0.9341031312942505
fold_06,6,55857,1,1,0.9172483086585999
fold_06,6,55857,2,2,0.8920857906341553
fold_06,6,55857,3,3,0.9386739730834961
fold_06,6,55968,1,1,0.950720489025116
fold_06,6,55968,2,2,0.9409377574920654
fold_06,6,55968,3,3,0.9406430721282959
fold_06,6,56042,1,1,0.9199727177619934
fold_06,6,56042,2,2,0.9286080002784729
fold_06,6,56042,3,3,0.9305013418197632
fold_06,6,56154,1,1,0.9073385000228882
fold_06,6,56154,2,2,0.9399974942207336
fold_06,6,56154,3,3,0.9128477573394775
fold_06,6,56269,1,1,0.9052857160568237
fold_06,6,56269,2,2,0.9506658315658569
fold_06,6,56269,3,3,0.9117658138275146
fold_06,6,56314,1,1,0.9339174032211304
fold_06,6,56314,2,2,0.9077945947647095
fold_06,6,56314,3,3,0.9339606761932373
fold_06,6,56454,1,1,0.9285227060317993
fold_06,6,56454,2,2,0.9132149815559387
fold_06,6,56454,3,3,0.9405964612960815
fold_06,6,56681,1,1,0.9027112126350403
fold_06,6,56681,2,2,0.9037166833877563
fold_06,6,56681,3,3,0.9232246279716492
fold_06,6,56723,1,1,0.9114288687705994
fold_06,6,56723,2,2,0.9370732307434082
fold_06,6,56723,3,3,0.9267021417617798
fold_06,6,56784,1,1,0.9310208559036255
fold_06,6,56784,2,2,0.9299365282058716
fold_06,6,56784,3,3,0.932353675365448
fold_06,6,56850,1,1,0.9501519799232483
fold_06,6,56850,2,2,0.9463770985603333
fold_06,6,56850,3,3,0.8735422492027283
fold_06,6,56867,1,1,0.9359754920005798
fold_06,6,56867,2,2,0.9502209424972534
fold_06,6,56867,3,3,0.9387038350105286
fold_06,6,56911,1,1,0.929131269454956
fold_06,6,56911,2,2,0.9304144978523254
fold_06,6,56911,3,3,0.9120305776596069
fold_06,6,56948,1,1,0.8756044507026672
fold_06,6,56948,2,2,0.9428587555885315
fold_06,6,56948,3,3,0.8989782333374023
fold_06,6,57046,1,1,0.9328330159187317
fold_06,6,57046,2,2,0.8698421716690063
fold_06,6,57046,3,3,0.9297186136245728
fold_06,6,57435,1,1,0.9230147004127502
fold_06,6,57435,2,2,0.9446487426757812
fold_06,6,57435,3,3,0.930147647857666
fold_06,6,57553,1,1,0.939642071723938
fold_06,6,57553,2,2,0.9378712773323059
fold_06,6,57553,3,3,0.8689289689064026
fold_06,6,57650,1,1,0.936815619468689
fold_06,6,57650,2,2,0.91427081823349
fold_06,6,57650,3,3,0.9263566732406616
fold_06,6,57838,1,1,0.9052122235298157
fold_06,6,57838,2,2,0.9415197968482971
fold_06,6,57838,3,3,0.912324845790863
fold_06,6,58144,1,1,0.9472278356552124
fold_06,6,58144,2,2,0.9324737191200256
fold_06,6,58144,3,3,0.918574869632721
fold_06,6,58404,1,1,0.9348676204681396
fold_06,6,58404,2,2,0.9378717541694641
fold_06,6,58404,3,3,0.9121062755584717
fold_06,6,59023,1,1,0.9270732402801514
fold_06,6,59023,2,2,0.9369600415229797
fold_06,6,59023,3,3,0.9377387166023254
fold_06,6,59046,1,1,0.9388689398765564
fold_06,6,59046,2,2,0.9353243708610535
fold_06,6,59046,3,3,0.9122075438499451
fold_06,6,59194,1,1,0.9123607873916626
fold_06,6,59194,2,2,0.9183440804481506
fold_06,6,59194,3,3,0.9425119757652283
fold_06,6,59284,1,1,0.9135072231292725
fold_06,6,59284,2,2,0.909633219242096
fold_06,6,59284,3,3,0.9298420548439026
fold_06,6,59585,1,1,0.9346268773078918
fold_06,6,59585,2,2,0.9337195158004761
fold_06,6,59585,3,3,0.9501099586486816
fold_06,6,59699,1,1,0.9462348818778992
fold_06,6,59699,2,2,0.9270974397659302
fold_06,6,59699,3,3,0.9504373669624329
fold_06,6,59817,1,1,0.9487181901931763
fold_06,6,59817,2,2,0.9086871147155762
fold_06,6,59817,3,3,0.9141619801521301
fold_06,6,59994,1,1,0.9516733288764954
fold_06,6,59994,2,2,0.9460833072662354
fold_06,6,59994,3,3,0.9076977372169495
fold_06,6,60094,1,1,0.9396136999130249
fold_06,6,60094,2,2,0.8954779505729675
fold_06,6,60094,3,3,0.8893768191337585
fold_06,6,60186,1,1,0.9374204874038696
fold_06,6,60186,2,2,0.9219374656677246
fold_06,6,60186,3,3,0.9060266017913818
fold_06,6,60251,1,1,0.9322676062583923
fold_06,6,60251,2,2,0.9311089515686035
fold_06,6,60251,3,3,0.9173774123191833
fold_06,6,60305,1,1,0.9512060284614563
fold_06,6,60305,2,2,0.9299545884132385
fold_06,6,60305,3,3,0.8890227675437927
fold_06,6,60505,1,1,0.9402058124542236
fold_06,6,60505,2,2,0.9276924729347229
fold_06,6,60505,3,3,0.9300246834754944
fold_06,6,60553,1,1,0.9211164712905884
fold_06,6,60553,2,2,0.9165076613426208
fold_06,6,60553,3,3,0.9356181025505066
fold_06,6,60845,1,1,0.9098237156867981
fold_06,6,60845,2,2,0.940101146697998
fold_06,6,60845,3,3,0.9181277751922607
fold_06,6,60867,1,1,0.9403735399246216
fold_06,6,60867,2,2,0.9257414937019348
fold_06,6,60867,3,3,0.9475709199905396
fold_06,6,61122,1,1,0.8990576267242432
fold_06,6,61122,2,2,0.9325019717216492
fold_06,6,61122,3,3,0.9099997878074646
fold_06,6,61133,1,1,0.9286156296730042
fold_06,6,61133,2,2,0.9066678285598755
fold_06,6,61133,3,3,0.9426737427711487
fold_06,6,61177,1,1,0.9122615456581116
fold_06,6,61177,2,2,0.9122769832611084
fold_06,6,61177,3,3,0.9381005167961121
fold_06,6,61510,1,1,0.8881661295890808
fold_06,6,61510,2,2,0.9337244629859924
fold_06,6,61510,3,3,0.9362965226173401
fold_06,6,61677,1,1,0.9222456812858582
fold_06,6,61677,2,2,0.8932564854621887
fold_06,6,61677,3,3,0.9297230839729309
fold_06,6,61738,1,1,0.9112433791160583
fold_06,6,61738,2,2,0.9169811606407166
fold_06,6,61738,3,3,0.9081263542175293
fold_06,6,61748,1,1,0.9309684038162231
fold_06,6,61748,2,2,0.942593514919281
fold_06,6,61748,3,3,0.9412539005279541
fold_06,6,61797,1,1,0.9431684613227844
fold_06,6,61797,2,2,0.923843502998352
fold_06,6,61797,3,3,0.9515309929847717
fold_06,6,61809,1,1,0.894254744052887
fold_06,6,61809,2,2,0.932574450969696
fold_06,6,61809,3,3,0.9170854091644287
fold_06,6,61873,1,1,0.9155306220054626
fold_06,6,61873,2,2,0.939873218536377
fold_06,6,61873,3,3,0.9287552237510681
fold_06,6,62006,1,1,0.9324343204498291
fold_06,6,62006,2,2,0.9494487047195435
fold_06,6,62006,3,3,0.8727355003356934
fold_06,6,62015,1,1,0.9245421886444092
fold_06,6,62015,2,2,0.9168074131011963
fold_06,6,62015,3,3,0.8514124751091003
fold_06,6,62209,1,1,0.9190000295639038
fold_06,6,62209,2,2,0.9251567721366882
fold_06,6,62209,3,3,0.93723064661026
fold_06,6,62228,1,1,0.9235215783119202
fold_06,6,62228,2,2,0.9143373370170593
fold_06,6,62228,3,3,0.9450319409370422
fold_06,6,62275,1,1,0.9091712832450867
fold_06,6,62275,2,2,0.8908613920211792
fold_06,6,62275,3,3,0.9107365608215332
fold_06,6,62302,1,1,0.9375686049461365
fold_06,6,62302,2,2,0.9298418164253235
fold_06,6,62302,3,3,0.9221707582473755
fold_06,6,62479,1,1,0.9448475241661072
fold_06,6,62479,2,2,0.933423638343811
fold_06,6,62479,3,3,0.9416709542274475
fold_06,6,62544,1,1,0.9422474503517151
fold_06,6,62544,2,2,0.9322866797447205
fold_06,6,62544,3,3,0.9394798874855042
fold_06,6,62683,1,1,0.9336860179901123
fold_06,6,62683,2,2,0.9384422302246094
fold_06,6,62683,3,3,0.9328113198280334
fold_06,6,62960,1,1,0.9423779249191284
fold_06,6,62960,2,2,0.9512084126472473
fold_06,6,62960,3,3,0.9219024777412415
fold_06,6,63081,1,1,0.9218394160270691
fold_06,6,63081,2,2,0.9133622646331787
fold_06,6,63081,3,3,0.9263368248939514
fold_06,6,63182,1,1,0.938766360282898
fold_06,6,63182,2,2,0.8791227340698242
fold_06,6,63182,3,3,0.9437933564186096
fold_06,6,63825,1,1,0.9253697395324707
fold_06,6,63825,2,2,0.9125887155532837
fold_06,6,63825,3,3,0.9220729470252991
fold_06,6,63931,1,1,0.9223241209983826
fold_06,6,63931,2,2,0.9155029058456421
fold_06,6,63931,3,3,0.9468376040458679
fold_06,6,63944,1,1,0.948728084564209
fold_06,6,63944,2,2,0.9320217967033386
fold_06,6,63944,3,3,0.8918585181236267
fold_06,6,64096,1,1,0.91191565990448
fold_06,6,64096,2,2,0.9401667714118958
fold_06,6,64096,3,3,0.9111309051513672
fold_06,6,64295,1,1,0.9508637189865112
fold_06,6,64295,2,2,0.9424315094947815
fold_06,6,64295,3,3,0.9296863079071045
fold_06,6,64498,1,1,0.9326501488685608
fold_06,6,64498,2,2,0.9127926230430603
fold_06,6,64498,3,3,0.9057432413101196
fold_06,6,64621,1,1,0.9276142716407776
fold_06,6,64621,2,2,0.9310337901115417
fold_06,6,64621,3,3,0.9078876972198486
fold_06,6,64867,1,1,0.9504084587097168
fold_06,6,64867,2,2,0.9245783686637878
fold_06,6,64867,3,3,0.8646637201309204
fold_06,6,64880,1,1,0.903575599193573
fold_06,6,64880,2,2,0.9003010392189026
fold_06,6,64880,3,3,0.9235895872116089
fold_06,6,65069,1,1,0.9381482005119324
fold_06,6,65069,2,2,0.9067566394805908
fold_06,6,65069,3,3,0.9002590179443359
fold_06,6,65148,1,1,0.9400853514671326
fold_06,6,65148,2,2,0.9288636445999146
fold_06,6,65148,3,3,0.942222535610199
fold_06,6,65253,1,1,0.9103827476501465
fold_06,6,65253,2,2,0.8953272104263306
fold_06,6,65253,3,3,0.939590573310852
fold_06,6,65267,1,1,0.904636800289154
fold_06,6,65267,2,2,0.9375068545341492
fold_06,6,65267,3,3,0.9359439611434937
fold_06,6,65376,1,1,0.9380039572715759
fold_06,6,65376,2,2,0.9121801853179932
fold_06,6,65376,3,3,0.8881331086158752
fold_06,6,65445,1,1,0.9340592622756958
fold_06,6,65445,2,2,0.9280081391334534
fold_06,6,65445,3,3,0.9335831999778748
fold_06,6,65639,1,1,0.9369981288909912
fold_06,6,65639,2,2,0.9202825427055359
fold_06,6,65639,3,3,0.9225754141807556
fold_06,6,65686,1,1,0.9257379174232483
fold_06,6,65686,2,2,0.9382981061935425
fold_06,6,65686,3,3,0.922454833984375
fold_06,6,65769,1,1,0.9039610028266907
fold_06,6,65769,2,2,0.943499743938446
fold_06,6,65769,3,3,0.9194085001945496
fold_06,6,65799,1,1,0.9184526205062866
fold_06,6,65799,2,2,0.9438143372535706
fold_06,6,65799,3,3,0.8908572196960449
fold_06,6,65821,1,1,0.9122715592384338
fold_06,6,65821,2,2,0.9210249781608582
fold_06,6,65821,3,3,0.9442144632339478
fold_06,6,65872,1,1,0.9334760308265686
fold_06,6,65872,2,2,0.9234969019889832
fold_06,6,65872,3,3,0.9315485954284668
fold_06,6,65920,1,1,0.9278145432472229
fold_06,6,65920,2,2,0.9259462356567383
fold_06,6,65920,3,3,0.91985684633255
fold_06,6,65943,1,1,0.9199883937835693
fold_06,6,65943,2,2,0.9306522607803345
fold_06,6,65943,3,3,0.9098702073097229
fold_06,6,66004,1,1,0.9180954098701477
fold_06,6,66004,2,2,0.9322958588600159
fold_06,6,66004,3,3,0.9458929300308228
fold_06,6,66216,1,1,0.938397228717804
fold_06,6,66216,2,2,0.9049707055091858
fold_06,6,66216,3,3,0.9326061010360718
fold_06,6,66278,1,1,0.8942232728004456
fold_06,6,66278,2,2,0.9380828738212585
fold_06,6,66278,3,3,0.9369376301765442
fold_06,6,66330,1,1,0.9317767024040222
fold_06,6,66330,2,2,0.9248840808868408
fold_06,6,66330,3,3,0.9504995942115784
fold_06,6,66464,1,1,0.9419251084327698
fold_06,6,66464,2,2,0.9033187627792358
fold_06,6,66464,3,3,0.8968568444252014
fold_06,6,66489,1,1,0.9265756011009216
fold_06,6,66489,2,2,0.937393307685852
fold_06,6,66489,3,3,0.9363827705383301
fold_06,6,66580,1,1,0.905351996421814
fold_06,6,66580,2,2,0.9109092950820923
fold_06,6,66580,3,3,0.9481911659240723
fold_06,6,66773,1,1,0.9342823624610901
fold_06,6,66773,2,2,0.8882228136062622
fold_06,6,66773,3,3,0.9509929418563843
fold_06,6,66836,1,1,0.9266012907028198
fold_06,6,66836,2,2,0.9336579442024231
fold_06,6,66836,3,3,0.9459413290023804
fold_06,6,66946,1,1,0.9208054542541504
fold_06,6,66946,2,2,0.9353411197662354
fold_06,6,66946,3,3,0.8627932667732239
fold_06,6,66976,1,1,0.9535487294197083
fold_06,6,66976,2,2,0.9339457750320435
fold_06,6,66976,3,3,0.8907577991485596
fold_06,6,67204,1,1,0.8567520976066589
fold_06,6,67204,2,2,0.9019173383712769
fold_06,6,67204,3,3,0.9405338764190674
fold_06,6,67237,1,1,0.8381727337837219
fold_06,6,67237,2,2,0.9072842001914978
fold_06,6,67237,3,3,0.9318090081214905
fold_06,6,67295,1,1,0.900654673576355
fold_06,6,67295,2,2,0.9347435235977173
fold_06,6,67295,3,3,0.9242730140686035
fold_06,6,67742,1,1,0.9358466267585754
fold_06,6,67742,2,2,0.944476306438446
fold_06,6,67742,3,3,0.9504587650299072
fold_06,6,67802,1,1,0.8371676802635193
fold_06,6,67802,2,2,0.9280975461006165
fold_06,6,67802,3,3,0.9366357922554016
fold_06,6,67829,1,1,0.8822727799415588
fold_06,6,67829,2,2,0.9343571066856384
fold_06,6,67829,3,3,0.9426712989807129
fold_06,6,68168,1,1,0.9199774265289307
fold_06,6,68168,2,2,0.9331293702125549
fold_06,6,68168,3,3,0.9211757779121399
fold_06,6,68278,1,1,0.9363579154014587
fold_06,6,68278,2,2,0.9224631190299988
fold_06,6,68278,3,3,0.8938076496124268
fold_06,6,68311,1,1,0.7997917532920837
fold_06,6,68311,2,2,0.9524064660072327
fold_06,6,68311,3,3,0.9368812441825867
fold_06,6,68339,1,1,0.8849411010742188
fold_06,6,68339,2,2,0.910723865032196
fold_06,6,68339,3,3,0.9141048789024353
fold_06,6,68418,1,1,0.9299196600914001
fold_06,6,68418,2,2,0.9460217952728271
fold_06,6,68418,3,3,0.9519878029823303
fold_06,6,68471,1,1,0.9315853714942932
fold_06,6,68471,2,2,0.9182067513465881
fold_06,6,68471,3,3,0.9274441599845886
fold_06,6,68741,1,1,0.918337881565094
fold_06,6,68741,2,2,0.9483262896537781
fold_06,6,68741,3,3,0.9298047423362732
fold_06,6,68814,1,1,0.9157931208610535
fold_06,6,68814,2,2,0.9439772963523865
fold_06,6,68814,3,3,0.9137515425682068
fold_06,6,68842,1,1,0.9117239713668823
fold_06,6,68842,2,2,0.9336111545562744
fold_06,6,68842,3,3,0.9257580637931824
fold_06,6,68858,1,1,0.8903549909591675
fold_06,6,68858,2,2,0.9312818646430969
fold_06,6,68858,3,3,0.880996584892273
fold_06,6,68897,1,1,0.8200072646141052
fold_06,6,68897,2,2,0.9321879744529724
fold_06,6,68897,3,3,0.9468405842781067
fold_06,6,69007,1,1,0.9450716376304626
fold_06,6,69007,2,2,0.9319977760314941
fold_06,6,69007,3,3,0.9420045614242554
fold_06,6,69214,1,1,0.9221034049987793
fold_06,6,69214,2,2,0.9418737888336182
fold_06,6,69214,3,3,0.9304097890853882
fold_06,6,69240,1,1,0.9361456632614136
fold_06,6,69240,2,2,0.9185638427734375
fold_06,6,69240,3,3,0.9314618110656738
fold_06,6,69614,1,1,0.934560239315033
fold_06,6,69614,2,2,0.9139875769615173
fold_06,6,69614,3,3,0.9276716709136963
fold_06,6,69813,1,1,0.9133149981498718
fold_06,6,69813,2,2,0.9520033597946167
fold_06,6,69813,3,3,0.873386561870575
fold_06,6,69831,1,1,0.8441174030303955
fold_06,6,69831,2,2,0.9302366375923157
fold_06,6,69831,3,3,0.9400392770767212
fold_06,6,69839,1,1,0.9288855791091919
fold_06,6,69839,2,2,0.9377002716064453
fold_06,6,69839,3,3,0.8589510321617126
fold_06,6,69854,1,1,0.9483457803726196
fold_06,6,69854,2,2,0.9482377767562866
fold_06,6,69854,3,3,0.9575637578964233
fold_06,6,70075,1,1,0.9404595494270325
fold_06,6,70075,2,2,0.9368802905082703
fold_06,6,70075,3,3,0.9378023147583008
fold_06,6,70095,1,1,0.9156805872917175
fold_06,6,70095,2,2,0.9319325685501099
fold_06,6,70095,3,3,0.9239792227745056
fold_06,6,70193,1,1,0.8991243839263916
fold_06,6,70193,2,2,0.9522011876106262
fold_06,6,70193,3,3,0.9408699870109558
fold_06,6,70232,1,1,0.9453772306442261
fold_06,6,70232,2,2,0.9423313140869141
fold_06,6,70232,3,3,0.9404210448265076
fold_06,6,70360,1,1,0.9221243858337402
fold_06,6,70360,2,2,0.9322558045387268
fold_06,6,70360,3,3,0.9227137565612793
fold_06,6,70427,1,1,0.9206365942955017
fold_06,6,70427,2,2,0.9491676688194275
fold_06,6,70427,3,3,0.9472100138664246
fold_06,6,70505,1,1,0.9336682558059692
fold_06,6,70505,2,2,0.9097256660461426
fold_06,6,70505,3,3,0.9316839575767517
fold_06,6,71232,1,1,0.9401052594184875
fold_06,6,71232,2,2,0.9132351875305176
fold_06,6,71232,3,3,0.9423438310623169
fold_06,6,71241,1,1,0.9166269302368164
fold_06,6,71241,2,2,0.9313973188400269
fold_06,6,71241,3,3,0.9233181476593018
fold_06,6,71410,1,1,0.9190174341201782
fold_06,6,71410,2,2,0.9276633858680725
fold_06,6,71410,3,3,0.9097021818161011
fold_06,6,71450,1,1,0.9428221583366394
fold_06,6,71450,2,2,0.8532532453536987
fold_06,6,71450,3,3,0.9360788464546204
fold_06,6,71753,1,1,0.9401257038116455
fold_06,6,71753,2,2,0.9272175431251526
fold_06,6,71753,3,3,0.9438843727111816
fold_06,6,71894,1,1,0.945896327495575
fold_06,6,71894,2,2,0.9309054017066956
fold_06,6,71894,3,3,0.8798144459724426
fold_06,6,72015,1,1,0.9427127838134766
fold_06,6,72015,2,2,0.9290739893913269
fold_06,6,72015,3,3,0.9007043838500977
fold_06,6,72080,1,1,0.9253565669059753
fold_06,6,72080,2,2,0.9064127206802368
fold_06,6,72080,3,3,0.9337015151977539
fold_06,6,72209,1,1,0.9388056397438049
fold_06,6,72209,2,2,0.9394975900650024
fold_06,6,72209,3,3,0.9081661105155945
fold_06,6,72312,1,1,0.949033260345459
fold_06,6,72312,2,2,0.9408380389213562
fold_06,6,72312,3,3,0.9412301182746887
fold_06,6,72605,1,1,0.9328603744506836
fold_06,6,72605,2,2,0.9099286198616028
fold_06,6,72605,3,3,0.9436436295509338
fold_06,6,72719,1,1,0.9101884365081787
fold_06,6,72719,2,2,0.887398362159729
fold_06,6,72719,3,3,0.9337018132209778
fold_06,6,72948,1,1,0.9333179593086243
fold_06,6,72948,2,2,0.9197115898132324
fold_06,6,72948,3,3,0.9415362477302551
fold_07,7,2950,1,1,0.8706643581390381
fold_07,7,2950,2,2,0.9237384796142578
fold_07,7,2950,3,3,0.9335338473320007
fold_07,7,2990,1,1,0.9325354099273682
fold_07,7,2990,2,2,0.9276348352432251
fold_07,7,2990,3,3,0.9384722113609314
fold_07,7,3049,1,1,0.9453719258308411
fold_07,7,3049,2,2,0.8697632551193237
fold_07,7,3049,3,3,0.9502034783363342
fold_07,7,3077,1,1,0.9576231241226196
fold_07,7,3077,2,2,0.948567807674408
fold_07,7,3077,3,3,0.9038230776786804
fold_07,7,3146,1,1,0.9485971331596375
fold_07,7,3146,2,2,0.9166055917739868
fold_07,7,3146,3,3,0.943705141544342
fold_07,7,3157,1,1,0.9388258457183838
fold_07,7,3157,2,2,0.9514419436454773
fold_07,7,3157,3,3,0.9499028325080872
fold_07,7,3164,1,1,0.9471864700317383
fold_07,7,3164,2,2,0.9407585263252258
fold_07,7,3164,3,3,0.9477545619010925
fold_07,7,3171,1,1,0.9145514369010925
fold_07,7,3171,2,2,0.9414006471633911
fold_07,7,3171,3,3,0.9415045380592346
fold_07,7,3181,1,1,0.9387785196304321
fold_07,7,3181,2,2,0.9212496876716614
fold_07,7,3181,3,3,0.905014157295227
fold_07,7,3386,1,1,0.9500694274902344
fold_07,7,3386,2,2,0.9558181762695312
fold_07,7,3386,3,3,0.938062846660614
fold_07,7,3434,1,1,0.9299248456954956
fold_07,7,3434,2,2,0.9044079780578613
fold_07,7,3434,3,3,0.9191386699676514
fold_07,7,3449,1,1,0.9160370230674744
fold_07,7,3449,2,2,0.9540519118309021
fold_07,7,3449,3,3,0.9415816068649292
fold_07,7,3489,1,1,0.9216576218605042
fold_07,7,3489,2,2,0.9044142365455627
fold_07,7,3489,3,3,0.9358676075935364
fold_07,7,3626,1,1,0.9511473774909973
fold_07,7,3626,2,2,0.9392648935317993
fold_07,7,3626,3,3,0.9586363434791565
fold_07,7,3682,1,1,0.9005947709083557
fold_07,7,3682,2,2,0.9510146975517273
fold_07,7,3682,3,3,0.9308350086212158
fold_07,7,3687,1,1,0.9431851506233215
fold_07,7,3687,2,2,0.9369214177131653
fold_07,7,3687,3,3,0.8778368234634399
fold_07,7,3729,1,1,0.9565964341163635
fold_07,7,3729,2,2,0.9216282367706299
fold_07,7,3729,3,3,0.9451018571853638
fold_07,7,3809,1,1,0.9405960440635681
fold_07,7,3809,2,2,0.9275984764099121
fold_07,7,3809,3,3,0.9467151761054993
fold_07,7,3842,1,1,0.9285383820533752
fold_07,7,3842,2,2,0.9234581589698792
fold_07,7,3842,3,3,0.9187142252922058
fold_07,7,3847,1,1,0.901559591293335
fold_07,7,3847,2,2,0.9330704212188721
fold_07,7,3847,3,3,0.9231126308441162
fold_07,7,3856,1,1,0.9497276544570923
fold_07,7,3856,2,2,0.9527663588523865
fold_07,7,3856,3,3,0.8835840225219727
fold_07,7,3913,1,1,0.9236517548561096
fold_07,7,3913,2,2,0.9373247027397156
fold_07,7,3913,3,3,0.9363323450088501
fold_07,7,3951,1,1,0.9223082661628723
fold_07,7,3951,2,2,0.9420385360717773
fold_07,7,3951,3,3,0.9386192560195923
fold_07,7,4051,1,1,0.9435907602310181
fold_07,7,4051,2,2,0.8864125609397888
fold_07,7,4051,3,3,0.9035676121711731
fold_07,7,4058,1,1,0.9585458636283875
fold_07,7,4058,2,2,0.7383490204811096
fold_07,7,4058,3,3,0.9210832118988037
fold_07,7,4129,1,1,0.933973491191864
fold_07,7,4129,2,2,0.9534557461738586
fold_07,7,4129,3,3,0.9544344544410706
fold_07,7,4156,1,1,0.9356999397277832
fold_07,7,4156,2,2,0.9405760169029236
fold_07,7,4156,3,3,0.9222456812858582
fold_07,7,4249,1,1,0.9003394246101379
fold_07,7,4249,2,2,0.929079532623291
fold_07,7,4249,3,3,0.9352269172668457
fold_07,7,4423,1,1,0.9379898309707642
fold_07,7,4423,2,2,0.9469106793403625
fold_07,7,4423,3,3,0.9538476467132568
fold_07,7,4436,1,1,0.9283553957939148
fold_07,7,4436,2,2,0.9192709922790527
fold_07,7,4436,3,3,0.9133527874946594
fold_07,7,4612,1,1,0.9564788341522217
fold_07,7,4612,2,2,0.9442397356033325
fold_07,7,4612,3,3,0.7832212448120117
fold_07,7,4667,1,1,0.8768773078918457
fold_07,7,4667,2,2,0.9045528769493103
fold_07,7,4667,3,3,0.9053239822387695
fold_07,7,4690,1,1,0.9320194721221924
fold_07,7,4690,2,2,0.9383584260940552
fold_07,7,4690,3,3,0.9446794390678406
fold_07,7,4768,1,1,0.9428138732910156
fold_07,7,4768,2,2,0.9469552040100098
fold_07,7,4768,3,3,0.9262244701385498
fold_07,7,4786,1,1,0.9504243731498718
fold_07,7,4786,2,2,0.9424594044685364
fold_07,7,4786,3,3,0.930866539478302
fold_07,7,4835,1,1,0.9381299614906311
fold_07,7,4835,2,2,0.930305004119873
fold_07,7,4835,3,3,0.9124900102615356
fold_07,7,4869,1,1,0.9352716207504272
fold_07,7,4869,2,2,0.9349877238273621
fold_07,7,4869,3,3,0.9403338432312012
fold_07,7,4892,1,1,0.9517196416854858
fold_07,7,4892,2,2,0.9087680578231812
fold_07,7,4892,3,3,0.9353314638137817
fold_07,7,4930,1,1,0.959442675113678
fold_07,7,4930,2,2,0.9459854960441589
fold_07,7,4930,3,3,0.9482539892196655
fold_07,7,5034,1,1,0.9384333491325378
fold_07,7,5034,2,2,0.9540117979049683
fold_07,7,5034,3,3,0.9462199211120605
fold_07,7,5106,1,1,0.915131151676178
fold_07,7,5106,2,2,0.9089965224266052
fold_07,7,5106,3,3,0.8980145454406738
fold_07,7,5204,1,1,0.9077591896057129
fold_07,7,5204,2,2,0.9142784476280212
fold_07,7,5204,3,3,0.9100499749183655
fold_07,7,5301,1,1,0.913320004940033
fold_07,7,5301,2,2,0.9467689394950867
fold_07,7,5301,3,3,0.9411355257034302
fold_07,7,5338,1,1,0.944513738155365
fold_07,7,5338,2,2,0.9297458529472351
fold_07,7,5338,3,3,0.9417514204978943
fold_07,7,5459,1,1,0.9253196716308594
fold_07,7,5459,2,2,0.9329985976219177
fold_07,7,5459,3,3,0.9134620428085327
fold_07,7,5542,1,1,0.929071843624115
fold_07,7,5542,2,2,0.8994957804679871
fold_07,7,5542,3,3,0.8992288708686829
fold_07,7,5583,1,1,0.9567971229553223
fold_07,7,5583,2,2,0.8626772165298462
fold_07,7,5583,3,3,0.8939459919929504
fold_07,7,5602,1,1,0.9175226092338562
fold_07,7,5602,2,2,0.9254493117332458
fold_07,7,5602,3,3,0.9188145399093628
fold_07,7,5714,1,1,0.8695101737976074
fold_07,7,5714,2,2,0.9384133219718933
fold_07,7,5714,3,3,0.9393267035484314
fold_07,7,6199,1,1,0.9464731216430664
fold_07,7,6199,2,2,0.9213019013404846
fold_07,7,6199,3,3,0.9433807730674744
fold_07,7,6222,1,1,0.9486472010612488
fold_07,7,6222,2,2,0.9228667616844177
fold_07,7,6222,3,3,0.787562370300293
fold_07,7,6431,1,1,0.9368941187858582
fold_07,7,6431,2,2,0.9420732259750366
fold_07,7,6431,3,3,0.9521315097808838
fold_07,7,6444,1,1,0.9331642389297485
fold_07,7,6444,2,2,0.911882221698761
fold_07,7,6444,3,3,0.8862388134002686
fold_07,7,6489,1,1,0.9313738942146301
fold_07,7,6489,2,2,0.9370743632316589
fold_07,7,6489,3,3,0.9371422529220581
fold_07,7,6514,1,1,0.9400811195373535
fold_07,7,6514,2,2,0.9248969554901123
fold_07,7,6514,3,3,0.936630368232727
fold_07,7,6521,1,1,0.9578720927238464
fold_07,7,6521,2,2,0.9499707818031311
fold_07,7,6521,3,3,0.9517702460289001
fold_07,7,6558,1,1,0.9622557759284973
fold_07,7,6558,2,2,0.9520379304885864
fold_07,7,6558,3,3,0.9206859469413757
fold_07,7,6801,1,1,0.9413381814956665
fold_07,7,6801,2,2,0.9560239315032959
fold_07,7,6801,3,3,0.9259433746337891
fold_07,7,7007,1,1,0.9633500576019287
fold_07,7,7007,2,2,0.9557502865791321
fold_07,7,7007,3,3,0.9293724894523621
fold_07,7,7039,1,1,0.9455119967460632
fold_07,7,7039,2,2,0.8942260146141052
fold_07,7,7039,3,3,0.9211180806159973
fold_07,7,7120,1,1,0.9436705112457275
fold_07,7,7120,2,2,0.9354028105735779
fold_07,7,7120,3,3,0.8489607572555542
fold_07,7,7207,1,1,0.9498377442359924
fold_07,7,7207,2,2,0.9626418948173523
fold_07,7,7207,3,3,0.9528347253799438
fold_07,7,7366,1,1,0.9347323775291443
fold_07,7,7366,2,2,0.947903037071228
fold_07,7,7366,3,3,0.951780378818512
fold_07,7,7409,1,1,0.9118403196334839
fold_07,7,7409,2,2,0.9074221849441528
fold_07,7,7409,3,3,0.907623291015625
fold_07,7,7418,1,1,0.9398518800735474
fold_07,7,7418,2,2,0.9477326273918152
fold_07,7,7418,3,3,0.9313246011734009
fold_07,7,7480,1,1,0.9461323022842407
fold_07,7,7480,2,2,0.9326164722442627
fold_07,7,7480,3,3,0.9464582800865173
fold_07,7,7654,1,1,0.9106804728507996
fold_07,7,7654,2,2,0.9280794858932495
fold_07,7,7654,3,3,0.9449666738510132
fold_07,7,7840,1,1,0.9465616941452026
fold_07,7,7840,2,2,0.9083929657936096
fold_07,7,7840,3,3,0.9511044025421143
fold_07,7,7859,1,1,0.9129676818847656
fold_07,7,7859,2,2,0.8681710958480835
fold_07,7,7859,3,3,0.9281138181686401
fold_07,7,7944,1,1,0.946814239025116
fold_07,7,7944,2,2,0.9302513003349304
fold_07,7,7944,3,3,0.9238362908363342
fold_07,7,7948,1,1,0.9348167777061462
fold_07,7,7948,2,2,0.9117754697799683
fold_07,7,7948,3,3,0.9131019711494446
fold_07,7,7954,1,1,0.9305707812309265
fold_07,7,7954,2,2,0.9373942613601685
fold_07,7,7954,3,3,0.8797827959060669
fold_07,7,8006,1,1,0.9524549841880798
fold_07,7,8006,2,2,0.9443567991256714
fold_07,7,8006,3,3,0.9312881827354431
fold_07,7,8109,1,1,0.9398883581161499
fold_07,7,8109,2,2,0.9538795351982117
fold_07,7,8109,3,3,0.930073082447052
fold_07,7,8204,1,1,0.9033092856407166
fold_07,7,8204,2,2,0.9110673069953918
fold_07,7,8204,3,3,0.8817918300628662
fold_07,7,8225,1,1,0.8821399807929993
fold_07,7,8225,2,2,0.9433217644691467
fold_07,7,8225,3,3,0.9340393543243408
fold_07,7,8387,1,1,0.9440935850143433
fold_07,7,8387,2,2,0.9449460506439209
fold_07,7,8387,3,3,0.9118898510932922
fold_07,7,8394,1,1,0.9124680757522583
fold_07,7,8394,2,2,0.918817937374115
fold_07,7,8394,3,3,0.9521073698997498
fold_07,7,8415,1,1,0.9430057406425476
fold_07,7,8415,2,2,0.9158011078834534
fold_07,7,8415,3,3,0.9330782294273376
fold_07,7,8435,1,1,0.9197292327880859
fold_07,7,8435,2,2,0.9328892230987549
fold_07,7,8435,3,3,0.9495408535003662
fold_07,7,8465,1,1,0.9159152507781982
fold_07,7,8465,2,2,0.9301810264587402
fold_07,7,8465,3,3,0.9153217077255249
fold_07,7,8509,1,1,0.9321544766426086
fold_07,7,8509,2,2,0.9347965121269226
fold_07,7,8509,3,3,0.9498040080070496
fold_07,7,8646,1,1,0.9446381330490112
fold_07,7,8646,2,2,0.9219545125961304
fold_07,7,8646,3,3,0.9191937446594238
fold_07,7,8807,1,1,0.9430233836174011
fold_07,7,8807,2,2,0.9314786195755005
fold_07,7,8807,3,3,0.9441390037536621
fold_07,7,8843,1,1,0.934063196182251
fold_07,7,8843,2,2,0.9263467788696289
fold_07,7,8843,3,3,0.8766113519668579
fold_07,7,8933,1,1,0.9473297595977783
fold_07,7,8933,2,2,0.9297465682029724
fold_07,7,8933,3,3,0.940672755241394
fold_07,7,9027,1,1,0.9117990732192993
fold_07,7,9027,2,2,0.9263821840286255
fold_07,7,9027,3,3,0.9330532550811768
fold_07,7,9048,1,1,0.9310916066169739
fold_07,7,9048,2,2,0.9207716584205627
fold_07,7,9048,3,3,0.9359222054481506
fold_07,7,9147,1,1,0.9505618214607239
fold_07,7,9147,2,2,0.9210728406906128
fold_07,7,9147,3,3,0.944633960723877
fold_07,7,9230,1,1,0.912997841835022
fold_07,7,9230,2,2,0.9513251781463623
fold_07,7,9230,3,3,0.9262562990188599
fold_07,7,9434,1,1,0.9154073596000671
fold_07,7,9434,2,2,0.9399968981742859
fold_07,7,9434,3,3,0.9335432648658752
fold_07,7,9722,1,1,0.8597699403762817
fold_07,7,9722,2,2,0.8666538000106812
fold_07,7,9722,3,3,0.8959670662879944
fold_07,7,9847,1,1,0.9103376865386963
fold_07,7,9847,2,2,0.9531977772712708
fold_07,7,9847,3,3,0.9342669248580933
fold_07,7,9865,1,1,0.9386120438575745
fold_07,7,9865,2,2,0.9499194025993347
fold_07,7,9865,3,3,0.940061628818512
fold_07,7,9917,1,1,0.9251977801322937
fold_07,7,9917,2,2,0.9315577149391174
fold_07,7,9917,3,3,0.9014288187026978
fold_07,7,10006,1,1,0.9440091252326965
fold_07,7,10006,2,2,0.9270170331001282
fold_07,7,10006,3,3,0.9385319948196411
fold_07,7,10046,1,1,0.9257096648216248
fold_07,7,10046,2,2,0.9441356062889099
fold_07,7,10046,3,3,0.8827239274978638
fold_07,7,10064,1,1,0.9473716020584106
fold_07,7,10064,2,2,0.9304758906364441
fold_07,7,10064,3,3,0.917895495891571
fold_07,7,10105,1,1,0.9136162996292114
fold_07,7,10105,2,2,0.9237614870071411
fold_07,7,10105,3,3,0.9440717101097107
fold_07,7,10107,1,1,0.8551997542381287
fold_07,7,10107,2,2,0.8413443565368652
fold_07,7,10107,3,3,0.9362108111381531
fold_07,7,10244,1,1,0.9337815046310425
fold_07,7,10244,2,2,0.9390849471092224
fold_07,7,10244,3,3,0.9356968998908997
fold_07,7,10471,1,1,0.9319794178009033
fold_07,7,10471,2,2,0.9244775772094727
fold_07,7,10471,3,3,0.942074179649353
fold_07,7,10507,1,1,0.9380677938461304
fold_07,7,10507,2,2,0.9357290267944336
fold_07,7,10507,3,3,0.9236627817153931
fold_07,7,10610,1,1,0.9414351582527161
fold_07,7,10610,2,2,0.9169959425926208
fold_07,7,10610,3,3,0.9334412217140198
fold_07,7,11159,1,1,0.9086803197860718
fold_07,7,11159,2,2,0.9198042750358582
fold_07,7,11159,3,3,0.94186931848526
fold_07,7,11333,1,1,0.9194077253341675
fold_07,7,11333,2,2,0.9561237096786499
fold_07,7,11333,3,3,0.9495934844017029
fold_07,7,11487,1,1,0.93226158618927
fold_07,7,11487,2,2,0.8905699253082275
fold_07,7,11487,3,3,0.9092068672180176
fold_07,7,11521,1,1,0.9318988919258118
fold_07,7,11521,2,2,0.9393269419670105
fold_07,7,11521,3,3,0.9557784795761108
fold_07,7,11617,1,1,0.9464262127876282
fold_07,7,11617,2,2,0.9193611741065979
fold_07,7,11617,3,3,0.9537991881370544
fold_07,7,11635,1,1,0.9508524537086487
fold_07,7,11635,2,2,0.9367275834083557
fold_07,7,11635,3,3,0.9352598786354065
fold_07,7,11689,1,1,0.9336286783218384
fold_07,7,11689,2,2,0.9130594730377197
fold_07,7,11689,3,3,0.9361763596534729
fold_07,7,11725,1,1,0.9290937781333923
fold_07,7,11725,2,2,0.9337953925132751
fold_07,7,11725,3,3,0.9151411056518555
fold_07,7,11796,1,1,0.9543938636779785
fold_07,7,11796,2,2,0.945059597492218
fold_07,7,11796,3,3,0.9272685647010803
fold_07,7,11837,1,1,0.9481281042098999
fold_07,7,11837,2,2,0.9565137624740601
fold_07,7,11837,3,3,0.955419659614563
fold_07,7,11844,1,1,0.9316642880439758
fold_07,7,11844,2,2,0.9236295223236084
fold_07,7,11844,3,3,0.9261492490768433
fold_07,7,11932,1,1,0.9446566700935364
fold_07,7,11932,2,2,0.9359318017959595
fold_07,7,11932,3,3,0.9498106837272644
fold_07,7,11942,1,1,0.906731367111206
fold_07,7,11942,2,2,0.9404556751251221
fold_07,7,11942,3,3,0.9371901750564575
fold_07,7,11952,1,1,0.9292919635772705
fold_07,7,11952,2,2,0.8682916164398193
fold_07,7,11952,3,3,0.897097647190094
fold_07,7,12308,1,1,0.9383446574211121
fold_07,7,12308,2,2,0.9353503584861755
fold_07,7,12308,3,3,0.9441633820533752
fold_07,7,12634,1,1,0.9389073252677917
fold_07,7,12634,2,2,0.9354171752929688
fold_07,7,12634,3,3,0.8765993118286133
fold_07,7,12685,1,1,0.8715118765830994
fold_07,7,12685,2,2,0.949985921382904
fold_07,7,12685,3,3,0.9234914183616638
fold_07,7,12796,1,1,0.9266724586486816
fold_07,7,12796,2,2,0.9404718279838562
fold_07,7,12796,3,3,0.9240449666976929
fold_07,7,12798,1,1,0.925356924533844
fold_07,7,12798,2,2,0.9237614870071411
fold_07,7,12798,3,3,0.8962379693984985
fold_07,7,12922,1,1,0.9402037858963013
fold_07,7,12922,2,2,0.9344218373298645
fold_07,7,12922,3,3,0.9332661032676697
fold_07,7,12937,1,1,0.9422191381454468
fold_07,7,12937,2,2,0.9288007616996765
fold_07,7,12937,3,3,0.9332548379898071
fold_07,7,13138,1,1,0.9308632016181946
fold_07,7,13138,2,2,0.939923882484436
fold_07,7,13138,3,3,0.9455263018608093
fold_07,7,13230,1,1,0.9282109141349792
fold_07,7,13230,2,2,0.9614096879959106
fold_07,7,13230,3,3,0.8992653489112854
fold_07,7,13312,1,1,0.9025219678878784
fold_07,7,13312,2,2,0.9375079274177551
fold_07,7,13312,3,3,0.9415732026100159
fold_07,7,13314,1,1,0.9039341807365417
fold_07,7,13314,2,2,0.948279619216919
fold_07,7,13314,3,3,0.8994548916816711
fold_07,7,13613,1,1,0.9121749997138977
fold_07,7,13613,2,2,0.9598222970962524
fold_07,7,13613,3,3,0.9378001689910889
fold_07,7,13653,1,1,0.9177552461624146
fold_07,7,13653,2,2,0.9476725459098816
fold_07,7,13653,3,3,0.9255396127700806
fold_07,7,13662,1,1,0.9452725052833557
fold_07,7,13662,2,2,0.9431292414665222
fold_07,7,13662,3,3,0.9207897782325745
fold_07,7,13720,1,1,0.8555866479873657
fold_07,7,13720,2,2,0.896100640296936
fold_07,7,13720,3,3,0.8621993660926819
fold_07,7,14121,1,1,0.933068573474884
fold_07,7,14121,2,2,0.9172862768173218
fold_07,7,14121,3,3,0.9136285185813904
fold_07,7,14179,1,1,0.9043827056884766
fold_07,7,14179,2,2,0.8934224843978882
fold_07,7,14179,3,3,0.9426683783531189
fold_07,7,14528,1,1,0.9276629090309143
fold_07,7,14528,2,2,0.9421113729476929
fold_07,7,14528,3,3,0.934125542640686
fold_07,7,14594,1,1,0.9371354579925537
fold_07,7,14594,2,2,0.9482435584068298
fold_07,7,14594,3,3,0.9289146065711975
fold_07,7,14610,1,1,0.9246867299079895
fold_07,7,14610,2,2,0.9441732168197632
fold_07,7,14610,3,3,0.9502261877059937
fold_07,7,14644,1,1,0.9518587589263916
fold_07,7,14644,2,2,0.9405918121337891
fold_07,7,14644,3,3,0.9458058476448059
fold_07,7,14793,1,1,0.9432495832443237
fold_07,7,14793,2,2,0.9589084386825562
fold_07,7,14793,3,3,0.942412257194519
fold_07,7,14808,1,1,0.9322222471237183
fold_07,7,14808,2,2,0.9406030178070068
fold_07,7,14808,3,3,0.915452241897583
fold_07,7,14820,1,1,0.7182204127311707
fold_07,7,14820,2,2,0.8830730319023132
fold_07,7,14820,3,3,0.9386536478996277
fold_07,7,14898,1,1,0.9299800395965576
fold_07,7,14898,2,2,0.9289700984954834
fold_07,7,14898,3,3,0.9574013948440552
fold_07,7,14931,1,1,0.9286875128746033
fold_07,7,14931,2,2,0.9307445883750916
fold_07,7,14931,3,3,0.9392968416213989
fold_07,7,15003,1,1,0.9257513880729675
fold_07,7,15003,2,2,0.9363638758659363
fold_07,7,15003,3,3,0.9467321634292603
fold_07,7,15364,1,1,0.8966408371925354
fold_07,7,15364,2,2,0.922884464263916
fold_07,7,15364,3,3,0.93523770570755
fold_07,7,15492,1,1,0.9343023896217346
fold_07,7,15492,2,2,0.9218629002571106
fold_07,7,15492,3,3,0.9351427555084229
fold_07,7,15506,1,1,0.9461126923561096
fold_07,7,15506,2,2,0.9631765484809875
fold_07,7,15506,3,3,0.9256739616394043
fold_07,7,15819,1,1,0.9578352570533752
fold_07,7,15819,2,2,0.9126147627830505
fold_07,7,15819,3,3,0.8870980739593506
fold_07,7,15939,1,1,0.932493269443512
fold_07,7,15939,2,2,0.9011520743370056
fold_07,7,15939,3,3,0.9567042589187622
fold_07,7,16063,1,1,0.9487675428390503
fold_07,7,16063,2,2,0.9324327111244202
fold_07,7,16063,3,3,0.9130415916442871
fold_07,7,16252,1,1,0.9164106845855713
fold_07,7,16252,2,2,0.9310230612754822
fold_07,7,16252,3,3,0.9283093810081482
fold_07,7,16344,1,1,0.9029532074928284
fold_07,7,16344,2,2,0.9399797916412354
fold_07,7,16344,3,3,0.9493154287338257
fold_07,7,16466,1,1,0.9518770575523376
fold_07,7,16466,2,2,0.9230174422264099
fold_07,7,16466,3,3,0.9460700750350952
fold_07,7,16616,1,1,0.9041516184806824
fold_07,7,16616,2,2,0.9097900390625
fold_07,7,16616,3,3,0.9358021020889282
fold_07,7,16702,1,1,0.9499832987785339
fold_07,7,16702,2,2,0.919999897480011
fold_07,7,16702,3,3,0.9117205739021301
fold_07,7,16723,1,1,0.9506396055221558
fold_07,7,16723,2,2,0.9482224583625793
fold_07,7,16723,3,3,0.8992540240287781
fold_07,7,16823,1,1,0.9499521255493164
fold_07,7,16823,2,2,0.9286770820617676
fold_07,7,16823,3,3,0.8592026233673096
fold_07,7,16917,1,1,0.888900101184845
fold_07,7,16917,2,2,0.9531571865081787
fold_07,7,16917,3,3,0.9192718267440796
fold_07,7,17048,1,1,0.9352446794509888
fold_07,7,17048,2,2,0.9342350363731384
fold_07,7,17048,3,3,0.8848547339439392
fold_07,7,17238,1,1,0.9469887018203735
fold_07,7,17238,2,2,0.9372110962867737
fold_07,7,17238,3,3,0.8699333667755127
fold_07,7,17374,1,1,0.9359114766120911
fold_07,7,17374,2,2,0.9336345195770264
fold_07,7,17374,3,3,0.9201682806015015
fold_07,7,17450,1,1,0.8825197219848633
fold_07,7,17450,2,2,0.88862144947052
fold_07,7,17450,3,3,0.9420598745346069
fold_07,7,17463,1,1,0.8946519494056702
fold_07,7,17463,2,2,0.950431227684021
fold_07,7,17463,3,3,0.9151760339736938
fold_07,7,17485,1,1,0.9428418874740601
fold_07,7,17485,2,2,0.943943977355957
fold_07,7,17485,3,3,0.8839746117591858
fold_07,7,17549,1,1,0.9280697107315063
fold_07,7,17549,2,2,0.9322738647460938
fold_07,7,17549,3,3,0.9415706992149353
fold_07,7,17595,1,1,0.8960025906562805
fold_07,7,17595,2,2,0.9519160389900208
fold_07,7,17595,3,3,0.948341965675354
fold_07,7,17776,1,1,0.9317358136177063
fold_07,7,17776,2,2,0.9275333285331726
fold_07,7,17776,3,3,0.8756908178329468
fold_07,7,17934,1,1,0.9112525582313538
fold_07,7,17934,2,2,0.9337026476860046
fold_07,7,17934,3,3,0.9241580367088318
fold_07,7,17942,1,1,0.8972272276878357
fold_07,7,17942,2,2,0.9475743770599365
fold_07,7,17942,3,3,0.9244951009750366
fold_07,7,18268,1,1,0.9322637915611267
fold_07,7,18268,2,2,0.9342066645622253
fold_07,7,18268,3,3,0.9330416917800903
fold_07,7,18434,1,1,0.9503819942474365
fold_07,7,18434,2,2,0.872189462184906
fold_07,7,18434,3,3,0.955956757068634
fold_07,7,18483,1,1,0.9553672075271606
fold_07,7,18483,2,2,0.8773877024650574
fold_07,7,18483,3,3,0.9196586608886719
fold_07,7,18505,1,1,0.9180195927619934
fold_07,7,18505,2,2,0.9332371950149536
fold_07,7,18505,3,3,0.8916361927986145
fold_07,7,18543,1,1,0.9309930801391602
fold_07,7,18543,2,2,0.9442970752716064
fold_07,7,18543,3,3,0.9417803287506104
fold_07,7,18690,1,1,0.9327706694602966
fold_07,7,18690,2,2,0.9315481185913086
fold_07,7,18690,3,3,0.930088996887207
fold_07,7,18796,1,1,0.9362592697143555
fold_07,7,18796,2,2,0.9390955567359924
fold_07,7,18796,3,3,0.854991614818573
fold_07,7,19074,1,1,0.9456809759140015
fold_07,7,19074,2,2,0.9464663863182068
fold_07,7,19074,3,3,0.9462547898292542
fold_07,7,19181,1,1,0.932405948638916
fold_07,7,19181,2,2,0.9557192325592041
fold_07,7,19181,3,3,0.9248577952384949
fold_07,7,19199,1,1,0.9347399473190308
fold_07,7,19199,2,2,0.9356595277786255
fold_07,7,19199,3,3,0.9385391473770142
fold_07,7,19200,1,1,0.9456834197044373
fold_07,7,19200,2,2,0.9284676909446716
fold_07,7,19200,3,3,0.9262786507606506
fold_07,7,19292,1,1,0.9489966630935669
fold_07,7,19292,2,2,0.9261677265167236
fold_07,7,19292,3,3,0.9329994320869446
fold_07,7,19436,1,1,0.9424226880073547
fold_07,7,19436,2,2,0.9309930205345154
fold_07,7,19436,3,3,0.9378347396850586
fold_07,7,19690,1,1,0.9383707642555237
fold_07,7,19690,2,2,0.9399307370185852
fold_07,7,19690,3,3,0.9273443818092346
fold_07,7,19933,1,1,0.9416395425796509
fold_07,7,19933,2,2,0.9307321906089783
fold_07,7,19933,3,3,0.9517930150032043
fold_07,7,20054,1,1,0.9579108357429504
fold_07,7,20054,2,2,0.9254040122032166
fold_07,7,20054,3,3,0.9435796737670898
fold_07,7,20080,1,1,0.9310813546180725
fold_07,7,20080,2,2,0.9452446699142456
fold_07,7,20080,3,3,0.9050402641296387
fold_07,7,20206,1,1,0.9353455901145935
fold_07,7,20206,2,2,0.9257522821426392
fold_07,7,20206,3,3,0.940867006778717
fold_07,7,20223,1,1,0.8511143922805786
fold_07,7,20223,2,2,0.9425954222679138
fold_07,7,20223,3,3,0.901980996131897
fold_07,7,20265,1,1,0.9535309672355652
fold_07,7,20265,2,2,0.9337965846061707
fold_07,7,20265,3,3,0.8975421190261841
fold_07,7,20307,1,1,0.9309255480766296
fold_07,7,20307,2,2,0.9299333691596985
fold_07,7,20307,3,3,0.9034685492515564
fold_07,7,20442,1,1,0.9466392397880554
fold_07,7,20442,2,2,0.944473922252655
fold_07,7,20442,3,3,0.9331910610198975
fold_07,7,20633,1,1,0.9451922178268433
fold_07,7,20633,2,2,0.9362229704856873
fold_07,7,20633,3,3,0.9412200450897217
fold_07,7,20650,1,1,0.9493445158004761
fold_07,7,20650,2,2,0.919532060623169
fold_07,7,20650,3,3,0.9345495700836182
fold_07,7,20738,1,1,0.9527676701545715
fold_07,7,20738,2,2,0.9531761407852173
fold_07,7,20738,3,3,0.9561914205551147
fold_07,7,20820,1,1,0.9348477125167847
fold_07,7,20820,2,2,0.9481493830680847
fold_07,7,20820,3,3,0.934394359588623
fold_07,7,21108,1,1,0.9404039978981018
fold_07,7,21108,2,2,0.8134845495223999
fold_07,7,21108,3,3,0.946143388748169
fold_07,7,21192,1,1,0.9327517747879028
fold_07,7,21192,2,2,0.9172161817550659
fold_07,7,21192,3,3,0.9229795336723328
fold_07,7,21194,1,1,0.9524457454681396
fold_07,7,21194,2,2,0.943729817867279
fold_07,7,21194,3,3,0.9463181495666504
fold_07,7,21218,1,1,0.9505830407142639
fold_07,7,21218,2,2,0.929541289806366
fold_07,7,21218,3,3,0.9007418751716614
fold_07,7,21253,1,1,0.9528259038925171
fold_07,7,21253,2,2,0.9028844237327576
fold_07,7,21253,3,3,0.8956134915351868
fold_07,7,21279,1,1,0.9258831739425659
fold_07,7,21279,2,2,0.9375371336936951
fold_07,7,21279,3,3,0.9446471333503723
fold_07,7,21508,1,1,0.9502377510070801
fold_07,7,21508,2,2,0.9366033673286438
fold_07,7,21508,3,3,0.8946201801300049
fold_07,7,21526,1,1,0.9340267777442932
fold_07,7,21526,2,2,0.8807488679885864
fold_07,7,21526,3,3,0.9395729303359985
fold_07,7,21601,1,1,0.9433128833770752
fold_07,7,21601,2,2,0.9184250235557556
fold_07,7,21601,3,3,0.9443171620368958
fold_07,7,21950,1,1,0.8663120269775391
fold_07,7,21950,2,2,0.9536027312278748
fold_07,7,21950,3,3,0.9423867464065552
fold_07,7,21989,1,1,0.8717007040977478
fold_07,7,21989,2,2,0.9340242147445679
fold_07,7,21989,3,3,0.9268099069595337
fold_07,7,22138,1,1,0.946832001209259
fold_07,7,22138,2,2,0.9511148929595947
fold_07,7,22138,3,3,0.9247626662254333
fold_07,7,22143,1,1,0.9224080443382263
fold_07,7,22143,2,2,0.9528628587722778
fold_07,7,22143,3,3,0.948462188243866
fold_07,7,22155,1,1,0.9499714374542236
fold_07,7,22155,2,2,0.8894843459129333
fold_07,7,22155,3,3,0.9285170435905457
fold_07,7,22263,1,1,0.9439749121665955
fold_07,7,22263,2,2,0.9439924359321594
fold_07,7,22263,3,3,0.9402303099632263
fold_07,7,22387,1,1,0.9166079163551331
fold_07,7,22387,2,2,0.9256730675697327
fold_07,7,22387,3,3,0.8829057812690735
fold_07,7,22495,1,1,0.9144983291625977
fold_07,7,22495,2,2,0.8843320608139038
fold_07,7,22495,3,3,0.9257685542106628
fold_07,7,22515,1,1,0.9499332904815674
fold_07,7,22515,2,2,0.9297060370445251
fold_07,7,22515,3,3,0.9359588027000427
fold_07,7,22523,1,1,0.8998820185661316
fold_07,7,22523,2,2,0.9509259462356567
fold_07,7,22523,3,3,0.8844066858291626
fold_07,7,22530,1,1,0.8992609977722168
fold_07,7,22530,2,2,0.9450613260269165
fold_07,7,22530,3,3,0.9436066746711731
fold_07,7,22585,1,1,0.942054033279419
fold_07,7,22585,2,2,0.9339460730552673
fold_07,7,22585,3,3,0.8774694204330444
fold_07,7,22587,1,1,0.8735076785087585
fold_07,7,22587,2,2,0.9611221551895142
fold_07,7,22587,3,3,0.9102252721786499
fold_07,7,22772,1,1,0.9501389861106873
fold_07,7,22772,2,2,0.9465532302856445
fold_07,7,22772,3,3,0.946524441242218
fold_07,7,22782,1,1,0.9237784147262573
fold_07,7,22782,2,2,0.9546218514442444
fold_07,7,22782,3,3,0.9392170310020447
fold_07,7,22794,1,1,0.9420686960220337
fold_07,7,22794,2,2,0.9270868301391602
fold_07,7,22794,3,3,0.9382362961769104
fold_07,7,22845,1,1,0.9089707136154175
fold_07,7,22845,2,2,0.935264527797699
fold_07,7,22845,3,3,0.9066985845565796
fold_07,7,22873,1,1,0.9485291242599487
fold_07,7,22873,2,2,0.9403837323188782
fold_07,7,22873,3,3,0.9529655575752258
fold_07,7,22879,1,1,0.9355349540710449
fold_07,7,22879,2,2,0.927638590335846
fold_07,7,22879,3,3,0.9306637644767761
fold_07,7,22886,1,1,0.950835645198822
fold_07,7,22886,2,2,0.9227502346038818
fold_07,7,22886,3,3,0.961781919002533
fold_07,7,22957,1,1,0.9404199719429016
fold_07,7,22957,2,2,0.9104645848274231
fold_07,7,22957,3,3,0.9388142228126526
fold_07,7,22967,1,1,0.8493351936340332
fold_07,7,22967,2,2,0.9337735176086426
fold_07,7,22967,3,3,0.9506680965423584
fold_07,7,22993,1,1,0.8934648633003235
fold_07,7,22993,2,2,0.9051329493522644
fold_07,7,22993,3,3,0.9268627762794495
fold_07,7,23036,1,1,0.9492109417915344
fold_07,7,23036,2,2,0.9168756008148193
fold_07,7,23036,3,3,0.9236556887626648
fold_07,7,23241,1,1,0.8760173320770264
fold_07,7,23241,2,2,0.9591501355171204
fold_07,7,23241,3,3,0.9361350536346436
fold_07,7,23492,1,1,0.9372760057449341
fold_07,7,23492,2,2,0.9319998025894165
fold_07,7,23492,3,3,0.9172745943069458
fold_07,7,23715,1,1,0.9497472047805786
fold_07,7,23715,2,2,0.9471756219863892
fold_07,7,23715,3,3,0.9309130311012268
fold_07,7,23729,1,1,0.93310546875
fold_07,7,23729,2,2,0.9256669282913208
fold_07,7,23729,3,3,0.8757767081260681
fold_07,7,23871,1,1,0.9321790933609009
fold_07,7,23871,2,2,0.9103736281394958
fold_07,7,23871,3,3,0.8960449695587158
fold_07,7,23993,1,1,0.9509362578392029
fold_07,7,23993,2,2,0.9587481021881104
fold_07,7,23993,3,3,0.936709463596344
fold_07,7,24202,1,1,0.8681819438934326
fold_07,7,24202,2,2,0.9416543841362
fold_07,7,24202,3,3,0.9495082497596741
fold_07,7,24214,1,1,0.942070722579956
fold_07,7,24214,2,2,0.9343140721321106
fold_07,7,24214,3,3,0.9315974712371826
fold_07,7,24264,1,1,0.9309166669845581
fold_07,7,24264,2,2,0.9448264837265015
fold_07,7,24264,3,3,0.9204325675964355
fold_07,7,24517,1,1,0.9284810423851013
fold_07,7,24517,2,2,0.9523477554321289
fold_07,7,24517,3,3,0.9475024938583374
fold_07,7,24530,1,1,0.940180242061615
fold_07,7,24530,2,2,0.9329131841659546
fold_07,7,24530,3,3,0.9440797567367554
fold_07,7,24560,1,1,0.9180356860160828
fold_07,7,24560,2,2,0.9414137005805969
fold_07,7,24560,3,3,0.9536406993865967
fold_07,7,24638,1,1,0.9304555058479309
fold_07,7,24638,2,2,0.9324325323104858
fold_07,7,24638,3,3,0.9409310817718506
fold_07,7,24640,1,1,0.9386197924613953
fold_07,7,24640,2,2,0.9578767418861389
fold_07,7,24640,3,3,0.9011552929878235
fold_07,7,24649,1,1,0.9558690786361694
fold_07,7,24649,2,2,0.9439534544944763
fold_07,7,24649,3,3,0.8744242787361145
fold_07,7,24739,1,1,0.932684600353241
fold_07,7,24739,2,2,0.9476210474967957
fold_07,7,24739,3,3,0.8732996582984924
fold_07,7,24846,1,1,0.9307048320770264
fold_07,7,24846,2,2,0.9458138942718506
fold_07,7,24846,3,3,0.9398388862609863
fold_07,7,25091,1,1,0.9579625725746155
fold_07,7,25091,2,2,0.9501633644104004
fold_07,7,25091,3,3,0.931740403175354
fold_07,7,25111,1,1,0.9469220042228699
fold_07,7,25111,2,2,0.9311175346374512
fold_07,7,25111,3,3,0.934871256351471
fold_07,7,25250,1,1,0.9510676264762878
fold_07,7,25250,2,2,0.9125368595123291
fold_07,7,25250,3,3,0.9371346831321716
fold_07,7,25268,1,1,0.9283915758132935
fold_07,7,25268,2,2,0.9269210696220398
fold_07,7,25268,3,3,0.8854672908782959
fold_07,7,25284,1,1,0.9247095584869385
fold_07,7,25284,2,2,0.8921527862548828
fold_07,7,25284,3,3,0.9271013736724854
fold_07,7,25287,1,1,0.942947268486023
fold_07,7,25287,2,2,0.9367715120315552
fold_07,7,25287,3,3,0.931969404220581
fold_07,7,25318,1,1,0.9540053009986877
fold_07,7,25318,2,2,0.9499084949493408
fold_07,7,25318,3,3,0.9418584108352661
fold_07,7,25319,1,1,0.9511778950691223
fold_07,7,25319,2,2,0.9377284646034241
fold_07,7,25319,3,3,0.9199812412261963
fold_07,7,25371,1,1,0.9471267461776733
fold_07,7,25371,2,2,0.9406699538230896
fold_07,7,25371,3,3,0.9358892440795898
fold_07,7,25578,1,1,0.9209679961204529
fold_07,7,25578,2,2,0.9192298054695129
fold_07,7,25578,3,3,0.9496939182281494
fold_07,7,25581,1,1,0.9359180927276611
fold_07,7,25581,2,2,0.9251549243927002
fold_07,7,25581,3,3,0.8246213793754578
fold_07,7,25588,1,1,0.9308136701583862
fold_07,7,25588,2,2,0.8773242831230164
fold_07,7,25588,3,3,0.9288710355758667
fold_07,7,25602,1,1,0.9178248047828674
fold_07,7,25602,2,2,0.9386253952980042
fold_07,7,25602,3,3,0.8940184712409973
fold_07,7,25693,1,1,0.9413307905197144
fold_07,7,25693,2,2,0.9216737747192383
fold_07,7,25693,3,3,0.9231213331222534
fold_07,7,25702,1,1,0.919188916683197
fold_07,7,25702,2,2,0.9545298218727112
fold_07,7,25702,3,3,0.9418936967849731
fold_07,7,25741,1,1,0.9283660650253296
fold_07,7,25741,2,2,0.9213240146636963
fold_07,7,25741,3,3,0.8943854570388794
fold_07,7,25746,1,1,0.9171515107154846
fold_07,7,25746,2,2,0.9317959547042847
fold_07,7,25746,3,3,0.9278653860092163
fold_07,7,25881,1,1,0.9536905288696289
fold_07,7,25881,2,2,0.9306844472885132
fold_07,7,25881,3,3,0.9438682794570923
fold_07,7,26119,1,1,0.9528050422668457
fold_07,7,26119,2,2,0.8844859004020691
fold_07,7,26119,3,3,0.934330940246582
fold_07,7,26127,1,1,0.9411767721176147
fold_07,7,26127,2,2,0.8950961828231812
fold_07,7,26127,3,3,0.9499300122261047
fold_07,7,26163,1,1,0.9304212331771851
fold_07,7,26163,2,2,0.9498559832572937
fold_07,7,26163,3,3,0.9355189800262451
fold_07,7,26292,1,1,0.926637589931488
fold_07,7,26292,2,2,0.9286738038063049
fold_07,7,26292,3,3,0.9367650151252747
fold_07,7,26307,1,1,0.9271944165229797
fold_07,7,26307,2,2,0.9340679049491882
fold_07,7,26307,3,3,0.9544917941093445
fold_07,7,26351,1,1,0.9569454193115234
fold_07,7,26351,2,2,0.9345948696136475
fold_07,7,26351,3,3,0.9401466846466064
fold_07,7,26372,1,1,0.9398444890975952
fold_07,7,26372,2,2,0.9424427151679993
fold_07,7,26372,3,3,0.9049738049507141
fold_07,7,26435,1,1,0.9030763506889343
fold_07,7,26435,2,2,0.9241675138473511
fold_07,7,26435,3,3,0.9116451740264893
fold_07,7,26458,1,1,0.9101307988166809
fold_07,7,26458,2,2,0.922743022441864
fold_07,7,26458,3,3,0.9535844326019287
fold_07,7,26598,1,1,0.94496089220047
fold_07,7,26598,2,2,0.9413212537765503
fold_07,7,26598,3,3,0.9324650764465332
fold_07,7,26720,1,1,0.9386200308799744
fold_07,7,26720,2,2,0.904380202293396
fold_07,7,26720,3,3,0.9157296419143677
fold_07,7,26780,1,1,0.9233994483947754
fold_07,7,26780,2,2,0.8319047093391418
fold_07,7,26780,3,3,0.9171753525733948
fold_07,7,26895,1,1,0.9445061087608337
fold_07,7,26895,2,2,0.8979254364967346
fold_07,7,26895,3,3,0.9110565185546875
fold_07,7,26909,1,1,0.9086855053901672
fold_07,7,26909,2,2,0.9277948141098022
fold_07,7,26909,3,3,0.9251481890678406
fold_07,7,26990,1,1,0.9279780387878418
fold_07,7,26990,2,2,0.8996553421020508
fold_07,7,26990,3,3,0.9370596408843994
fold_07,7,27242,1,1,0.8981300592422485
fold_07,7,27242,2,2,0.9376252889633179
fold_07,7,27242,3,3,0.9334908127784729
fold_07,7,27275,1,1,0.9410815238952637
fold_07,7,27275,2,2,0.9178899526596069
fold_07,7,27275,3,3,0.9287605881690979
fold_07,7,27287,1,1,0.9110530614852905
fold_07,7,27287,2,2,0.922702431678772
fold_07,7,27287,3,3,0.9326637983322144
fold_07,7,27326,1,1,0.9398395419120789
fold_07,7,27326,2,2,0.8846524357795715
fold_07,7,27326,3,3,0.8679827451705933
fold_07,7,27435,1,1,0.9387391805648804
fold_07,7,27435,2,2,0.9488639235496521
fold_07,7,27435,3,3,0.9237357378005981
fold_07,7,27568,1,1,0.9383453726768494
fold_07,7,27568,2,2,0.9545266628265381
fold_07,7,27568,3,3,0.9506081938743591
fold_07,7,27580,1,1,0.9312033653259277
fold_07,7,27580,2,2,0.8996883630752563
fold_07,7,27580,3,3,0.9092196226119995
fold_07,7,27830,1,1,0.9006842374801636
fold_07,7,27830,2,2,0.9214035868644714
fold_07,7,27830,3,3,0.91930091381073
fold_07,7,27878,1,1,0.9012671709060669
fold_07,7,27878,2,2,0.9422000646591187
fold_07,7,27878,3,3,0.9602338075637817
fold_07,7,27972,1,1,0.928854763507843
fold_07,7,27972,2,2,0.8709800243377686
fold_07,7,27972,3,3,0.9090439081192017
fold_07,7,28024,1,1,0.939251720905304
fold_07,7,28024,2,2,0.9039047360420227
fold_07,7,28024,3,3,0.9034047722816467
fold_07,7,28068,1,1,0.9469056129455566
fold_07,7,28068,2,2,0.9213443398475647
fold_07,7,28068,3,3,0.9362606406211853
fold_07,7,28096,1,1,0.9258890748023987
fold_07,7,28096,2,2,0.9573185443878174
fold_07,7,28096,3,3,0.938197135925293
fold_07,7,28159,1,1,0.9563195109367371
fold_07,7,28159,2,2,0.8792816400527954
fold_07,7,28159,3,3,0.9483442902565002
fold_07,7,28189,1,1,0.9245222210884094
fold_07,7,28189,2,2,0.9300462007522583
fold_07,7,28189,3,3,0.9400196671485901
fold_07,7,28286,1,1,0.9426490664482117
fold_07,7,28286,2,2,0.9341799020767212
fold_07,7,28286,3,3,0.9357242584228516
fold_07,7,28303,1,1,0.9482384920120239
fold_07,7,28303,2,2,0.9484798312187195
fold_07,7,28303,3,3,0.8955329656600952
fold_07,7,28319,1,1,0.9514791369438171
fold_07,7,28319,2,2,0.9260779619216919
fold_07,7,28319,3,3,0.9297137260437012
fold_07,7,28325,1,1,0.9315763711929321
fold_07,7,28325,2,2,0.9320250749588013
fold_07,7,28325,3,3,0.9248313307762146
fold_07,7,28349,1,1,0.9583122730255127
fold_07,7,28349,2,2,0.9613667726516724
fold_07,7,28349,3,3,0.9454879760742188
fold_07,7,28418,1,1,0.9434505105018616
fold_07,7,28418,2,2,0.931426465511322
fold_07,7,28418,3,3,0.9093942046165466
fold_07,7,28524,1,1,0.9080581665039062
fold_07,7,28524,2,2,0.9459106922149658
fold_07,7,28524,3,3,0.9106974601745605
fold_07,7,28595,1,1,0.9218721389770508
fold_07,7,28595,2,2,0.9394736886024475
fold_07,7,28595,3,3,0.9149180054664612
fold_07,7,28745,1,1,0.9473281502723694
fold_07,7,28745,2,2,0.935515284538269
fold_07,7,28745,3,3,0.8481364250183105
fold_07,7,28751,1,1,0.9291388988494873
fold_07,7,28751,2,2,0.9505952596664429
fold_07,7,28751,3,3,0.9214099645614624
fold_07,7,28755,1,1,0.9527232050895691
fold_07,7,28755,2,2,0.9287585020065308
fold_07,7,28755,3,3,0.9402295351028442
fold_07,7,28788,1,1,0.9269701838493347
fold_07,7,28788,2,2,0.9473287463188171
fold_07,7,28788,3,3,0.9175244569778442
fold_07,7,29021,1,1,0.9034758806228638
fold_07,7,29021,2,2,0.9474133253097534
fold_07,7,29021,3,3,0.9342972636222839
fold_07,7,29381,1,1,0.9070397615432739
fold_07,7,29381,2,2,0.9488608837127686
fold_07,7,29381,3,3,0.9178455471992493
fold_07,7,29711,1,1,0.9104993939399719
fold_07,7,29711,2,2,0.9396929740905762
fold_07,7,29711,3,3,0.9328491687774658
fold_07,7,29837,1,1,0.9200831651687622
fold_07,7,29837,2,2,0.9451858401298523
fold_07,7,29837,3,3,0.9416394829750061
fold_07,7,29886,1,1,0.8475100994110107
fold_07,7,29886,2,2,0.9158555269241333
fold_07,7,29886,3,3,0.9400481581687927
fold_07,7,29919,1,1,0.9530800580978394
fold_07,7,29919,2,2,0.9521810412406921
fold_07,7,29919,3,3,0.9505945444107056
fold_07,7,29980,1,1,0.9104124903678894
fold_07,7,29980,2,2,0.9390636086463928
fold_07,7,29980,3,3,0.9202175140380859
fold_07,7,30081,1,1,0.8921104669570923
fold_07,7,30081,2,2,0.9301306009292603
fold_07,7,30081,3,3,0.9106250405311584
fold_07,7,30373,1,1,0.9347500801086426
fold_07,7,30373,2,2,0.9427319169044495
fold_07,7,30373,3,3,0.8869595527648926
fold_07,7,30395,1,1,0.9322448372840881
fold_07,7,30395,2,2,0.9571160078048706
fold_07,7,30395,3,3,0.9327061176300049
fold_07,7,30407,1,1,0.9086775779724121
fold_07,7,30407,2,2,0.9515290856361389
fold_07,7,30407,3,3,0.9089288711547852
fold_07,7,30430,1,1,0.9431362152099609
fold_07,7,30430,2,2,0.9384422302246094
fold_07,7,30430,3,3,0.8943055868148804
fold_07,7,30563,1,1,0.9227698445320129
fold_07,7,30563,2,2,0.928473949432373
fold_07,7,30563,3,3,0.9197832942008972
fold_07,7,30601,1,1,0.9017654657363892
fold_07,7,30601,2,2,0.9303255081176758
fold_07,7,30601,3,3,0.9427210092544556
fold_07,7,30632,1,1,0.9585959315299988
fold_07,7,30632,2,2,0.9011973738670349
fold_07,7,30632,3,3,0.9515475034713745
fold_07,7,30672,1,1,0.9215608835220337
fold_07,7,30672,2,2,0.9229772090911865
fold_07,7,30672,3,3,0.9272162318229675
fold_07,7,30847,1,1,0.9527033567428589
fold_07,7,30847,2,2,0.964576244354248
fold_07,7,30847,3,3,0.9260019063949585
fold_07,7,30856,1,1,0.9444504380226135
fold_07,7,30856,2,2,0.8970422148704529
fold_07,7,30856,3,3,0.9146581888198853
fold_07,7,30887,1,1,0.9491952657699585
fold_07,7,30887,2,2,0.9465064406394958
fold_07,7,30887,3,3,0.9346031546592712
fold_07,7,30954,1,1,0.9343391060829163
fold_07,7,30954,2,2,0.9458368420600891
fold_07,7,30954,3,3,0.9550661444664001
fold_07,7,31028,1,1,0.905095100402832
fold_07,7,31028,2,2,0.9296509623527527
fold_07,7,31028,3,3,0.9000163078308105
fold_07,7,31233,1,1,0.8770192861557007
fold_07,7,31233,2,2,0.9251498579978943
fold_07,7,31233,3,3,0.9265876412391663
fold_07,7,31659,1,1,0.8777093887329102
fold_07,7,31659,2,2,0.935859739780426
fold_07,7,31659,3,3,0.9374334216117859
fold_07,7,31747,1,1,0.9035212993621826
fold_07,7,31747,2,2,0.8410512804985046
fold_07,7,31747,3,3,0.942075788974762
fold_07,7,31801,1,1,0.9432334303855896
fold_07,7,31801,2,2,0.9625692367553711
fold_07,7,31801,3,3,0.950101375579834
fold_07,7,31837,1,1,0.9329181909561157
fold_07,7,31837,2,2,0.9398153424263
fold_07,7,31837,3,3,0.9206355810165405
fold_07,7,31936,1,1,0.9319058656692505
fold_07,7,31936,2,2,0.9274896383285522
fold_07,7,31936,3,3,0.9374584555625916
fold_07,7,31964,1,1,0.9414083361625671
fold_07,7,31964,2,2,0.9112800359725952
fold_07,7,31964,3,3,0.9284936785697937
fold_07,7,32053,1,1,0.9438918828964233
fold_07,7,32053,2,2,0.9354543685913086
fold_07,7,32053,3,3,0.9367180466651917
fold_07,7,32232,1,1,0.9001155495643616
fold_07,7,32232,2,2,0.9352061152458191
fold_07,7,32232,3,3,0.9540457725524902
fold_07,7,32303,1,1,0.9329663515090942
fold_07,7,32303,2,2,0.9434734582901001
fold_07,7,32303,3,3,0.9197744727134705
fold_07,7,32307,1,1,0.9417098164558411
fold_07,7,32307,2,2,0.9031562209129333
fold_07,7,32307,3,3,0.9004204273223877
fold_07,7,32625,1,1,0.9492092728614807
fold_07,7,32625,2,2,0.9219189882278442
fold_07,7,32625,3,3,0.9210385680198669
fold_07,7,32716,1,1,0.952201783657074
fold_07,7,32716,2,2,0.9174314737319946
fold_07,7,32716,3,3,0.9014308452606201
fold_07,7,32772,1,1,0.9279728531837463
fold_07,7,32772,2,2,0.9493241906166077
fold_07,7,32772,3,3,0.9451617002487183
fold_07,7,32891,1,1,0.9236865639686584
fold_07,7,32891,2,2,0.9179093837738037
fold_07,7,32891,3,3,0.9285613894462585
fold_07,7,32910,1,1,0.932141900062561
fold_07,7,32910,2,2,0.9434664845466614
fold_07,7,32910,3,3,0.9258790612220764
fold_07,7,33131,1,1,0.9275776147842407
fold_07,7,33131,2,2,0.9477781653404236
fold_07,7,33131,3,3,0.9451858401298523
fold_07,7,33171,1,1,0.9364114999771118
fold_07,7,33171,2,2,0.9461925029754639
fold_07,7,33171,3,3,0.9122316241264343
fold_07,7,33189,1,1,0.9124083518981934
fold_07,7,33189,2,2,0.9436627626419067
fold_07,7,33189,3,3,0.9005084037780762
fold_07,7,33245,1,1,0.9378514289855957
fold_07,7,33245,2,2,0.9352248907089233
fold_07,7,33245,3,3,0.9220972657203674
fold_07,7,33289,1,1,0.933808445930481
fold_07,7,33289,2,2,0.9076547622680664
fold_07,7,33289,3,3,0.9297240972518921
fold_07,7,33521,1,1,0.9315251111984253
fold_07,7,33521,2,2,0.9492606520652771
fold_07,7,33521,3,3,0.9143306612968445
fold_07,7,33543,1,1,0.9284719228744507
fold_07,7,33543,2,2,0.912149965763092
fold_07,7,33543,3,3,0.9227749109268188
fold_07,7,33813,1,1,0.9547337293624878
fold_07,7,33813,2,2,0.9438233375549316
fold_07,7,33813,3,3,0.892084002494812
fold_07,7,34068,1,1,0.8964723944664001
fold_07,7,34068,2,2,0.9314060211181641
fold_07,7,34068,3,3,0.9508116245269775
fold_07,7,34089,1,1,0.9294443130493164
fold_07,7,34089,2,2,0.9192382097244263
fold_07,7,34089,3,3,0.947455883026123
fold_07,7,34126,1,1,0.8924105167388916
fold_07,7,34126,2,2,0.9372406005859375
fold_07,7,34126,3,3,0.9494016766548157
fold_07,7,34186,1,1,0.8415349125862122
fold_07,7,34186,2,2,0.8789923191070557
fold_07,7,34186,3,3,0.9397236108779907
fold_07,7,34238,1,1,0.9435021281242371
fold_07,7,34238,2,2,0.9441632628440857
fold_07,7,34238,3,3,0.9351068139076233
fold_07,7,34418,1,1,0.9299486875534058
fold_07,7,34418,2,2,0.8968716859817505
fold_07,7,34418,3,3,0.9099591970443726
fold_07,7,34603,1,1,0.9090282917022705
fold_07,7,34603,2,2,0.9334967732429504
fold_07,7,34603,3,3,0.9118695855140686
fold_07,7,34829,1,1,0.9280788898468018
fold_07,7,34829,2,2,0.9438953995704651
fold_07,7,34829,3,3,0.9505847692489624
fold_07,7,34850,1,1,0.8755338191986084
fold_07,7,34850,2,2,0.9483619332313538
fold_07,7,34850,3,3,0.9212602972984314
fold_07,7,34874,1,1,0.9384239315986633
fold_07,7,34874,2,2,0.8215237259864807
fold_07,7,34874,3,3,0.9211007356643677
fold_07,7,35743,1,1,0.9250322580337524
fold_07,7,35743,2,2,0.8658348321914673
fold_07,7,35743,3,3,0.9316950440406799
fold_07,7,35752,1,1,0.9294398427009583
fold_07,7,35752,2,2,0.9177454113960266
fold_07,7,35752,3,3,0.927713930606842
fold_07,7,35790,1,1,0.9539982080459595
fold_07,7,35790,2,2,0.9592968225479126
fold_07,7,35790,3,3,0.9249058961868286
fold_07,7,35798,1,1,0.944944441318512
fold_07,7,35798,2,2,0.7768740057945251
fold_07,7,35798,3,3,0.91321861743927
fold_07,7,35986,1,1,0.9382835626602173
fold_07,7,35986,2,2,0.9040114879608154
fold_07,7,35986,3,3,0.943466067314148
fold_07,7,36067,1,1,0.9531721472740173
fold_07,7,36067,2,2,0.9455775022506714
fold_07,7,36067,3,3,0.9581276178359985
fold_07,7,36258,1,1,0.9471656680107117
fold_07,7,36258,2,2,0.9460760951042175
fold_07,7,36258,3,3,0.9485678672790527
fold_07,7,36476,1,1,0.9477452039718628
fold_07,7,36476,2,2,0.9352104663848877
fold_07,7,36476,3,3,0.9467401504516602
fold_07,7,36569,1,1,0.9114772081375122
fold_07,7,36569,2,2,0.9438457489013672
fold_07,7,36569,3,3,0.9321194291114807
fold_07,7,36576,1,1,0.9212580323219299
fold_07,7,36576,2,2,0.9439481496810913
fold_07,7,36576,3,3,0.933921754360199
fold_07,7,36623,1,1,0.9462723731994629
fold_07,7,36623,2,2,0.9467434287071228
fold_07,7,36623,3,3,0.9482216835021973
fold_07,7,36682,1,1,0.9327344298362732
fold_07,7,36682,2,2,0.9337273240089417
fold_07,7,36682,3,3,0.9412729740142822
fold_07,7,36731,1,1,0.9320786595344543
fold_07,7,36731,2,2,0.9224690794944763
fold_07,7,36731,3,3,0.9069743752479553
fold_07,7,36759,1,1,0.9539260864257812
fold_07,7,36759,2,2,0.9080764055252075
fold_07,7,36759,3,3,0.9262900948524475
fold_07,7,36910,1,1,0.9513576626777649
fold_07,7,36910,2,2,0.9397749900817871
fold_07,7,36910,3,3,0.9508342146873474
fold_07,7,36945,1,1,0.9489279389381409
fold_07,7,36945,2,2,0.9280892014503479
fold_07,7,36945,3,3,0.9267363548278809
fold_07,7,36974,1,1,0.9230436682701111
fold_07,7,36974,2,2,0.9381434321403503
fold_07,7,36974,3,3,0.9117516279220581
fold_07,7,36978,1,1,0.9444252252578735
fold_07,7,36978,2,2,0.9238336086273193
fold_07,7,36978,3,3,0.9450081586837769
fold_07,7,37059,1,1,0.8093095421791077
fold_07,7,37059,2,2,0.9497679471969604
fold_07,7,37059,3,3,0.9357134699821472
fold_07,7,37221,1,1,0.945176362991333
fold_07,7,37221,2,2,0.875861644744873
fold_07,7,37221,3,3,0.9471578001976013
fold_07,7,37224,1,1,0.9543165564537048
fold_07,7,37224,2,2,0.9531367421150208
fold_07,7,37224,3,3,0.9123494029045105
fold_07,7,37436,1,1,0.9366069436073303
fold_07,7,37436,2,2,0.896607518196106
fold_07,7,37436,3,3,0.897240936756134
fold_07,7,37494,1,1,0.9446709752082825
fold_07,7,37494,2,2,0.9603726267814636
fold_07,7,37494,3,3,0.9455723166465759
fold_07,7,37736,1,1,0.9381057024002075
fold_07,7,37736,2,2,0.9486241936683655
fold_07,7,37736,3,3,0.9377983212471008
fold_07,7,37927,1,1,0.9428529739379883
fold_07,7,37927,2,2,0.9251031279563904
fold_07,7,37927,3,3,0.8985406160354614
fold_07,7,38022,1,1,0.9537091851234436
fold_07,7,38022,2,2,0.9474745988845825
fold_07,7,38022,3,3,0.8426294922828674
fold_07,7,38025,1,1,0.9123013019561768
fold_07,7,38025,2,2,0.9444751739501953
fold_07,7,38025,3,3,0.9024776220321655
fold_07,7,38246,1,1,0.94245445728302
fold_07,7,38246,2,2,0.9516878724098206
fold_07,7,38246,3,3,0.9283934235572815
fold_07,7,38297,1,1,0.9360417723655701
fold_07,7,38297,2,2,0.9493613839149475
fold_07,7,38297,3,3,0.9528365135192871
fold_07,7,38310,1,1,0.9224246740341187
fold_07,7,38310,2,2,0.9486302733421326
fold_07,7,38310,3,3,0.9259747266769409
fold_07,7,38358,1,1,0.9479110836982727
fold_07,7,38358,2,2,0.9070640206336975
fold_07,7,38358,3,3,0.9574010968208313
fold_07,7,38486,1,1,0.9315377473831177
fold_07,7,38486,2,2,0.9224002361297607
fold_07,7,38486,3,3,0.9383552670478821
fold_07,7,38494,1,1,0.9082844853401184
fold_07,7,38494,2,2,0.9578171372413635
fold_07,7,38494,3,3,0.9218384623527527
fold_07,7,38641,1,1,0.9247073531150818
fold_07,7,38641,2,2,0.9021741151809692
fold_07,7,38641,3,3,0.9293090105056763
fold_07,7,38794,1,1,0.9558141827583313
fold_07,7,38794,2,2,0.8995925188064575
fold_07,7,38794,3,3,0.9426270127296448
fold_07,7,38817,1,1,0.9454098343849182
fold_07,7,38817,2,2,0.9319574236869812
fold_07,7,38817,3,3,0.93145352602005
fold_07,7,38829,1,1,0.9300193786621094
fold_07,7,38829,2,2,0.9335712194442749
fold_07,7,38829,3,3,0.9160727858543396
fold_07,7,38853,1,1,0.93570476770401
fold_07,7,38853,2,2,0.932310938835144
fold_07,7,38853,3,3,0.9424639940261841
fold_07,7,38978,1,1,0.9536585807800293
fold_07,7,38978,2,2,0.9265532493591309
fold_07,7,38978,3,3,0.940429151058197
fold_07,7,39289,1,1,0.9499469995498657
fold_07,7,39289,2,2,0.9509053826332092
fold_07,7,39289,3,3,0.9255524277687073
fold_07,7,39369,1,1,0.9120686054229736
fold_07,7,39369,2,2,0.9381649494171143
fold_07,7,39369,3,3,0.932359516620636
fold_07,7,39402,1,1,0.9548921585083008
fold_07,7,39402,2,2,0.9378070831298828
fold_07,7,39402,3,3,0.9430270791053772
fold_07,7,39841,1,1,0.9388463497161865
fold_07,7,39841,2,2,0.9425161480903625
fold_07,7,39841,3,3,0.9568140506744385
fold_07,7,39997,1,1,0.9411363005638123
fold_07,7,39997,2,2,0.9377455711364746
fold_07,7,39997,3,3,0.9601736068725586
fold_07,7,40153,1,1,0.9190255403518677
fold_07,7,40153,2,2,0.9329978823661804
fold_07,7,40153,3,3,0.9212985634803772
fold_07,7,40235,1,1,0.8837265372276306
fold_07,7,40235,2,2,0.9237875938415527
fold_07,7,40235,3,3,0.874447762966156
fold_07,7,40423,1,1,0.8675873279571533
fold_07,7,40423,2,2,0.9315725564956665
fold_07,7,40423,3,3,0.8768637180328369
fold_07,7,40548,1,1,0.9233316779136658
fold_07,7,40548,2,2,0.9495222568511963
fold_07,7,40548,3,3,0.9681480526924133
fold_07,7,40575,1,1,0.9519850611686707
fold_07,7,40575,2,2,0.9476242065429688
fold_07,7,40575,3,3,0.955323338508606
fold_07,7,40721,1,1,0.8944218158721924
fold_07,7,40721,2,2,0.915771484375
fold_07,7,40721,3,3,0.9092923402786255
fold_07,7,40770,1,1,0.9449480175971985
fold_07,7,40770,2,2,0.9360965490341187
fold_07,7,40770,3,3,0.9485371112823486
fold_07,7,40840,1,1,0.9500794410705566
fold_07,7,40840,2,2,0.9203677773475647
fold_07,7,40840,3,3,0.9303990602493286
fold_07,7,40846,1,1,0.899520218372345
fold_07,7,40846,2,2,0.9233384132385254
fold_07,7,40846,3,3,0.9005645513534546
fold_07,7,40909,1,1,0.9564052820205688
fold_07,7,40909,2,2,0.9430638551712036
fold_07,7,40909,3,3,0.9509788751602173
fold_07,7,40924,1,1,0.9200891852378845
fold_07,7,40924,2,2,0.9339697957038879
fold_07,7,40924,3,3,0.9544830918312073
fold_07,7,40935,1,1,0.949388861656189
fold_07,7,40935,2,2,0.9230387806892395
fold_07,7,40935,3,3,0.9291313886642456
fold_07,7,40979,1,1,0.7768447995185852
fold_07,7,40979,2,2,0.948405921459198
fold_07,7,40979,3,3,0.8601454496383667
fold_07,7,41056,1,1,0.9463657736778259
fold_07,7,41056,2,2,0.9129044413566589
fold_07,7,41056,3,3,0.9438110589981079
fold_07,7,41097,1,1,0.9355782270431519
fold_07,7,41097,2,2,0.9417533278465271
fold_07,7,41097,3,3,0.9402971267700195
fold_07,7,41116,1,1,0.9521380662918091
fold_07,7,41116,2,2,0.9419643878936768
fold_07,7,41116,3,3,0.9325165748596191
fold_07,7,41137,1,1,0.9375530481338501
fold_07,7,41137,2,2,0.9350125789642334
fold_07,7,41137,3,3,0.944226861000061
fold_07,7,41162,1,1,0.9344775080680847
fold_07,7,41162,2,2,0.9385180473327637
fold_07,7,41162,3,3,0.9068173766136169
fold_07,7,41482,1,1,0.9162065386772156
fold_07,7,41482,2,2,0.9503167867660522
fold_07,7,41482,3,3,0.8262454271316528
fold_07,7,41566,1,1,0.8835381865501404
fold_07,7,41566,2,2,0.9574711322784424
fold_07,7,41566,3,3,0.9417095184326172
fold_07,7,41653,1,1,0.9146475195884705
fold_07,7,41653,2,2,0.9363415837287903
fold_07,7,41653,3,3,0.8788905143737793
fold_07,7,41710,1,1,0.9144564270973206
fold_07,7,41710,2,2,0.9592435359954834
fold_07,7,41710,3,3,0.9403782486915588
fold_07,7,41778,1,1,0.9434887170791626
fold_07,7,41778,2,2,0.9555460214614868
fold_07,7,41778,3,3,0.7250024676322937
fold_07,7,41814,1,1,0.9571901559829712
fold_07,7,41814,2,2,0.9417001008987427
fold_07,7,41814,3,3,0.9511100649833679
fold_07,7,41927,1,1,0.9316462874412537
fold_07,7,41927,2,2,0.9374822378158569
fold_07,7,41927,3,3,0.9413356184959412
fold_07,7,41934,1,1,0.9325808882713318
fold_07,7,41934,2,2,0.9308680891990662
fold_07,7,41934,3,3,0.9267943501472473
fold_07,7,42007,1,1,0.9126196503639221
fold_07,7,42007,2,2,0.9166267514228821
fold_07,7,42007,3,3,0.9306820631027222
fold_07,7,42126,1,1,0.9466700553894043
fold_07,7,42126,2,2,0.9437494874000549
fold_07,7,42126,3,3,0.8353636860847473
fold_07,7,42166,1,1,0.9402577877044678
fold_07,7,42166,2,2,0.9185854196548462
fold_07,7,42166,3,3,0.9195385575294495
fold_07,7,42171,1,1,0.921798050403595
fold_07,7,42171,2,2,0.9432204961776733
fold_07,7,42171,3,3,0.9531392455101013
fold_07,7,42214,1,1,0.939122200012207
fold_07,7,42214,2,2,0.9219248294830322
fold_07,7,42214,3,3,0.9487096071243286
fold_07,7,42224,1,1,0.9549991488456726
fold_07,7,42224,2,2,0.9586485624313354
fold_07,7,42224,3,3,0.9423048496246338
fold_07,7,42299,1,1,0.9528616666793823
fold_07,7,42299,2,2,0.9172654151916504
fold_07,7,42299,3,3,0.9269222021102905
fold_07,7,42473,1,1,0.9293546676635742
fold_07,7,42473,2,2,0.9541053771972656
fold_07,7,42473,3,3,0.9381829500198364
fold_07,7,42563,1,1,0.9489341378211975
fold_07,7,42563,2,2,0.9573847651481628
fold_07,7,42563,3,3,0.9428255558013916
fold_07,7,42642,1,1,0.9479618072509766
fold_07,7,42642,2,2,0.9492456316947937
fold_07,7,42642,3,3,0.8893629312515259
fold_07,7,42697,1,1,0.9434157609939575
fold_07,7,42697,2,2,0.9318199753761292
fold_07,7,42697,3,3,0.9365919828414917
fold_07,7,42781,1,1,0.9508727788925171
fold_07,7,42781,2,2,0.9424610137939453
fold_07,7,42781,3,3,0.9274340867996216
fold_07,7,42851,1,1,0.9245617985725403
fold_07,7,42851,2,2,0.9247809648513794
fold_07,7,42851,3,3,0.9537245631217957
fold_07,7,42912,1,1,0.9326006174087524
fold_07,7,42912,2,2,0.9350001811981201
fold_07,7,42912,3,3,0.9284780621528625
fold_07,7,42946,1,1,0.949810266494751
fold_07,7,42946,2,2,0.928960919380188
fold_07,7,42946,3,3,0.944058358669281
fold_07,7,42980,1,1,0.9519914984703064
fold_07,7,42980,2,2,0.918943464756012
fold_07,7,42980,3,3,0.9414348602294922
fold_07,7,43107,1,1,0.8956988453865051
fold_07,7,43107,2,2,0.9433351159095764
fold_07,7,43107,3,3,0.9307174682617188
fold_07,7,43157,1,1,0.9096587300300598
fold_07,7,43157,2,2,0.9404692053794861
fold_07,7,43157,3,3,0.918316125869751
fold_07,7,43159,1,1,0.8483179211616516
fold_07,7,43159,2,2,0.921161949634552
fold_07,7,43159,3,3,0.9424964785575867
fold_07,7,43164,1,1,0.9289063811302185
fold_07,7,43164,2,2,0.9015073180198669
fold_07,7,43164,3,3,0.9389162659645081
fold_07,7,43224,1,1,0.9277322292327881
fold_07,7,43224,2,2,0.9260181188583374
fold_07,7,43224,3,3,0.9087820053100586
fold_07,7,43250,1,1,0.9280915260314941
fold_07,7,43250,2,2,0.9137099981307983
fold_07,7,43250,3,3,0.8639288544654846
fold_07,7,43428,1,1,0.9360041618347168
fold_07,7,43428,2,2,0.940623939037323
fold_07,7,43428,3,3,0.9542729258537292
fold_07,7,43445,1,1,0.944530725479126
fold_07,7,43445,2,2,0.8729357123374939
fold_07,7,43445,3,3,0.9231193661689758
fold_07,7,43465,1,1,0.9389925599098206
fold_07,7,43465,2,2,0.9390811920166016
fold_07,7,43465,3,3,0.9000080823898315
fold_07,7,43619,1,1,0.9309037923812866
fold_07,7,43619,2,2,0.9464234709739685
fold_07,7,43619,3,3,0.9127188920974731
fold_07,7,43675,1,1,0.9480364322662354
fold_07,7,43675,2,2,0.9456387758255005
fold_07,7,43675,3,3,0.9439718127250671
fold_07,7,43689,1,1,0.9146111607551575
fold_07,7,43689,2,2,0.943139910697937
fold_07,7,43689,3,3,0.9367535710334778
fold_07,7,43746,1,1,0.9434093832969666
fold_07,7,43746,2,2,0.9400113821029663
fold_07,7,43746,3,3,0.9124064445495605
fold_07,7,43818,1,1,0.9281441569328308
fold_07,7,43818,2,2,0.9269475936889648
fold_07,7,43818,3,3,0.9314661622047424
fold_07,7,43820,1,1,0.9389376044273376
fold_07,7,43820,2,2,0.9423600435256958
fold_07,7,43820,3,3,0.9592196345329285
fold_07,7,43852,1,1,0.9215059280395508
fold_07,7,43852,2,2,0.9373581409454346
fold_07,7,43852,3,3,0.9440785646438599
fold_07,7,43950,1,1,0.9436594247817993
fold_07,7,43950,2,2,0.9450204372406006
fold_07,7,43950,3,3,0.9218296408653259
fold_07,7,43984,1,1,0.9470528364181519
fold_07,7,43984,2,2,0.9306171536445618
fold_07,7,43984,3,3,0.9495294094085693
fold_07,7,44052,1,1,0.9515469074249268
fold_07,7,44052,2,2,0.9286949634552002
fold_07,7,44052,3,3,0.9224076271057129
fold_07,7,44138,1,1,0.939574658870697
fold_07,7,44138,2,2,0.9357244372367859
fold_07,7,44138,3,3,0.8638142347335815
fold_07,7,44144,1,1,0.9413174390792847
fold_07,7,44144,2,2,0.9369922280311584
fold_07,7,44144,3,3,0.9373254776000977
fold_07,7,44705,1,1,0.9292017817497253
fold_07,7,44705,2,2,0.9095537066459656
fold_07,7,44705,3,3,0.9430561661720276
fold_07,7,44720,1,1,0.9230319857597351
fold_07,7,44720,2,2,0.9198470711708069
fold_07,7,44720,3,3,0.8798442482948303
fold_07,7,44844,1,1,0.9575968384742737
fold_07,7,44844,2,2,0.9283737540245056
fold_07,7,44844,3,3,0.9179571270942688
fold_07,7,44971,1,1,0.9341996908187866
fold_07,7,44971,2,2,0.9143368005752563
fold_07,7,44971,3,3,0.9379868507385254
fold_07,7,44980,1,1,0.9462820887565613
fold_07,7,44980,2,2,0.9416043758392334
fold_07,7,44980,3,3,0.9315165281295776
fold_07,7,45129,1,1,0.9477527141571045
fold_07,7,45129,2,2,0.9403064250946045
fold_07,7,45129,3,3,0.9514198899269104
fold_07,7,45213,1,1,0.9212402105331421
fold_07,7,45213,2,2,0.9351902008056641
fold_07,7,45213,3,3,0.945133626461029
fold_07,7,45356,1,1,0.9316270351409912
fold_07,7,45356,2,2,0.9167871475219727
fold_07,7,45356,3,3,0.9517586827278137
fold_07,7,45595,1,1,0.9292208552360535
fold_07,7,45595,2,2,0.9404553771018982
fold_07,7,45595,3,3,0.9189597368240356
fold_07,7,45632,1,1,0.9301370978355408
fold_07,7,45632,2,2,0.9294590950012207
fold_07,7,45632,3,3,0.9303318858146667
fold_07,7,45750,1,1,0.9068666696548462
fold_07,7,45750,2,2,0.92951899766922
fold_07,7,45750,3,3,0.9372041821479797
fold_07,7,45837,1,1,0.9558912515640259
fold_07,7,45837,2,2,0.9267049431800842
fold_07,7,45837,3,3,0.9394074082374573
fold_07,7,45843,1,1,0.9485228657722473
fold_07,7,45843,2,2,0.925369381904602
fold_07,7,45843,3,3,0.8913934230804443
fold_07,7,45945,1,1,0.9481349587440491
fold_07,7,45945,2,2,0.9211559295654297
fold_07,7,45945,3,3,0.898485004901886
fold_07,7,45981,1,1,0.9260760545730591
fold_07,7,45981,2,2,0.9520581364631653
fold_07,7,45981,3,3,0.924519956111908
fold_07,7,46002,1,1,0.9378505945205688
fold_07,7,46002,2,2,0.9274817109107971
fold_07,7,46002,3,3,0.9331333041191101
fold_07,7,46036,1,1,0.9153686761856079
fold_07,7,46036,2,2,0.9533120393753052
fold_07,7,46036,3,3,0.9397717118263245
fold_07,7,46150,1,1,0.9274818301200867
fold_07,7,46150,2,2,0.9498520493507385
fold_07,7,46150,3,3,0.9292483925819397
fold_07,7,46160,1,1,0.9240813851356506
fold_07,7,46160,2,2,0.927056074142456
fold_07,7,46160,3,3,0.9106682538986206
fold_07,7,46274,1,1,0.9299537539482117
fold_07,7,46274,2,2,0.91600501537323
fold_07,7,46274,3,3,0.8603777885437012
fold_07,7,46321,1,1,0.9425588250160217
fold_07,7,46321,2,2,0.934408962726593
fold_07,7,46321,3,3,0.9535492062568665
fold_07,7,46372,1,1,0.9178247451782227
fold_07,7,46372,2,2,0.9009197950363159
fold_07,7,46372,3,3,0.9152793884277344
fold_07,7,46380,1,1,0.940589964389801
fold_07,7,46380,2,2,0.9427428245544434
fold_07,7,46380,3,3,0.9123752117156982
fold_07,7,46460,1,1,0.9496015906333923
fold_07,7,46460,2,2,0.9440851807594299
fold_07,7,46460,3,3,0.9165361523628235
fold_07,7,46462,1,1,0.9398279786109924
fold_07,7,46462,2,2,0.9498606324195862
fold_07,7,46462,3,3,0.9424578547477722
fold_07,7,46523,1,1,0.9126629829406738
fold_07,7,46523,2,2,0.9408213496208191
fold_07,7,46523,3,3,0.9251394271850586
fold_07,7,46642,1,1,0.9535730481147766
fold_07,7,46642,2,2,0.7647700905799866
fold_07,7,46642,3,3,0.9048124551773071
fold_07,7,46661,1,1,0.9052646160125732
fold_07,7,46661,2,2,0.9537978768348694
fold_07,7,46661,3,3,0.934914231300354
fold_07,7,46806,1,1,0.9392894506454468
fold_07,7,46806,2,2,0.9337877631187439
fold_07,7,46806,3,3,0.9505856037139893
fold_07,7,46835,1,1,0.917259931564331
fold_07,7,46835,2,2,0.9616777300834656
fold_07,7,46835,3,3,0.9070032835006714
fold_07,7,46861,1,1,0.9214664697647095
fold_07,7,46861,2,2,0.9399552941322327
fold_07,7,46861,3,3,0.9356951713562012
fold_07,7,47033,1,1,0.8671095967292786
fold_07,7,47033,2,2,0.956801176071167
fold_07,7,47033,3,3,0.900511622428894
fold_07,7,47070,1,1,0.896958589553833
fold_07,7,47070,2,2,0.9332835674285889
fold_07,7,47070,3,3,0.9077825546264648
fold_07,7,47099,1,1,0.9395655393600464
fold_07,7,47099,2,2,0.9527963399887085
fold_07,7,47099,3,3,0.9487248063087463
fold_07,7,47290,1,1,0.9252535700798035
fold_07,7,47290,2,2,0.9287286996841431
fold_07,7,47290,3,3,0.8990765810012817
fold_07,7,47293,1,1,0.930895984172821
fold_07,7,47293,2,2,0.9458012580871582
fold_07,7,47293,3,3,0.9542965292930603
fold_07,7,47321,1,1,0.9180972576141357
fold_07,7,47321,2,2,0.9402607679367065
fold_07,7,47321,3,3,0.9232573509216309
fold_07,7,47408,1,1,0.9335496425628662
fold_07,7,47408,2,2,0.9437634348869324
fold_07,7,47408,3,3,0.9222559928894043
fold_07,7,47600,1,1,0.9364697337150574
fold_07,7,47600,2,2,0.9526967406272888
fold_07,7,47600,3,3,0.9477000832557678
fold_07,7,47687,1,1,0.9325898289680481
fold_07,7,47687,2,2,0.9003497958183289
fold_07,7,47687,3,3,0.9285681843757629
fold_07,7,48157,1,1,0.9210718870162964
fold_07,7,48157,2,2,0.9266715049743652
fold_07,7,48157,3,3,0.9333646297454834
fold_07,7,48260,1,1,0.8968327045440674
fold_07,7,48260,2,2,0.9491133689880371
fold_07,7,48260,3,3,0.9355960488319397
fold_07,7,48374,1,1,0.9164042472839355
fold_07,7,48374,2,2,0.9548211693763733
fold_07,7,48374,3,3,0.9413397312164307
fold_07,7,48379,1,1,0.9444952011108398
fold_07,7,48379,2,2,0.9192299842834473
fold_07,7,48379,3,3,0.8570393919944763
fold_07,7,48393,1,1,0.9302517175674438
fold_07,7,48393,2,2,0.9342173337936401
fold_07,7,48393,3,3,0.8605002760887146
fold_07,7,48422,1,1,0.9381345510482788
fold_07,7,48422,2,2,0.9209381341934204
fold_07,7,48422,3,3,0.94286048412323
fold_07,7,48508,1,1,0.957205593585968
fold_07,7,48508,2,2,0.9214982986450195
fold_07,7,48508,3,3,0.9548788666725159
fold_07,7,48530,1,1,0.8967803716659546
fold_07,7,48530,2,2,0.9414401054382324
fold_07,7,48530,3,3,0.9515109062194824
fold_07,7,48617,1,1,0.9570043087005615
fold_07,7,48617,2,2,0.7453934550285339
fold_07,7,48617,3,3,0.9337010383605957
fold_07,7,48622,1,1,0.9505650401115417
fold_07,7,48622,2,2,0.9524633884429932
fold_07,7,48622,3,3,0.9496567249298096
fold_07,7,48679,1,1,0.9584588408470154
fold_07,7,48679,2,2,0.9605528116226196
fold_07,7,48679,3,3,0.9491468667984009
fold_07,7,48681,1,1,0.9412878155708313
fold_07,7,48681,2,2,0.8739216923713684
fold_07,7,48681,3,3,0.9024151563644409
fold_07,7,48802,1,1,0.9402135610580444
fold_07,7,48802,2,2,0.9231328964233398
fold_07,7,48802,3,3,0.9532687067985535
fold_07,7,48839,1,1,0.9235643744468689
fold_07,7,48839,2,2,0.9516855478286743
fold_07,7,48839,3,3,0.9365352392196655
fold_07,7,49076,1,1,0.9163585901260376
fold_07,7,49076,2,2,0.9200108051300049
fold_07,7,49076,3,3,0.9362514019012451
fold_07,7,49466,1,1,0.9330957531929016
fold_07,7,49466,2,2,0.8981422185897827
fold_07,7,49466,3,3,0.9388772249221802
fold_07,7,49480,1,1,0.923646867275238
fold_07,7,49480,2,2,0.8852607011795044
fold_07,7,49480,3,3,0.8907819986343384
fold_07,7,49731,1,1,0.9261646866798401
fold_07,7,49731,2,2,0.9417518377304077
fold_07,7,49731,3,3,0.9466691017150879
fold_07,7,49944,1,1,0.9130457639694214
fold_07,7,49944,2,2,0.9350486397743225
fold_07,7,49944,3,3,0.9526579976081848
fold_07,7,49955,1,1,0.9477572441101074
fold_07,7,49955,2,2,0.9505344033241272
fold_07,7,49955,3,3,0.9453127384185791
fold_07,7,49957,1,1,0.9495073556900024
fold_07,7,49957,2,2,0.916502833366394
fold_07,7,49957,3,3,0.9512435793876648
fold_07,7,49969,1,1,0.9373985528945923
fold_07,7,49969,2,2,0.9592284560203552
fold_07,7,49969,3,3,0.9251119494438171
fold_07,7,49979,1,1,0.9517121911048889
fold_07,7,49979,2,2,0.9149802923202515
fold_07,7,49979,3,3,0.8657304644584656
fold_07,7,50114,1,1,0.9387533068656921
fold_07,7,50114,2,2,0.9405331611633301
fold_07,7,50114,3,3,0.9418076872825623
fold_07,7,50170,1,1,0.9355406165122986
fold_07,7,50170,2,2,0.9211791157722473
fold_07,7,50170,3,3,0.9216114282608032
fold_07,7,50653,1,1,0.9141528606414795
fold_07,7,50653,2,2,0.951855480670929
fold_07,7,50653,3,3,0.9485443830490112
fold_07,7,50734,1,1,0.9326112866401672
fold_07,7,50734,2,2,0.8669094443321228
fold_07,7,50734,3,3,0.9394717812538147
fold_07,7,50755,1,1,0.9345591068267822
fold_07,7,50755,2,2,0.9419382810592651
fold_07,7,50755,3,3,0.9354596138000488
fold_07,7,50811,1,1,0.9056215286254883
fold_07,7,50811,2,2,0.9452124238014221
fold_07,7,50811,3,3,0.9346577525138855
fold_07,7,50882,1,1,0.9446927309036255
fold_07,7,50882,2,2,0.940248966217041
fold_07,7,50882,3,3,0.9016022086143494
fold_07,7,51062,1,1,0.9411700963973999
fold_07,7,51062,2,2,0.9313526749610901
fold_07,7,51062,3,3,0.9084324836730957
fold_07,7,51077,1,1,0.9406543970108032
fold_07,7,51077,2,2,0.943411111831665
fold_07,7,51077,3,3,0.9328460693359375
fold_07,7,51148,1,1,0.9507963061332703
fold_07,7,51148,2,2,0.9534847140312195
fold_07,7,51148,3,3,0.9527680277824402
fold_07,7,51171,1,1,0.9102243185043335
fold_07,7,51171,2,2,0.8979945182800293
fold_07,7,51171,3,3,0.915643036365509
fold_07,7,51185,1,1,0.9351925849914551
fold_07,7,51185,2,2,0.9407551288604736
fold_07,7,51185,3,3,0.9441103935241699
fold_07,7,51521,1,1,0.9072277545928955
fold_07,7,51521,2,2,0.9567341208457947
fold_07,7,51521,3,3,0.9500080943107605
fold_07,7,51745,1,1,0.9083287715911865
fold_07,7,51745,2,2,0.9151123762130737
fold_07,7,51745,3,3,0.9125159382820129
fold_07,7,51788,1,1,0.9379258751869202
fold_07,7,51788,2,2,0.9372745156288147
fold_07,7,51788,3,3,0.9098192453384399
fold_07,7,51843,1,1,0.9477625489234924
fold_07,7,51843,2,2,0.9433140158653259
fold_07,7,51843,3,3,0.9252585172653198
fold_07,7,51965,1,1,0.9429246187210083
fold_07,7,51965,2,2,0.9497777223587036
fold_07,7,51965,3,3,0.9454955458641052
fold_07,7,51983,1,1,0.9443063735961914
fold_07,7,51983,2,2,0.9632183313369751
fold_07,7,51983,3,3,0.9446611404418945
fold_07,7,51988,1,1,0.8992590308189392
fold_07,7,51988,2,2,0.9222487807273865
fold_07,7,51988,3,3,0.9256464242935181
fold_07,7,52070,1,1,0.9287152886390686
fold_07,7,52070,2,2,0.9281385540962219
fold_07,7,52070,3,3,0.9082817435264587
fold_07,7,52302,1,1,0.9549061059951782
fold_07,7,52302,2,2,0.9219039082527161
fold_07,7,52302,3,3,0.93026202917099
fold_07,7,52394,1,1,0.9492531418800354
fold_07,7,52394,2,2,0.9314538240432739
fold_07,7,52394,3,3,0.9392588138580322
fold_07,7,52527,1,1,0.9284408688545227
fold_07,7,52527,2,2,0.940934419631958
fold_07,7,52527,3,3,0.8428984880447388
fold_07,7,52554,1,1,0.9411962628364563
fold_07,7,52554,2,2,0.9218600988388062
fold_07,7,52554,3,3,0.9155497550964355
fold_07,7,52596,1,1,0.9531651735305786
fold_07,7,52596,2,2,0.9322348833084106
fold_07,7,52596,3,3,0.8702778816223145
fold_07,7,52652,1,1,0.9350773096084595
fold_07,7,52652,2,2,0.947689414024353
fold_07,7,52652,3,3,0.9019111394882202
fold_07,7,52892,1,1,0.8344696760177612
fold_07,7,52892,2,2,0.9617507457733154
fold_07,7,52892,3,3,0.9496525526046753
fold_07,7,52931,1,1,0.9365282654762268
fold_07,7,52931,2,2,0.942454993724823
fold_07,7,52931,3,3,0.9446511268615723
fold_07,7,53052,1,1,0.9404242038726807
fold_07,7,53052,2,2,0.9377956390380859
fold_07,7,53052,3,3,0.9496640563011169
fold_07,7,53152,1,1,0.9472696781158447
fold_07,7,53152,2,2,0.936123251914978
fold_07,7,53152,3,3,0.9422590136528015
fold_07,7,53155,1,1,0.9100979566574097
fold_07,7,53155,2,2,0.9476097822189331
fold_07,7,53155,3,3,0.9584400653839111
fold_07,7,53157,1,1,0.9238242506980896
fold_07,7,53157,2,2,0.9021250605583191
fold_07,7,53157,3,3,0.9307549595832825
fold_07,7,53270,1,1,0.9117863178253174
fold_07,7,53270,2,2,0.9491965174674988
fold_07,7,53270,3,3,0.9186699986457825
fold_07,7,53370,1,1,0.9503895044326782
fold_07,7,53370,2,2,0.9141244888305664
fold_07,7,53370,3,3,0.9343873858451843
fold_07,7,53511,1,1,0.90731281042099
fold_07,7,53511,2,2,0.961398720741272
fold_07,7,53511,3,3,0.9366509318351746
fold_07,7,53570,1,1,0.9259089827537537
fold_07,7,53570,2,2,0.9413387775421143
fold_07,7,53570,3,3,0.9098243713378906
fold_07,7,53727,1,1,0.9515671133995056
fold_07,7,53727,2,2,0.9013364911079407
fold_07,7,53727,3,3,0.9347058534622192
fold_07,7,53728,1,1,0.9397012591362
fold_07,7,53728,2,2,0.9563205242156982
fold_07,7,53728,3,3,0.9414092898368835
fold_07,7,53773,1,1,0.9430449604988098
fold_07,7,53773,2,2,0.8977305293083191
fold_07,7,53773,3,3,0.9176880717277527
fold_07,7,53858,1,1,0.8773331642150879
fold_07,7,53858,2,2,0.9036157727241516
fold_07,7,53858,3,3,0.9254791736602783
fold_07,7,53881,1,1,0.9522801041603088
fold_07,7,53881,2,2,0.9282803535461426
fold_07,7,53881,3,3,0.9378135800361633
fold_07,7,53891,1,1,0.9318907260894775
fold_07,7,53891,2,2,0.9078837633132935
fold_07,7,53891,3,3,0.9512994289398193
fold_07,7,54078,1,1,0.9282609224319458
fold_07,7,54078,2,2,0.9406794309616089
fold_07,7,54078,3,3,0.8993998765945435
fold_07,7,54257,1,1,0.9504590034484863
fold_07,7,54257,2,2,0.9365943670272827
fold_07,7,54257,3,3,0.874792218208313
fold_07,7,54361,1,1,0.9403982758522034
fold_07,7,54361,2,2,0.8482353091239929
fold_07,7,54361,3,3,0.9254363179206848
fold_07,7,54389,1,1,0.9516720175743103
fold_07,7,54389,2,2,0.9507926106452942
fold_07,7,54389,3,3,0.8808243870735168
fold_07,7,54643,1,1,0.9256400465965271
fold_07,7,54643,2,2,0.9293783903121948
fold_07,7,54643,3,3,0.9315909743309021
fold_07,7,54683,1,1,0.9460382461547852
fold_07,7,54683,2,2,0.9449281096458435
fold_07,7,54683,3,3,0.9358196258544922
fold_07,7,54698,1,1,0.932793915271759
fold_07,7,54698,2,2,0.9103395342826843
fold_07,7,54698,3,3,0.8928741216659546
fold_07,7,54913,1,1,0.9277931451797485
fold_07,7,54913,2,2,0.9190188646316528
fold_07,7,54913,3,3,0.9358022809028625
fold_07,7,54959,1,1,0.9354387521743774
fold_07,7,54959,2,2,0.9407823085784912
fold_07,7,54959,3,3,0.9268782734870911
fold_07,7,55005,1,1,0.9121929407119751
fold_07,7,55005,2,2,0.9570128917694092
fold_07,7,55005,3,3,0.9465822577476501
fold_07,7,55107,1,1,0.9390496015548706
fold_07,7,55107,2,2,0.9285086393356323
fold_07,7,55107,3,3,0.9274647831916809
fold_07,7,55163,1,1,0.9386702179908752
fold_07,7,55163,2,2,0.9570659399032593
fold_07,7,55163,3,3,0.9380017518997192
fold_07,7,55405,1,1,0.9270180463790894
fold_07,7,55405,2,2,0.9454525113105774
fold_07,7,55405,3,3,0.917352020740509
fold_07,7,55408,1,1,0.9385632276535034
fold_07,7,55408,2,2,0.9370274543762207
fold_07,7,55408,3,3,0.9354206323623657
fold_07,7,55526,1,1,0.9098927974700928
fold_07,7,55526,2,2,0.9195140600204468
fold_07,7,55526,3,3,0.9146757125854492
fold_07,7,55649,1,1,0.9455855488777161
fold_07,7,55649,2,2,0.9248029589653015
fold_07,7,55649,3,3,0.9344210624694824
fold_07,7,55669,1,1,0.9509881138801575
fold_07,7,55669,2,2,0.9355831146240234
fold_07,7,55669,3,3,0.9379945993423462
fold_07,7,55678,1,1,0.9300186634063721
fold_07,7,55678,2,2,0.9320367574691772
fold_07,7,55678,3,3,0.9181713461875916
fold_07,7,55857,1,1,0.9428520798683167
fold_07,7,55857,2,2,0.920682430267334
fold_07,7,55857,3,3,0.9298612475395203
fold_07,7,55933,1,1,0.940980076789856
fold_07,7,55933,2,2,0.9305369853973389
fold_07,7,55933,3,3,0.9303460121154785
fold_07,7,55968,1,1,0.928412139415741
fold_07,7,55968,2,2,0.952329158782959
fold_07,7,55968,3,3,0.9314442276954651
fold_07,7,55969,1,1,0.9322315454483032
fold_07,7,55969,2,2,0.9361593127250671
fold_07,7,55969,3,3,0.8589085936546326
fold_07,7,56042,1,1,0.946217954158783
fold_07,7,56042,2,2,0.9276924133300781
fold_07,7,56042,3,3,0.9514210820198059
fold_07,7,56066,1,1,0.9159890413284302
fold_07,7,56066,2,2,0.922882616519928
fold_07,7,56066,3,3,0.9334340691566467
fold_07,7,56154,1,1,0.9062606692314148
fold_07,7,56154,2,2,0.931205153465271
fold_07,7,56154,3,3,0.946950376033783
fold_07,7,56269,1,1,0.90265953540802
fold_07,7,56269,2,2,0.9444200396537781
fold_07,7,56269,3,3,0.949977457523346
fold_07,7,56290,1,1,0.9457091689109802
fold_07,7,56290,2,2,0.9499085545539856
fold_07,7,56290,3,3,0.9379899501800537
fold_07,7,56314,1,1,0.9414668679237366
fold_07,7,56314,2,2,0.9391314387321472
fold_07,7,56314,3,3,0.8272683620452881
fold_07,7,56454,1,1,0.9360185861587524
fold_07,7,56454,2,2,0.9467763304710388
fold_07,7,56454,3,3,0.9336218237876892
fold_07,7,56471,1,1,0.8903937935829163
fold_07,7,56471,2,2,0.9179415702819824
fold_07,7,56471,3,3,0.9073231220245361
fold_07,7,56681,1,1,0.9360426068305969
fold_07,7,56681,2,2,0.9243330955505371
fold_07,7,56681,3,3,0.9172921776771545
fold_07,7,56723,1,1,0.9000101089477539
fold_07,7,56723,2,2,0.9404286742210388
fold_07,7,56723,3,3,0.8939871788024902
fold_07,7,56751,1,1,0.9536396861076355
fold_07,7,56751,2,2,0.939150869846344
fold_07,7,56751,3,3,0.9319117069244385
fold_07,7,56784,1,1,0.9545161724090576
fold_07,7,56784,2,2,0.929314911365509
fold_07,7,56784,3,3,0.9430979490280151
fold_07,7,56850,1,1,0.9359208941459656
fold_07,7,56850,2,2,0.88750821352005
fold_07,7,56850,3,3,0.9565958380699158
fold_07,7,56867,1,1,0.9312834143638611
fold_07,7,56867,2,2,0.9463027715682983
fold_07,7,56867,3,3,0.9592289924621582
fold_07,7,56911,1,1,0.9264997243881226
fold_07,7,56911,2,2,0.9499133825302124
fold_07,7,56911,3,3,0.9413800239562988
fold_07,7,56948,1,1,0.9474295973777771
fold_07,7,56948,2,2,0.8760497570037842
fold_07,7,56948,3,3,0.9328375458717346
fold_07,7,57046,1,1,0.9295434951782227
fold_07,7,57046,2,2,0.9390921592712402
fold_07,7,57046,3,3,0.9004932641983032
fold_07,7,57060,1,1,0.9265717267990112
fold_07,7,57060,2,2,0.9319230318069458
fold_07,7,57060,3,3,0.876093327999115
fold_07,7,57435,1,1,0.8974258899688721
fold_07,7,57435,2,2,0.8993120193481445
fold_07,7,57435,3,3,0.9559586644172668
fold_07,7,57478,1,1,0.9406898617744446
fold_07,7,57478,2,2,0.910651683807373
fold_07,7,57478,3,3,0.9325321912765503
fold_07,7,57553,1,1,0.9008231163024902
fold_07,7,57553,2,2,0.9055623412132263
fold_07,7,57553,3,3,0.948745846748352
fold_07,7,57650,1,1,0.930719792842865
fold_07,7,57650,2,2,0.9494909048080444
fold_07,7,57650,3,3,0.9178144335746765
fold_07,7,57681,1,1,0.9392657279968262
fold_07,7,57681,2,2,0.9431489109992981
fold_07,7,57681,3,3,0.9370104074478149
fold_07,7,57822,1,1,0.949449360370636
fold_07,7,57822,2,2,0.9346047043800354
fold_07,7,57822,3,3,0.9465961456298828
fold_07,7,57838,1,1,0.9465252161026001
fold_07,7,57838,2,2,0.9477856159210205
fold_07,7,57838,3,3,0.923907995223999
fold_07,7,57906,1,1,0.9629847407341003
fold_07,7,57906,2,2,0.9072688817977905
fold_07,7,57906,3,3,0.9500024318695068
fold_07,7,58096,1,1,0.9443600177764893
fold_07,7,58096,2,2,0.9434523582458496
fold_07,7,58096,3,3,0.8801530599594116
fold_07,7,58144,1,1,0.9480646252632141
fold_07,7,58144,2,2,0.9063743948936462
fold_07,7,58144,3,3,0.9203061461448669
fold_07,7,58164,1,1,0.942815363407135
fold_07,7,58164,2,2,0.946768045425415
fold_07,7,58164,3,3,0.9185639023780823
fold_07,7,58187,1,1,0.9500707983970642
fold_07,7,58187,2,2,0.9465012550354004
fold_07,7,58187,3,3,0.7352061867713928
fold_07,7,58404,1,1,0.9384641647338867
fold_07,7,58404,2,2,0.9437273144721985
fold_07,7,58404,3,3,0.9220244884490967
fold_07,7,59023,1,1,0.9531440734863281
fold_07,7,59023,2,2,0.9481181502342224
fold_07,7,59023,3,3,0.9239994287490845
fold_07,7,59039,1,1,0.9332385659217834
fold_07,7,59039,2,2,0.9568960070610046
fold_07,7,59039,3,3,0.924178957939148
fold_07,7,59046,1,1,0.8177556395530701
fold_07,7,59046,2,2,0.9523820281028748
fold_07,7,59046,3,3,0.8991745710372925
fold_07,7,59194,1,1,0.94609135389328
fold_07,7,59194,2,2,0.9358398914337158
fold_07,7,59194,3,3,0.9473189115524292
fold_07,7,59284,1,1,0.8952248096466064
fold_07,7,59284,2,2,0.9119149446487427
fold_07,7,59284,3,3,0.8797563314437866
fold_07,7,59585,1,1,0.8583646416664124
fold_07,7,59585,2,2,0.9350955486297607
fold_07,7,59585,3,3,0.9399538040161133
fold_07,7,59595,1,1,0.9250792264938354
fold_07,7,59595,2,2,0.9456499218940735
fold_07,7,59595,3,3,0.9555190801620483
fold_07,7,59631,1,1,0.9241467714309692
fold_07,7,59631,2,2,0.9244195818901062
fold_07,7,59631,3,3,0.9219876527786255
fold_07,7,59699,1,1,0.9070613980293274
fold_07,7,59699,2,2,0.9465956687927246
fold_07,7,59699,3,3,0.923638641834259
fold_07,7,59817,1,1,0.8845480680465698
fold_07,7,59817,2,2,0.9243891835212708
fold_07,7,59817,3,3,0.9215652346611023
fold_07,7,59994,1,1,0.9360323548316956
fold_07,7,59994,2,2,0.9242815971374512
fold_07,7,59994,3,3,0.9152474403381348
fold_07,7,60094,1,1,0.8930135369300842
fold_07,7,60094,2,2,0.8484678864479065
fold_07,7,60094,3,3,0.9281793236732483
fold_07,7,60186,1,1,0.9282745122909546
fold_07,7,60186,2,2,0.9326406121253967
fold_07,7,60186,3,3,0.9386271238327026
fold_07,7,60251,1,1,0.9114773869514465
fold_07,7,60251,2,2,0.9332786798477173
fold_07,7,60251,3,3,0.9303386807441711
fold_07,7,60305,1,1,0.9279624819755554
fold_07,7,60305,2,2,0.9141550660133362
fold_07,7,60305,3,3,0.9507703185081482
fold_07,7,60505,1,1,0.92845219373703
fold_07,7,60505,2,2,0.8330942988395691
fold_07,7,60505,3,3,0.9402533769607544
fold_07,7,60553,1,1,0.9336535334587097
fold_07,7,60553,2,2,0.9022555351257324
fold_07,7,60553,3,3,0.9439662098884583
fold_07,7,60845,1,1,0.9313166737556458
fold_07,7,60845,2,2,0.9275388121604919
fold_07,7,60845,3,3,0.9278213977813721
fold_07,7,60867,1,1,0.8841058015823364
fold_07,7,60867,2,2,0.9153692722320557
fold_07,7,60867,3,3,0.9520891308784485
fold_07,7,61122,1,1,0.9469394683837891
fold_07,7,61122,2,2,0.9084618091583252
fold_07,7,61122,3,3,0.9569337964057922
fold_07,7,61133,1,1,0.9317366480827332
fold_07,7,61133,2,2,0.9510658979415894
fold_07,7,61133,3,3,0.935912549495697
fold_07,7,61177,1,1,0.7249268293380737
fold_07,7,61177,2,2,0.9233884811401367
fold_07,7,61177,3,3,0.9513273239135742
fold_07,7,61216,1,1,0.9122379422187805
fold_07,7,61216,2,2,0.9287309050559998
fold_07,7,61216,3,3,0.9512583017349243
fold_07,7,61510,1,1,0.9528660178184509
fold_07,7,61510,2,2,0.9451757073402405
fold_07,7,61510,3,3,0.9519580006599426
fold_07,7,61513,1,1,0.903962254524231
fold_07,7,61513,2,2,0.911292552947998
fold_07,7,61513,3,3,0.8872987031936646
fold_07,7,61677,1,1,0.933282732963562
fold_07,7,61677,2,2,0.9338012933731079
fold_07,7,61677,3,3,0.9337078928947449
fold_07,7,61738,1,1,0.9474672675132751
fold_07,7,61738,2,2,0.9453615546226501
fold_07,7,61738,3,3,0.956277072429657
fold_07,7,61748,1,1,0.9566425681114197
fold_07,7,61748,2,2,0.9241270422935486
fold_07,7,61748,3,3,0.9014154672622681
fold_07,7,61752,1,1,0.9039198160171509
fold_07,7,61752,2,2,0.9393950700759888
fold_07,7,61752,3,3,0.8664145469665527
fold_07,7,61797,1,1,0.9052411317825317
fold_07,7,61797,2,2,0.9509193301200867
fold_07,7,61797,3,3,0.9438519477844238
fold_07,7,61809,1,1,0.9495409727096558
fold_07,7,61809,2,2,0.9255932569503784
fold_07,7,61809,3,3,0.9397592544555664
fold_07,7,61873,1,1,0.9325708746910095
fold_07,7,61873,2,2,0.9161759614944458
fold_07,7,61873,3,3,0.9528860449790955
fold_07,7,61972,1,1,0.9190972447395325
fold_07,7,61972,2,2,0.94961017370224
fold_07,7,61972,3,3,0.9259681701660156
fold_07,7,62006,1,1,0.9165641665458679
fold_07,7,62006,2,2,0.942167341709137
fold_07,7,62006,3,3,0.9379939436912537
fold_07,7,62015,1,1,0.8719021677970886
fold_07,7,62015,2,2,0.9216810464859009
fold_07,7,62015,3,3,0.906800389289856
fold_07,7,62209,1,1,0.9193175435066223
fold_07,7,62209,2,2,0.9238049983978271
fold_07,7,62209,3,3,0.9282829165458679
fold_07,7,62228,1,1,0.9466838240623474
fold_07,7,62228,2,2,0.9086909294128418
fold_07,7,62228,3,3,0.9241958856582642
fold_07,7,62275,1,1,0.9138934016227722
fold_07,7,62275,2,2,0.8914821743965149
fold_07,7,62275,3,3,0.6981757283210754
fold_07,7,62302,1,1,0.9213624000549316
fold_07,7,62302,2,2,0.9280276298522949
fold_07,7,62302,3,3,0.9227532744407654
fold_07,7,62479,1,1,0.9436167478561401
fold_07,7,62479,2,2,0.9203099012374878
fold_07,7,62479,3,3,0.9419100284576416
fold_07,7,62544,1,1,0.9255462288856506
fold_07,7,62544,2,2,0.9380257725715637
fold_07,7,62544,3,3,0.9468396306037903
fold_07,7,62561,1,1,0.9480419158935547
fold_07,7,62561,2,2,0.9242841005325317
fold_07,7,62561,3,3,0.9060817956924438
fold_07,7,62683,1,1,0.9477888345718384
fold_07,7,62683,2,2,0.9087299704551697
fold_07,7,62683,3,3,0.915827751159668
fold_07,7,62960,1,1,0.9131255149841309
fold_07,7,62960,2,2,0.9643300771713257
fold_07,7,62960,3,3,0.9355420470237732
fold_07,7,63081,1,1,0.9201374650001526
fold_07,7,63081,2,2,0.9343124032020569
fold_07,7,63081,3,3,0.9444459676742554
fold_07,7,63182,1,1,0.9390789866447449
fold_07,7,63182,2,2,0.9500337839126587
fold_07,7,63182,3,3,0.9074371457099915
fold_07,7,63746,1,1,0.9279512763023376
fold_07,7,63746,2,2,0.9049973487854004
fold_07,7,63746,3,3,0.9261070489883423
fold_07,7,63825,1,1,0.9362668395042419
fold_07,7,63825,2,2,0.934693455696106
fold_07,7,63825,3,3,0.9508276581764221
fold_07,7,63931,1,1,0.9408183693885803
fold_07,7,63931,2,2,0.9312658309936523
fold_07,7,63931,3,3,0.954861581325531
fold_07,7,63944,1,1,0.9393333196640015
fold_07,7,63944,2,2,0.9286525845527649
fold_07,7,63944,3,3,0.8916680812835693
fold_07,7,64004,1,1,0.9220394492149353
fold_07,7,64004,2,2,0.944904088973999
fold_07,7,64004,3,3,0.9085686206817627
fold_07,7,64096,1,1,0.929820716381073
fold_07,7,64096,2,2,0.954505980014801
fold_07,7,64096,3,3,0.8772186636924744
fold_07,7,64295,1,1,0.9465670585632324
fold_07,7,64295,2,2,0.9234135150909424
fold_07,7,64295,3,3,0.9356513619422913
fold_07,7,64483,1,1,0.9289675354957581
fold_07,7,64483,2,2,0.9492611289024353
fold_07,7,64483,3,3,0.8655878305435181
fold_07,7,64498,1,1,0.9471687078475952
fold_07,7,64498,2,2,0.9250879883766174
fold_07,7,64498,3,3,0.9268902540206909
fold_07,7,64615,1,1,0.9441031217575073
fold_07,7,64615,2,2,0.9392292499542236
fold_07,7,64615,3,3,0.9332591891288757
fold_07,7,64621,1,1,0.947625458240509
fold_07,7,64621,2,2,0.9065810441970825
fold_07,7,64621,3,3,0.9303206205368042
fold_07,7,64867,1,1,0.933509349822998
fold_07,7,64867,2,2,0.9358165264129639
fold_07,7,64867,3,3,0.9279921054840088
fold_07,7,64880,1,1,0.9181517362594604
fold_07,7,64880,2,2,0.9207411408424377
fold_07,7,64880,3,3,0.9122658967971802
fold_07,7,65010,1,1,0.9122028350830078
fold_07,7,65010,2,2,0.9348666071891785
fold_07,7,65010,3,3,0.9303698539733887
fold_07,7,65069,1,1,0.9448390007019043
fold_07,7,65069,2,2,0.9423588514328003
fold_07,7,65069,3,3,0.927847146987915
fold_07,7,65148,1,1,0.9417348504066467
fold_07,7,65148,2,2,0.9012166261672974
fold_07,7,65148,3,3,0.9101322293281555
fold_07,7,65187,1,1,0.9512668251991272
fold_07,7,65187,2,2,0.9141866564750671
fold_07,7,65187,3,3,0.9269678592681885
fold_07,7,65253,1,1,0.9480231404304504
fold_07,7,65253,2,2,0.9402309656143188
fold_07,7,65253,3,3,0.930002748966217
fold_07,7,65267,1,1,0.9437742233276367
fold_07,7,65267,2,2,0.9114668965339661
fold_07,7,65267,3,3,0.8966502547264099
fold_07,7,65376,1,1,0.933275043964386
fold_07,7,65376,2,2,0.9306512475013733
fold_07,7,65376,3,3,0.9441460967063904
fold_07,7,65445,1,1,0.911187469959259
fold_07,7,65445,2,2,0.8412731885910034
fold_07,7,65445,3,3,0.8864945769309998
fold_07,7,65639,1,1,0.9367536306381226
fold_07,7,65639,2,2,0.9481960535049438
fold_07,7,65639,3,3,0.9341068863868713
fold_07,7,65686,1,1,0.9138480424880981
fold_07,7,65686,2,2,0.9230377674102783
fold_07,7,65686,3,3,0.9352997541427612
fold_07,7,65769,1,1,0.9445180296897888
fold_07,7,65769,2,2,0.9363139271736145
fold_07,7,65769,3,3,0.9111077189445496
fold_07,7,65799,1,1,0.9356922507286072
fold_07,7,65799,2,2,0.9406330585479736
fold_07,7,65799,3,3,0.9525131583213806
fold_07,7,65821,1,1,0.9134889245033264
fold_07,7,65821,2,2,0.9348957538604736
fold_07,7,65821,3,3,0.9465152621269226
fold_07,7,65872,1,1,0.9237889647483826
fold_07,7,65872,2,2,0.9331897497177124
fold_07,7,65872,3,3,0.9002309441566467
fold_07,7,65920,1,1,0.8952445387840271
fold_07,7,65920,2,2,0.8876868486404419
fold_07,7,65920,3,3,0.9441221356391907
fold_07,7,65943,1,1,0.929053008556366
fold_07,7,65943,2,2,0.9090696573257446
fold_07,7,65943,3,3,0.9145233631134033
fold_07,7,66004,1,1,0.9286066293716431
fold_07,7,66004,2,2,0.9406325817108154
fold_07,7,66004,3,3,0.9608643651008606
fold_07,7,66216,1,1,0.9573408961296082
fold_07,7,66216,2,2,0.9289954900741577
fold_07,7,66216,3,3,0.933440089225769
fold_07,7,66278,1,1,0.9575211405754089
fold_07,7,66278,2,2,0.9463922381401062
fold_07,7,66278,3,3,0.9154531955718994
fold_07,7,66330,1,1,0.9501543641090393
fold_07,7,66330,2,2,0.9322126507759094
fold_07,7,66330,3,3,0.9457256197929382
fold_07,7,66464,1,1,0.8979342579841614
fold_07,7,66464,2,2,0.92927086353302
fold_07,7,66464,3,3,0.937778890132904
fold_07,7,66489,1,1,0.9360942840576172
fold_07,7,66489,2,2,0.9213247299194336
fold_07,7,66489,3,3,0.931727945804596
fold_07,7,66580,1,1,0.9400153756141663
fold_07,7,66580,2,2,0.939732015132904
fold_07,7,66580,3,3,0.944694995880127
fold_07,7,66773,1,1,0.9174726009368896
fold_07,7,66773,2,2,0.934180498123169
fold_07,7,66773,3,3,0.9415982961654663
fold_07,7,66836,1,1,0.9440172910690308
fold_07,7,66836,2,2,0.940696120262146
fold_07,7,66836,3,3,0.9369252920150757
fold_07,7,66946,1,1,0.9394739270210266
fold_07,7,66946,2,2,0.9048869609832764
fold_07,7,66946,3,3,0.8545594811439514
fold_07,7,66976,1,1,0.9514665603637695
fold_07,7,66976,2,2,0.9427353739738464
fold_07,7,66976,3,3,0.956719160079956
fold_07,7,67045,1,1,0.9548665285110474
fold_07,7,67045,2,2,0.9451282620429993
fold_07,7,67045,3,3,0.8974840044975281
fold_07,7,67113,1,1,0.9234328269958496
fold_07,7,67113,2,2,0.9399077892303467
fold_07,7,67113,3,3,0.9192056655883789
fold_07,7,67168,1,1,0.9467719793319702
fold_07,7,67168,2,2,0.9475842118263245
fold_07,7,67168,3,3,0.9482971429824829
fold_07,7,67204,1,1,0.9290897846221924
fold_07,7,67204,2,2,0.9162231683731079
fold_07,7,67204,3,3,0.9292313456535339
fold_07,7,67237,1,1,0.9417327642440796
fold_07,7,67237,2,2,0.9180505871772766
fold_07,7,67237,3,3,0.9471209645271301
fold_07,7,67295,1,1,0.939143717288971
fold_07,7,67295,2,2,0.9505727887153625
fold_07,7,67295,3,3,0.9347527623176575
fold_07,7,67742,1,1,0.964630663394928
fold_07,7,67742,2,2,0.9445093870162964
fold_07,7,67742,3,3,0.9388436079025269
fold_07,7,67802,1,1,0.9133080244064331
fold_07,7,67802,2,2,0.937757134437561
fold_07,7,67802,3,3,0.9132946133613586
fold_07,7,67829,1,1,0.941457211971283
fold_07,7,67829,2,2,0.9384272694587708
fold_07,7,67829,3,3,0.9255431890487671
fold_07,7,68168,1,1,0.9511980414390564
fold_07,7,68168,2,2,0.9368543028831482
fold_07,7,68168,3,3,0.9305241107940674
fold_07,7,68278,1,1,0.9338319897651672
fold_07,7,68278,2,2,0.9248486757278442
fold_07,7,68278,3,3,0.9354621767997742
fold_07,7,68311,1,1,0.9384695291519165
fold_07,7,68311,2,2,0.9300678968429565
fold_07,7,68311,3,3,0.9114966988563538
fold_07,7,68339,1,1,0.9498104453086853
fold_07,7,68339,2,2,0.917701005935669
fold_07,7,68339,3,3,0.9178840517997742
fold_07,7,68418,1,1,0.9375723004341125
fold_07,7,68418,2,2,0.9266180396080017
fold_07,7,68418,3,3,0.9571864008903503
fold_07,7,68471,1,1,0.9020916819572449
fold_07,7,68471,2,2,0.9393489956855774
fold_07,7,68471,3,3,0.9082844853401184
fold_07,7,68741,1,1,0.9377958178520203
fold_07,7,68741,2,2,0.9367063641548157
fold_07,7,68741,3,3,0.9428765177726746
fold_07,7,68814,1,1,0.9408416152000427
fold_07,7,68814,2,2,0.9273740649223328
fold_07,7,68814,3,3,0.954910159111023
fold_07,7,68842,1,1,0.9009395241737366
fold_07,7,68842,2,2,0.9291074275970459
fold_07,7,68842,3,3,0.902206301689148
fold_07,7,68858,1,1,0.9501874446868896
fold_07,7,68858,2,2,0.9325934052467346
fold_07,7,68858,3,3,0.8798985481262207
fold_07,7,68897,1,1,0.9420272707939148
fold_07,7,68897,2,2,0.9451692700386047
fold_07,7,68897,3,3,0.9410811066627502
fold_07,7,69007,1,1,0.9331314563751221
fold_07,7,69007,2,2,0.9261151552200317
fold_07,7,69007,3,3,0.9492926001548767
fold_07,7,69130,1,1,0.9336465001106262
fold_07,7,69130,2,2,0.9277878999710083
fold_07,7,69130,3,3,0.9512754678726196
fold_07,7,69214,1,1,0.7998849153518677
fold_07,7,69214,2,2,0.9433494806289673
fold_07,7,69214,3,3,0.9255399107933044
fold_07,7,69240,1,1,0.926697850227356
fold_07,7,69240,2,2,0.9360585808753967
fold_07,7,69240,3,3,0.9422603249549866
fold_07,7,69502,1,1,0.9446127414703369
fold_07,7,69502,2,2,0.8897788524627686
fold_07,7,69502,3,3,0.9368925094604492
fold_07,7,69614,1,1,0.9467398524284363
fold_07,7,69614,2,2,0.9260443449020386
fold_07,7,69614,3,3,0.9296092391014099
fold_07,7,69813,1,1,0.95210862159729
fold_07,7,69813,2,2,0.9470480680465698
fold_07,7,69813,3,3,0.9415448307991028
fold_07,7,69831,1,1,0.8819354176521301
fold_07,7,69831,2,2,0.9595555067062378
fold_07,7,69831,3,3,0.9187644124031067
fold_07,7,69839,1,1,0.8821503520011902
fold_07,7,69839,2,2,0.9479679465293884
fold_07,7,69839,3,3,0.9191423058509827
fold_07,7,69854,1,1,0.9418829083442688
fold_07,7,69854,2,2,0.9450730681419373
fold_07,7,69854,3,3,0.9306644201278687
fold_07,7,69918,1,1,0.9245778322219849
fold_07,7,69918,2,2,0.9440557956695557
fold_07,7,69918,3,3,0.9231628775596619
fold_07,7,70075,1,1,0.9552426934242249
fold_07,7,70075,2,2,0.9507332444190979
fold_07,7,70075,3,3,0.9405114054679871
fold_07,7,70095,1,1,0.934239387512207
fold_07,7,70095,2,2,0.9138898849487305
fold_07,7,70095,3,3,0.9421530365943909
fold_07,7,70193,1,1,0.9478836059570312
fold_07,7,70193,2,2,0.9371155500411987
fold_07,7,70193,3,3,0.9253962635993958
fold_07,7,70232,1,1,0.9474578499794006
fold_07,7,70232,2,2,0.9445118308067322
fold_07,7,70232,3,3,0.8880877494812012
fold_07,7,70335,1,1,0.9182674884796143
fold_07,7,70335,2,2,0.9207236766815186
fold_07,7,70335,3,3,0.9351925849914551
fold_07,7,70360,1,1,0.8956838846206665
fold_07,7,70360,2,2,0.9181970953941345
fold_07,7,70360,3,3,0.9258291125297546
fold_07,7,70427,1,1,0.9001960158348083
fold_07,7,70427,2,2,0.9479225277900696
fold_07,7,70427,3,3,0.9419214725494385
fold_07,7,70505,1,1,0.9032570123672485
fold_07,7,70505,2,2,0.9211810231208801
fold_07,7,70505,3,3,0.9139190316200256
fold_07,7,71229,1,1,0.910088837146759
fold_07,7,71229,2,2,0.950127899646759
fold_07,7,71229,3,3,0.922217845916748
fold_07,7,71232,1,1,0.9083347916603088
fold_07,7,71232,2,2,0.9290557503700256
fold_07,7,71232,3,3,0.9268935322761536
fold_07,7,71241,1,1,0.955367922782898
fold_07,7,71241,2,2,0.9381693601608276
fold_07,7,71241,3,3,0.9454994201660156
fold_07,7,71410,1,1,0.9369024634361267
fold_07,7,71410,2,2,0.9188061356544495
fold_07,7,71410,3,3,0.8871910572052002
fold_07,7,71450,1,1,0.9476844072341919
fold_07,7,71450,2,2,0.8951326012611389
fold_07,7,71450,3,3,0.9345941543579102
fold_07,7,71753,1,1,0.926433801651001
fold_07,7,71753,2,2,0.9181333184242249
fold_07,7,71753,3,3,0.9443690776824951
fold_07,7,71894,1,1,0.9014038443565369
fold_07,7,71894,2,2,0.8403760194778442
fold_07,7,71894,3,3,0.9356077909469604
fold_07,7,72015,1,1,0.9460238218307495
fold_07,7,72015,2,2,0.9140802025794983
fold_07,7,72015,3,3,0.9437227845191956
fold_07,7,72080,1,1,0.9572607278823853
fold_07,7,72080,2,2,0.9310170412063599
fold_07,7,72080,3,3,0.914416491985321
fold_07,7,72209,1,1,0.9533164501190186
fold_07,7,72209,2,2,0.9295376539230347
fold_07,7,72209,3,3,0.8867072463035583
fold_07,7,72312,1,1,0.9308200478553772
fold_07,7,72312,2,2,0.9420729279518127
fold_07,7,72312,3,3,0.9473925232887268
fold_07,7,72510,1,1,0.9275690317153931
fold_07,7,72510,2,2,0.924346387386322
fold_07,7,72510,3,3,0.9036154747009277
fold_07,7,72605,1,1,0.9359228610992432
fold_07,7,72605,2,2,0.9518497586250305
fold_07,7,72605,3,3,0.9160029292106628
fold_07,7,72719,1,1,0.9119251370429993
fold_07,7,72719,2,2,0.9267443418502808
fold_07,7,72719,3,3,0.9582700133323669
fold_07,7,72948,1,1,0.9283196926116943
fold_07,7,72948,2,2,0.9357929229736328
fold_07,7,72948,3,3,0.8966347575187683
fold_08,8,3049,1,1,0.929053544998169
fold_08,8,3049,2,2,0.9272686243057251
fold_08,8,3049,3,3,0.8783392310142517
fold_08,8,3077,1,1,0.9249110817909241
fold_08,8,3077,2,2,0.931736409664154
fold_08,8,3077,3,3,0.9279640316963196
fold_08,8,3157,1,1,0.9000959396362305
fold_08,8,3157,2,2,0.906524658203125
fold_08,8,3157,3,3,0.93239825963974
fold_08,8,3164,1,1,0.9134777784347534
fold_08,8,3164,2,2,0.9311757683753967
fold_08,8,3164,3,3,0.9381259083747864
fold_08,8,3171,1,1,0.8578330874443054
fold_08,8,3171,2,2,0.9289168119430542
fold_08,8,3171,3,3,0.9273421764373779
fold_08,8,3434,1,1,0.930877685546875
fold_08,8,3434,2,2,0.9499319791793823
fold_08,8,3434,3,3,0.9448270201683044
fold_08,8,3449,1,1,0.805961549282074
fold_08,8,3449,2,2,0.9269766211509705
fold_08,8,3449,3,3,0.9192915558815002
fold_08,8,3489,1,1,0.9087483286857605
fold_08,8,3489,2,2,0.9325632452964783
fold_08,8,3489,3,3,0.9342240691184998
fold_08,8,3626,1,1,0.9506519436836243
fold_08,8,3626,2,2,0.9312792420387268
fold_08,8,3626,3,3,0.9186698198318481
fold_08,8,3682,1,1,0.9422925114631653
fold_08,8,3682,2,2,0.9406164884567261
fold_08,8,3682,3,3,0.8732443451881409
fold_08,8,3687,1,1,0.9445363283157349
fold_08,8,3687,2,2,0.9221876859664917
fold_08,8,3687,3,3,0.9464032649993896
fold_08,8,3809,1,1,0.9502445459365845
fold_08,8,3809,2,2,0.9447545409202576
fold_08,8,3809,3,3,0.8929543495178223
fold_08,8,3842,1,1,0.9317986965179443
fold_08,8,3842,2,2,0.9143937826156616
fold_08,8,3842,3,3,0.9168493151664734
fold_08,8,3847,1,1,0.8622786402702332
fold_08,8,3847,2,2,0.9390212893486023
fold_08,8,3847,3,3,0.8983601331710815
fold_08,8,3856,1,1,0.9169822335243225
fold_08,8,3856,2,2,0.9071642756462097
fold_08,8,3856,3,3,0.929611086845398
fold_08,8,3913,1,1,0.9411606192588806
fold_08,8,3913,2,2,0.9558770060539246
fold_08,8,3913,3,3,0.9293626546859741
fold_08,8,4051,1,1,0.8709198832511902
fold_08,8,4051,2,2,0.9393036365509033
fold_08,8,4051,3,3,0.9052824378013611
fold_08,8,4249,1,1,0.8335774540901184
fold_08,8,4249,2,2,0.8775345683097839
fold_08,8,4249,3,3,0.9435271620750427
fold_08,8,4423,1,1,0.9323402643203735
fold_08,8,4423,2,2,0.9399767518043518
fold_08,8,4423,3,3,0.9466044902801514
fold_08,8,4667,1,1,0.9268161654472351
fold_08,8,4667,2,2,0.9139354825019836
fold_08,8,4667,3,3,0.9049927592277527
fold_08,8,4690,1,1,0.8889944553375244
fold_08,8,4690,2,2,0.884731650352478
fold_08,8,4690,3,3,0.8520827889442444
fold_08,8,4786,1,1,0.8943994045257568
fold_08,8,4786,2,2,0.9176583886146545
fold_08,8,4786,3,3,0.953758716583252
fold_08,8,4835,1,1,0.9481563568115234
fold_08,8,4835,2,2,0.8782060146331787
fold_08,8,4835,3,3,0.8949333429336548
fold_08,8,4892,1,1,0.9478465914726257
fold_08,8,4892,2,2,0.9178555011749268
fold_08,8,4892,3,3,0.9039603471755981
fold_08,8,4930,1,1,0.9357584714889526
fold_08,8,4930,2,2,0.8741220831871033
fold_08,8,4930,3,3,0.9336714148521423
fold_08,8,5034,1,1,0.9264211654663086
fold_08,8,5034,2,2,0.9214644432067871
fold_08,8,5034,3,3,0.934847891330719
fold_08,8,5204,1,1,0.930858850479126
fold_08,8,5204,2,2,0.9590656161308289
fold_08,8,5204,3,3,0.9383890628814697
fold_08,8,5301,1,1,0.9504185318946838
fold_08,8,5301,2,2,0.9134427309036255
fold_08,8,5301,3,3,0.9415988922119141
fold_08,8,5338,1,1,0.945852518081665
fold_08,8,5338,2,2,0.9550009369850159
fold_08,8,5338,3,3,0.9191689491271973
fold_08,8,5542,1,1,0.8871394991874695
fold_08,8,5542,2,2,0.9416715502738953
fold_08,8,5542,3,3,0.9163731932640076
fold_08,8,5583,1,1,0.9171864986419678
fold_08,8,5583,2,2,0.9084634780883789
fold_08,8,5583,3,3,0.9417319297790527
fold_08,8,5602,1,1,0.9350967407226562
fold_08,8,5602,2,2,0.882103681564331
fold_08,8,5602,3,3,0.9444008469581604
fold_08,8,6199,1,1,0.9599362015724182
fold_08,8,6199,2,2,0.9540337324142456
fold_08,8,6199,3,3,0.9333888292312622
fold_08,8,6431,1,1,0.9289251565933228
fold_08,8,6431,2,2,0.9224501252174377
fold_08,8,6431,3,3,0.9385355114936829
fold_08,8,6444,1,1,0.950391948223114
fold_08,8,6444,2,2,0.9310267567634583
fold_08,8,6444,3,3,0.933669924736023
fold_08,8,6489,1,1,0.9526733756065369
fold_08,8,6489,2,2,0.9419838190078735
fold_08,8,6489,3,3,0.9132951498031616
fold_08,8,6521,1,1,0.8729414343833923
fold_08,8,6521,2,2,0.8632298111915588
fold_08,8,6521,3,3,0.9159690141677856
fold_08,8,6801,1,1,0.9423606395721436
fold_08,8,6801,2,2,0.9062089920043945
fold_08,8,6801,3,3,0.9158281087875366
fold_08,8,7007,1,1,0.9217638373374939
fold_08,8,7007,2,2,0.9284707903862
fold_08,8,7007,3,3,0.9468540549278259
fold_08,8,7039,1,1,0.9149107933044434
fold_08,8,7039,2,2,0.9277477264404297
fold_08,8,7039,3,3,0.9430240988731384
fold_08,8,7120,1,1,0.9422540068626404
fold_08,8,7120,2,2,0.8943225145339966
fold_08,8,7120,3,3,0.9362433552742004
fold_08,8,7207,1,1,0.9270962476730347
fold_08,8,7207,2,2,0.889136552810669
fold_08,8,7207,3,3,0.9361875057220459
fold_08,8,7366,1,1,0.9350449442863464
fold_08,8,7366,2,2,0.9125813841819763
fold_08,8,7366,3,3,0.9084910154342651
fold_08,8,7654,1,1,0.846382737159729
fold_08,8,7654,2,2,0.929806113243103
fold_08,8,7654,3,3,0.9565158486366272
fold_08,8,7840,1,1,0.8778406977653503
fold_08,8,7840,2,2,0.9140217900276184
fold_08,8,7840,3,3,0.9166388511657715
fold_08,8,7859,1,1,0.933398425579071
fold_08,8,7859,2,2,0.9493951797485352
fold_08,8,7859,3,3,0.9114745855331421
fold_08,8,7944,1,1,0.9130191206932068
fold_08,8,7944,2,2,0.9069008231163025
fold_08,8,7944,3,3,0.932446300983429
fold_08,8,8006,1,1,0.9538587331771851
fold_08,8,8006,2,2,0.912090539932251
fold_08,8,8006,3,3,0.9203198552131653
fold_08,8,8109,1,1,0.9367818832397461
fold_08,8,8109,2,2,0.8992329239845276
fold_08,8,8109,3,3,0.9265599250793457
fold_08,8,8225,1,1,0.8765484094619751
fold_08,8,8225,2,2,0.9220811724662781
fold_08,8,8225,3,3,0.8927416801452637
fold_08,8,8394,1,1,0.9024006724357605
fold_08,8,8394,2,2,0.9400150775909424
fold_08,8,8394,3,3,0.9137732982635498
fold_08,8,8509,1,1,0.920310378074646
fold_08,8,8509,2,2,0.9516525268554688
fold_08,8,8509,3,3,0.9287261962890625
fold_08,8,8646,1,1,0.9555609226226807
fold_08,8,8646,2,2,0.9318358898162842
fold_08,8,8646,3,3,0.938528299331665
fold_08,8,8807,1,1,0.9265280365943909
fold_08,8,8807,2,2,0.8731541037559509
fold_08,8,8807,3,3,0.9434571266174316
fold_08,8,8933,1,1,0.8875725865364075
fold_08,8,8933,2,2,0.9639345407485962
fold_08,8,8933,3,3,0.9280995726585388
fold_08,8,9027,1,1,0.8422453999519348
fold_08,8,9027,2,2,0.9518947005271912
fold_08,8,9027,3,3,0.947878897190094
fold_08,8,9048,1,1,0.9281774163246155
fold_08,8,9048,2,2,0.9469140768051147
fold_08,8,9048,3,3,0.9265903234481812
fold_08,8,9147,1,1,0.8083710670471191
fold_08,8,9147,2,2,0.9029136896133423
fold_08,8,9147,3,3,0.9374011754989624
fold_08,8,9434,1,1,0.8837055563926697
fold_08,8,9434,2,2,0.8991117477416992
fold_08,8,9434,3,3,0.9568417072296143
fold_08,8,9917,1,1,0.952038586139679
fold_08,8,9917,2,2,0.950897216796875
fold_08,8,9917,3,3,0.954936683177948
fold_08,8,10006,1,1,0.9139463305473328
fold_08,8,10006,2,2,0.9376153945922852
fold_08,8,10006,3,3,0.9321298599243164
fold_08,8,10046,1,1,0.9502225518226624
fold_08,8,10046,2,2,0.9193177223205566
fold_08,8,10046,3,3,0.8651569485664368
fold_08,8,10064,1,1,0.8900954723358154
fold_08,8,10064,2,2,0.8959379196166992
fold_08,8,10064,3,3,0.9353116750717163
fold_08,8,10105,1,1,0.9533279538154602
fold_08,8,10105,2,2,0.9369059205055237
fold_08,8,10105,3,3,0.945805549621582
fold_08,8,10107,1,1,0.9152902960777283
fold_08,8,10107,2,2,0.8530339598655701
fold_08,8,10107,3,3,0.9611321687698364
fold_08,8,10244,1,1,0.929228663444519
fold_08,8,10244,2,2,0.8943459987640381
fold_08,8,10244,3,3,0.9250897765159607
fold_08,8,10471,1,1,0.9172417521476746
fold_08,8,10471,2,2,0.9197428822517395
fold_08,8,10471,3,3,0.8944980502128601
fold_08,8,11159,1,1,0.932232141494751
fold_08,8,11159,2,2,0.9125200510025024
fold_08,8,11159,3,3,0.9400424957275391
fold_08,8,11333,1,1,0.8159416317939758
fold_08,8,11333,2,2,0.9366453886032104
fold_08,8,11333,3,3,0.9454944133758545
fold_08,8,11521,1,1,0.9528592228889465
fold_08,8,11521,2,2,0.8812445402145386
fold_08,8,11521,3,3,0.9364936947822571
fold_08,8,11617,1,1,0.9368666410446167
fold_08,8,11617,2,2,0.9010549187660217
fold_08,8,11617,3,3,0.9428225755691528
fold_08,8,11635,1,1,0.9308001399040222
fold_08,8,11635,2,2,0.8965795636177063
fold_08,8,11635,3,3,0.9428344368934631
fold_08,8,11689,1,1,0.9464889168739319
fold_08,8,11689,2,2,0.9232703447341919
fold_08,8,11689,3,3,0.9105811715126038
fold_08,8,11725,1,1,0.8761478662490845
fold_08,8,11725,2,2,0.9486756324768066
fold_08,8,11725,3,3,0.928179144859314
fold_08,8,11796,1,1,0.9307330250740051
fold_08,8,11796,2,2,0.9269384145736694
fold_08,8,11796,3,3,0.9000346660614014
fold_08,8,11837,1,1,0.9471036791801453
fold_08,8,11837,2,2,0.9249584674835205
fold_08,8,11837,3,3,0.9418932795524597
fold_08,8,11844,1,1,0.9118108153343201
fold_08,8,11844,2,2,0.9364500045776367
fold_08,8,11844,3,3,0.9546090960502625
fold_08,8,11932,1,1,0.9443387985229492
fold_08,8,11932,2,2,0.9118201732635498
fold_08,8,11932,3,3,0.9564370512962341
fold_08,8,11942,1,1,0.9277483224868774
fold_08,8,11942,2,2,0.907960832118988
fold_08,8,11942,3,3,0.9516276121139526
fold_08,8,11952,1,1,0.9174801707267761
fold_08,8,11952,2,2,0.9462689757347107
fold_08,8,11952,3,3,0.9531040191650391
fold_08,8,12308,1,1,0.9266801476478577
fold_08,8,12308,2,2,0.9316076040267944
fold_08,8,12308,3,3,0.9506383538246155
fold_08,8,12796,1,1,0.9074685573577881
fold_08,8,12796,2,2,0.9451315402984619
fold_08,8,12796,3,3,0.9447970390319824
fold_08,8,12922,1,1,0.8978323340415955
fold_08,8,12922,2,2,0.9438537955284119
fold_08,8,12922,3,3,0.9542064666748047
fold_08,8,13138,1,1,0.9573939442634583
fold_08,8,13138,2,2,0.9068560600280762
fold_08,8,13138,3,3,0.9442918300628662
fold_08,8,13312,1,1,0.9427943229675293
fold_08,8,13312,2,2,0.894861102104187
fold_08,8,13312,3,3,0.9193786382675171
fold_08,8,13314,1,1,0.9111626744270325
fold_08,8,13314,2,2,0.9310716986656189
fold_08,8,13314,3,3,0.9425978064537048
fold_08,8,13613,1,1,0.9090569615364075
fold_08,8,13613,2,2,0.9283853769302368
fold_08,8,13613,3,3,0.8881711363792419
fold_08,8,14179,1,1,0.9631742238998413
fold_08,8,14179,2,2,0.9406169652938843
fold_08,8,14179,3,3,0.9439353346824646
fold_08,8,14528,1,1,0.882620096206665
fold_08,8,14528,2,2,0.9598309397697449
fold_08,8,14528,3,3,0.9142600297927856
fold_08,8,14594,1,1,0.8329797983169556
fold_08,8,14594,2,2,0.944701611995697
fold_08,8,14594,3,3,0.9424962401390076
fold_08,8,14610,1,1,0.951798677444458
fold_08,8,14610,2,2,0.9326847791671753
fold_08,8,14610,3,3,0.9578003883361816
fold_08,8,14793,1,1,0.9507175087928772
fold_08,8,14793,2,2,0.9591330885887146
fold_08,8,14793,3,3,0.9064708352088928
fold_08,8,14820,1,1,0.9250327348709106
fold_08,8,14820,2,2,0.9484656453132629
fold_08,8,14820,3,3,0.9374794363975525
fold_08,8,14898,1,1,0.8888098001480103
fold_08,8,14898,2,2,0.9449386596679688
fold_08,8,14898,3,3,0.9029083847999573
fold_08,8,15364,1,1,0.9427980780601501
fold_08,8,15364,2,2,0.9129693508148193
fold_08,8,15364,3,3,0.9270506501197815
fold_08,8,15506,1,1,0.8906410932540894
fold_08,8,15506,2,2,0.8722644448280334
fold_08,8,15506,3,3,0.8580920100212097
fold_08,8,15819,1,1,0.892253041267395
fold_08,8,15819,2,2,0.9220157861709595
fold_08,8,15819,3,3,0.7996965050697327
fold_08,8,15939,1,1,0.9298737049102783
fold_08,8,15939,2,2,0.9358043074607849
fold_08,8,15939,3,3,0.9174695014953613
fold_08,8,16252,1,1,0.9053463935852051
fold_08,8,16252,2,2,0.901985228061676
fold_08,8,16252,3,3,0.9370944499969482
fold_08,8,16344,1,1,0.9258255958557129
fold_08,8,16344,2,2,0.94754558801651
fold_08,8,16344,3,3,0.9216292500495911
fold_08,8,16616,1,1,0.9022614359855652
fold_08,8,16616,2,2,0.9332252740859985
fold_08,8,16616,3,3,0.9584233164787292
fold_08,8,16702,1,1,0.9286428689956665
fold_08,8,16702,2,2,0.9378169178962708
fold_08,8,16702,3,3,0.9224519729614258
fold_08,8,16823,1,1,0.898973822593689
fold_08,8,16823,2,2,0.9255067706108093
fold_08,8,16823,3,3,0.9378187656402588
fold_08,8,16917,1,1,0.9449136853218079
fold_08,8,16917,2,2,0.8051477074623108
fold_08,8,16917,3,3,0.9592428803443909
fold_08,8,17048,1,1,0.9129348397254944
fold_08,8,17048,2,2,0.9560660719871521
fold_08,8,17048,3,3,0.9507481455802917
fold_08,8,17374,1,1,0.9542223215103149
fold_08,8,17374,2,2,0.9301688075065613
fold_08,8,17374,3,3,0.9059998989105225
fold_08,8,17485,1,1,0.9425206184387207
fold_08,8,17485,2,2,0.9295341968536377
fold_08,8,17485,3,3,0.9448827505111694
fold_08,8,17549,1,1,0.8903026580810547
fold_08,8,17549,2,2,0.8820264935493469
fold_08,8,17549,3,3,0.9334865212440491
fold_08,8,17934,1,1,0.9565210342407227
fold_08,8,17934,2,2,0.9264662861824036
fold_08,8,17934,3,3,0.9419031739234924
fold_08,8,18434,1,1,0.9180976748466492
fold_08,8,18434,2,2,0.8886571526527405
fold_08,8,18434,3,3,0.9285814762115479
fold_08,8,18543,1,1,0.8598819971084595
fold_08,8,18543,2,2,0.9083592295646667
fold_08,8,18543,3,3,0.9307135939598083
fold_08,8,19074,1,1,0.9320409297943115
fold_08,8,19074,2,2,0.9456804394721985
fold_08,8,19074,3,3,0.9356087446212769
fold_08,8,19181,1,1,0.9162564873695374
fold_08,8,19181,2,2,0.9345170855522156
fold_08,8,19181,3,3,0.9459365010261536
fold_08,8,19199,1,1,0.8516483902931213
fold_08,8,19199,2,2,0.8976212739944458
fold_08,8,19199,3,3,0.8726321458816528
fold_08,8,19436,1,1,0.8849071860313416
fold_08,8,19436,2,2,0.9291964769363403
fold_08,8,19436,3,3,0.9453811049461365
fold_08,8,19933,1,1,0.9237390160560608
fold_08,8,19933,2,2,0.9051313996315002
fold_08,8,19933,3,3,0.9188805818557739
fold_08,8,20054,1,1,0.9419448971748352
fold_08,8,20054,2,2,0.9389761686325073
fold_08,8,20054,3,3,0.9222480058670044
fold_08,8,20080,1,1,0.9055158495903015
fold_08,8,20080,2,2,0.9377144575119019
fold_08,8,20080,3,3,0.9198909997940063
fold_08,8,20206,1,1,0.9041491150856018
fold_08,8,20206,2,2,0.9673585891723633
fold_08,8,20206,3,3,0.9377251267433167
fold_08,8,20265,1,1,0.9101794958114624
fold_08,8,20265,2,2,0.9616684913635254
fold_08,8,20265,3,3,0.931074857711792
fold_08,8,20442,1,1,0.9503385424613953
fold_08,8,20442,2,2,0.9299692511558533
fold_08,8,20442,3,3,0.9009114503860474
fold_08,8,20633,1,1,0.9369800090789795
fold_08,8,20633,2,2,0.9262902140617371
fold_08,8,20633,3,3,0.9303988814353943
fold_08,8,20650,1,1,0.9345295429229736
fold_08,8,20650,2,2,0.8712314963340759
fold_08,8,20650,3,3,0.9507073163986206
fold_08,8,20738,1,1,0.9274972081184387
fold_08,8,20738,2,2,0.9366751909255981
fold_08,8,20738,3,3,0.9095159769058228
fold_08,8,20820,1,1,0.9052362442016602
fold_08,8,20820,2,2,0.9345584511756897
fold_08,8,20820,3,3,0.9398249983787537
fold_08,8,21108,1,1,0.9497451782226562
fold_08,8,21108,2,2,0.937869131565094
fold_08,8,21108,3,3,0.9331257939338684
fold_08,8,21192,1,1,0.8945951461791992
fold_08,8,21192,2,2,0.9293212890625
fold_08,8,21192,3,3,0.9350414276123047
fold_08,8,21194,1,1,0.9268733263015747
fold_08,8,21194,2,2,0.9483323097229004
fold_08,8,21194,3,3,0.9344655275344849
fold_08,8,21218,1,1,0.951278805732727
fold_08,8,21218,2,2,0.952826976776123
fold_08,8,21218,3,3,0.9513263702392578
fold_08,8,21253,1,1,0.9171622395515442
fold_08,8,21253,2,2,0.9530370831489563
fold_08,8,21253,3,3,0.9208799004554749
fold_08,8,21279,1,1,0.8995363116264343
fold_08,8,21279,2,2,0.9466232061386108
fold_08,8,21279,3,3,0.9490401744842529
fold_08,8,21601,1,1,0.951341986656189
fold_08,8,21601,2,2,0.9361498355865479
fold_08,8,21601,3,3,0.9006569385528564
fold_08,8,21950,1,1,0.9366294145584106
fold_08,8,21950,2,2,0.952481746673584
fold_08,8,21950,3,3,0.9566861391067505
fold_08,8,22263,1,1,0.9249286651611328
fold_08,8,22263,2,2,0.9280946254730225
fold_08,8,22263,3,3,0.9455342292785645
fold_08,8,22495,1,1,0.8813518285751343
fold_08,8,22495,2,2,0.9569190144538879
fold_08,8,22495,3,3,0.9529523253440857
fold_08,8,22515,1,1,0.8298290371894836
fold_08,8,22515,2,2,0.9522534608840942
fold_08,8,22515,3,3,0.9026918411254883
fold_08,8,22523,1,1,0.9415546655654907
fold_08,8,22523,2,2,0.9306753277778625
fold_08,8,22523,3,3,0.8964497447013855
fold_08,8,22530,1,1,0.938722550868988
fold_08,8,22530,2,2,0.9271810054779053
fold_08,8,22530,3,3,0.9286232590675354
fold_08,8,22587,1,1,0.9403859376907349
fold_08,8,22587,2,2,0.8806437849998474
fold_08,8,22587,3,3,0.9292474985122681
fold_08,8,22794,1,1,0.9144390821456909
fold_08,8,22794,2,2,0.92010098695755
fold_08,8,22794,3,3,0.902705192565918
fold_08,8,22879,1,1,0.9198517203330994
fold_08,8,22879,2,2,0.9446539282798767
fold_08,8,22879,3,3,0.9390738010406494
fold_08,8,22957,1,1,0.9446415901184082
fold_08,8,22957,2,2,0.9520944356918335
fold_08,8,22957,3,3,0.9410678148269653
fold_08,8,22967,1,1,0.9115608930587769
fold_08,8,22967,2,2,0.9230025410652161
fold_08,8,22967,3,3,0.9458988904953003
fold_08,8,22993,1,1,0.931145429611206
fold_08,8,22993,2,2,0.9436639547348022
fold_08,8,22993,3,3,0.9291852116584778
fold_08,8,23036,1,1,0.8966615796089172
fold_08,8,23036,2,2,0.9142017960548401
fold_08,8,23036,3,3,0.9400750398635864
fold_08,8,23241,1,1,0.9552837014198303
fold_08,8,23241,2,2,0.9115294814109802
fold_08,8,23241,3,3,0.929323673248291
fold_08,8,23715,1,1,0.9106730222702026
fold_08,8,23715,2,2,0.9433468580245972
fold_08,8,23715,3,3,0.9064213633537292
fold_08,8,23729,1,1,0.9413890242576599
fold_08,8,23729,2,2,0.9181092381477356
fold_08,8,23729,3,3,0.9360325336456299
fold_08,8,23993,1,1,0.9512728452682495
fold_08,8,23993,2,2,0.8949688076972961
fold_08,8,23993,3,3,0.9501928687095642
fold_08,8,24202,1,1,0.8760586977005005
fold_08,8,24202,2,2,0.9019377827644348
fold_08,8,24202,3,3,0.9429908394813538
fold_08,8,24214,1,1,0.8479494452476501
fold_08,8,24214,2,2,0.8518922924995422
fold_08,8,24214,3,3,0.9344021081924438
fold_08,8,24517,1,1,0.8470075130462646
fold_08,8,24517,2,2,0.9211016893386841
fold_08,8,24517,3,3,0.9072237610816956
fold_08,8,24530,1,1,0.9547712206840515
fold_08,8,24530,2,2,0.927629828453064
fold_08,8,24530,3,3,0.8798827528953552
fold_08,8,24560,1,1,0.9570989608764648
fold_08,8,24560,2,2,0.9319071769714355
fold_08,8,24560,3,3,0.9526844024658203
fold_08,8,24640,1,1,0.9058598875999451
fold_08,8,24640,2,2,0.9313989281654358
fold_08,8,24640,3,3,0.9442598223686218
fold_08,8,24846,1,1,0.8865668773651123
fold_08,8,24846,2,2,0.9301707148551941
fold_08,8,24846,3,3,0.9564449191093445
fold_08,8,25091,1,1,0.9195212125778198
fold_08,8,25091,2,2,0.9011310935020447
fold_08,8,25091,3,3,0.9071617126464844
fold_08,8,25111,1,1,0.92582106590271
fold_08,8,25111,2,2,0.9384968876838684
fold_08,8,25111,3,3,0.856795608997345
fold_08,8,25250,1,1,0.92481529712677
fold_08,8,25250,2,2,0.9364965558052063
fold_08,8,25250,3,3,0.9528196454048157
fold_08,8,25268,1,1,0.9464378356933594
fold_08,8,25268,2,2,0.9346714019775391
fold_08,8,25268,3,3,0.9481916427612305
fold_08,8,25284,1,1,0.9425162076950073
fold_08,8,25284,2,2,0.9328747987747192
fold_08,8,25284,3,3,0.946200966835022
fold_08,8,25318,1,1,0.929176926612854
fold_08,8,25318,2,2,0.8894532322883606
fold_08,8,25318,3,3,0.9319930076599121
fold_08,8,25319,1,1,0.9291998147964478
fold_08,8,25319,2,2,0.9550622701644897
fold_08,8,25319,3,3,0.9283779859542847
fold_08,8,25371,1,1,0.9209896326065063
fold_08,8,25371,2,2,0.9155780076980591
fold_08,8,25371,3,3,0.9388965964317322
fold_08,8,25578,1,1,0.8895450234413147
fold_08,8,25578,2,2,0.9085484147071838
fold_08,8,25578,3,3,0.9344981908798218
fold_08,8,25581,1,1,0.9191908240318298
fold_08,8,25581,2,2,0.8837969303131104
fold_08,8,25581,3,3,0.8899418711662292
fold_08,8,25588,1,1,0.8564853072166443
fold_08,8,25588,2,2,0.9441269636154175
fold_08,8,25588,3,3,0.9382444620132446
fold_08,8,25702,1,1,0.963520348072052
fold_08,8,25702,2,2,0.9439456462860107
fold_08,8,25702,3,3,0.9378064274787903
fold_08,8,25741,1,1,0.933296263217926
fold_08,8,25741,2,2,0.9545868039131165
fold_08,8,25741,3,3,0.947072446346283
fold_08,8,25746,1,1,0.9243120551109314
fold_08,8,25746,2,2,0.8608871698379517
fold_08,8,25746,3,3,0.9291616678237915
fold_08,8,26163,1,1,0.9194052219390869
fold_08,8,26163,2,2,0.9463618993759155
fold_08,8,26163,3,3,0.9171071648597717
fold_08,8,26351,1,1,0.8517172336578369
fold_08,8,26351,2,2,0.9413836002349854
fold_08,8,26351,3,3,0.9577866196632385
fold_08,8,26435,1,1,0.9226408004760742
fold_08,8,26435,2,2,0.8828153014183044
fold_08,8,26435,3,3,0.8979917764663696
fold_08,8,26458,1,1,0.953733503818512
fold_08,8,26458,2,2,0.9191139936447144
fold_08,8,26458,3,3,0.9169837236404419
fold_08,8,26720,1,1,0.917503833770752
fold_08,8,26720,2,2,0.8843156695365906
fold_08,8,26720,3,3,0.9199568033218384
fold_08,8,26895,1,1,0.8867683410644531
fold_08,8,26895,2,2,0.9577479362487793
fold_08,8,26895,3,3,0.9445441365242004
fold_08,8,26909,1,1,0.95466148853302
fold_08,8,26909,2,2,0.9612710475921631
fold_08,8,26909,3,3,0.919690728187561
fold_08,8,26990,1,1,0.9390426874160767
fold_08,8,26990,2,2,0.929183840751648
fold_08,8,26990,3,3,0.8816993236541748
fold_08,8,27242,1,1,0.9035465717315674
fold_08,8,27242,2,2,0.8618369102478027
fold_08,8,27242,3,3,0.9326111078262329
fold_08,8,27275,1,1,0.9128391742706299
fold_08,8,27275,2,2,0.9287433624267578
fold_08,8,27275,3,3,0.9314547181129456
fold_08,8,27326,1,1,0.9483986496925354
fold_08,8,27326,2,2,0.9463739395141602
fold_08,8,27326,3,3,0.9382877349853516
fold_08,8,27435,1,1,0.9459248781204224
fold_08,8,27435,2,2,0.931136965751648
fold_08,8,27435,3,3,0.9586308598518372
fold_08,8,27568,1,1,0.8482356071472168
fold_08,8,27568,2,2,0.9136263132095337
fold_08,8,27568,3,3,0.9037673473358154
fold_08,8,27878,1,1,0.8946781754493713
fold_08,8,27878,2,2,0.9169483780860901
fold_08,8,27878,3,3,0.9369978308677673
fold_08,8,28068,1,1,0.9170112013816833
fold_08,8,28068,2,2,0.9349756240844727
fold_08,8,28068,3,3,0.944737434387207
fold_08,8,28096,1,1,0.9115593433380127
fold_08,8,28096,2,2,0.9258646965026855
fold_08,8,28096,3,3,0.9442212581634521
fold_08,8,28159,1,1,0.9594564437866211
fold_08,8,28159,2,2,0.828672468662262
fold_08,8,28159,3,3,0.9647576808929443
fold_08,8,28189,1,1,0.9247246980667114
fold_08,8,28189,2,2,0.9452072978019714
fold_08,8,28189,3,3,0.944667637348175
fold_08,8,28319,1,1,0.8888383507728577
fold_08,8,28319,2,2,0.9329447150230408
fold_08,8,28319,3,3,0.9446892738342285
fold_08,8,28349,1,1,0.924412727355957
fold_08,8,28349,2,2,0.9141430258750916
fold_08,8,28349,3,3,0.9475619196891785
fold_08,8,28524,1,1,0.9411062598228455
fold_08,8,28524,2,2,0.9618332982063293
fold_08,8,28524,3,3,0.9636385440826416
fold_08,8,28595,1,1,0.886538028717041
fold_08,8,28595,2,2,0.9550038576126099
fold_08,8,28595,3,3,0.9028827548027039
fold_08,8,28751,1,1,0.951629638671875
fold_08,8,28751,2,2,0.9491308331489563
fold_08,8,28751,3,3,0.9299386739730835
fold_08,8,28755,1,1,0.9355483055114746
fold_08,8,28755,2,2,0.9535415172576904
fold_08,8,28755,3,3,0.924214780330658
fold_08,8,29381,1,1,0.9010181427001953
fold_08,8,29381,2,2,0.9509816765785217
fold_08,8,29381,3,3,0.953326404094696
fold_08,8,29711,1,1,0.9496000409126282
fold_08,8,29711,2,2,0.9633301496505737
fold_08,8,29711,3,3,0.9614700078964233
fold_08,8,29837,1,1,0.9383137226104736
fold_08,8,29837,2,2,0.9020691514015198
fold_08,8,29837,3,3,0.951625645160675
fold_08,8,29886,1,1,0.8758978247642517
fold_08,8,29886,2,2,0.9317671656608582
fold_08,8,29886,3,3,0.9289666414260864
fold_08,8,30081,1,1,0.920669436454773
fold_08,8,30081,2,2,0.9329653978347778
fold_08,8,30081,3,3,0.9260709285736084
fold_08,8,30395,1,1,0.906111478805542
fold_08,8,30395,2,2,0.8570358753204346
fold_08,8,30395,3,3,0.9218569397926331
fold_08,8,30407,1,1,0.9254605770111084
fold_08,8,30407,2,2,0.9383332133293152
fold_08,8,30407,3,3,0.9379956722259521
fold_08,8,30430,1,1,0.9388638138771057
fold_08,8,30430,2,2,0.8934726119041443
fold_08,8,30430,3,3,0.9412137269973755
fold_08,8,30563,1,1,0.956397533416748
fold_08,8,30563,2,2,0.9509819149971008
fold_08,8,30563,3,3,0.958298921585083
fold_08,8,30632,1,1,0.9409352540969849
fold_08,8,30632,2,2,0.9549602270126343
fold_08,8,30632,3,3,0.9183574914932251
fold_08,8,30672,1,1,0.8549677729606628
fold_08,8,30672,2,2,0.9129633903503418
fold_08,8,30672,3,3,0.9434452652931213
fold_08,8,30856,1,1,0.9251542687416077
fold_08,8,30856,2,2,0.9306862354278564
fold_08,8,30856,3,3,0.9529913663864136
fold_08,8,30954,1,1,0.8730796575546265
fold_08,8,30954,2,2,0.9408650398254395
fold_08,8,30954,3,3,0.9276763796806335
fold_08,8,31028,1,1,0.8658939599990845
fold_08,8,31028,2,2,0.9214805960655212
fold_08,8,31028,3,3,0.9111425280570984
fold_08,8,31233,1,1,0.9256232976913452
fold_08,8,31233,2,2,0.9025545120239258
fold_08,8,31233,3,3,0.90651935338974
fold_08,8,31659,1,1,0.9239368438720703
fold_08,8,31659,2,2,0.9139319062232971
fold_08,8,31659,3,3,0.894403874874115
fold_08,8,31747,1,1,0.8953168392181396
fold_08,8,31747,2,2,0.9327601790428162
fold_08,8,31747,3,3,0.9502115249633789
fold_08,8,31801,1,1,0.9570579528808594
fold_08,8,31801,2,2,0.9153044819831848
fold_08,8,31801,3,3,0.9241303205490112
fold_08,8,31837,1,1,0.9453721046447754
fold_08,8,31837,2,2,0.9524503946304321
fold_08,8,31837,3,3,0.9236992597579956
fold_08,8,31936,1,1,0.923581600189209
fold_08,8,31936,2,2,0.9568130970001221
fold_08,8,31936,3,3,0.9432162046432495
fold_08,8,31964,1,1,0.9501827359199524
fold_08,8,31964,2,2,0.9209475517272949
fold_08,8,31964,3,3,0.9315565228462219
fold_08,8,32053,1,1,0.8859643936157227
fold_08,8,32053,2,2,0.8793702125549316
fold_08,8,32053,3,3,0.9503014087677002
fold_08,8,32232,1,1,0.940719485282898
fold_08,8,32232,2,2,0.9387978315353394
fold_08,8,32232,3,3,0.9418920278549194
fold_08,8,32307,1,1,0.8878888487815857
fold_08,8,32307,2,2,0.9286782145500183
fold_08,8,32307,3,3,0.9405633211135864
fold_08,8,32625,1,1,0.9374236464500427
fold_08,8,32625,2,2,0.9616127610206604
fold_08,8,32625,3,3,0.9157415628433228
fold_08,8,32772,1,1,0.9281476736068726
fold_08,8,32772,2,2,0.9660060405731201
fold_08,8,32772,3,3,0.9297258853912354
fold_08,8,32891,1,1,0.919734001159668
fold_08,8,32891,2,2,0.894956111907959
fold_08,8,32891,3,3,0.900907039642334
fold_08,8,32910,1,1,0.921752393245697
fold_08,8,32910,2,2,0.9435884356498718
fold_08,8,32910,3,3,0.9263875484466553
fold_08,8,33171,1,1,0.9361798167228699
fold_08,8,33171,2,2,0.9490575194358826
fold_08,8,33171,3,3,0.946094274520874
fold_08,8,33245,1,1,0.9294912815093994
fold_08,8,33245,2,2,0.9431817531585693
fold_08,8,33245,3,3,0.9049432277679443
fold_08,8,33521,1,1,0.9393904805183411
fold_08,8,33521,2,2,0.9271993637084961
fold_08,8,33521,3,3,0.9152510762214661
fold_08,8,33543,1,1,0.9311898946762085
fold_08,8,33543,2,2,0.8860430717468262
fold_08,8,33543,3,3,0.9156134724617004
fold_08,8,34126,1,1,0.9359592199325562
fold_08,8,34126,2,2,0.9289905428886414
fold_08,8,34126,3,3,0.9229598045349121
fold_08,8,34238,1,1,0.9413647651672363
fold_08,8,34238,2,2,0.9355185031890869
fold_08,8,34238,3,3,0.9384320974349976
fold_08,8,34829,1,1,0.9287054538726807
fold_08,8,34829,2,2,0.8988953828811646
fold_08,8,34829,3,3,0.8137490153312683
fold_08,8,34850,1,1,0.8663539886474609
fold_08,8,34850,2,2,0.9332689046859741
fold_08,8,34850,3,3,0.9505165219306946
fold_08,8,35743,1,1,0.8968695998191833
fold_08,8,35743,2,2,0.9403991103172302
fold_08,8,35743,3,3,0.9031793475151062
fold_08,8,35752,1,1,0.8432486653327942
fold_08,8,35752,2,2,0.9448134899139404
fold_08,8,35752,3,3,0.8961324691772461
fold_08,8,35798,1,1,0.921597421169281
fold_08,8,35798,2,2,0.9550620317459106
fold_08,8,35798,3,3,0.9405876398086548
fold_08,8,35986,1,1,0.8922914862632751
fold_08,8,35986,2,2,0.8946229219436646
fold_08,8,35986,3,3,0.9028710126876831
fold_08,8,36067,1,1,0.8971450328826904
fold_08,8,36067,2,2,0.9408138990402222
fold_08,8,36067,3,3,0.943664014339447
fold_08,8,36476,1,1,0.9323169589042664
fold_08,8,36476,2,2,0.848172128200531
fold_08,8,36476,3,3,0.9310814738273621
fold_08,8,36576,1,1,0.8841497898101807
fold_08,8,36576,2,2,0.9330710172653198
fold_08,8,36576,3,3,0.926913857460022
fold_08,8,36623,1,1,0.9536869525909424
fold_08,8,36623,2,2,0.947641134262085
fold_08,8,36623,3,3,0.9417524337768555
fold_08,8,36731,1,1,0.8739654421806335
fold_08,8,36731,2,2,0.850728452205658
fold_08,8,36731,3,3,0.9277414083480835
fold_08,8,36910,1,1,0.9346063137054443
fold_08,8,36910,2,2,0.9482881426811218
fold_08,8,36910,3,3,0.917704701423645
fold_08,8,36945,1,1,0.9108885526657104
fold_08,8,36945,2,2,0.9423627853393555
fold_08,8,36945,3,3,0.9143815040588379
fold_08,8,36974,1,1,0.933820903301239
fold_08,8,36974,2,2,0.8895263671875
fold_08,8,36974,3,3,0.9146576523780823
fold_08,8,36978,1,1,0.882705807685852
fold_08,8,36978,2,2,0.9110965728759766
fold_08,8,36978,3,3,0.8916406035423279
fold_08,8,37059,1,1,0.9214178919792175
fold_08,8,37059,2,2,0.9508785009384155
fold_08,8,37059,3,3,0.9330531358718872
fold_08,8,37221,1,1,0.9048550128936768
fold_08,8,37221,2,2,0.9103925228118896
fold_08,8,37221,3,3,0.93655925989151
fold_08,8,37224,1,1,0.8359451293945312
fold_08,8,37224,2,2,0.9360506534576416
fold_08,8,37224,3,3,0.8857536315917969
fold_08,8,37494,1,1,0.942842960357666
fold_08,8,37494,2,2,0.9070354700088501
fold_08,8,37494,3,3,0.9335989952087402
fold_08,8,38022,1,1,0.8112040162086487
fold_08,8,38022,2,2,0.9211782813072205
fold_08,8,38022,3,3,0.9393181204795837
fold_08,8,38025,1,1,0.8802063465118408
fold_08,8,38025,2,2,0.9519704580307007
fold_08,8,38025,3,3,0.9249908328056335
fold_08,8,38246,1,1,0.9111601114273071
fold_08,8,38246,2,2,0.9092404246330261
fold_08,8,38246,3,3,0.8313485383987427
fold_08,8,38297,1,1,0.9386568665504456
fold_08,8,38297,2,2,0.9490740895271301
fold_08,8,38297,3,3,0.948955237865448
fold_08,8,38358,1,1,0.9392820596694946
fold_08,8,38358,2,2,0.9483014941215515
fold_08,8,38358,3,3,0.9415728449821472
fold_08,8,38486,1,1,0.8948413729667664
fold_08,8,38486,2,2,0.9260917901992798
fold_08,8,38486,3,3,0.9506944417953491
fold_08,8,38494,1,1,0.8707162141799927
fold_08,8,38494,2,2,0.9339928030967712
fold_08,8,38494,3,3,0.938803493976593
fold_08,8,38641,1,1,0.9134687781333923
fold_08,8,38641,2,2,0.8848888874053955
fold_08,8,38641,3,3,0.9121770858764648
fold_08,8,38794,1,1,0.8590790629386902
fold_08,8,38794,2,2,0.9439741373062134
fold_08,8,38794,3,3,0.9371573328971863
fold_08,8,38817,1,1,0.9054523706436157
fold_08,8,38817,2,2,0.9427899122238159
fold_08,8,38817,3,3,0.9428241848945618
fold_08,8,38829,1,1,0.8927408456802368
fold_08,8,38829,2,2,0.9422780275344849
fold_08,8,38829,3,3,0.8913149237632751
fold_08,8,38853,1,1,0.9500302076339722
fold_08,8,38853,2,2,0.9391869902610779
fold_08,8,38853,3,3,0.9402850866317749
fold_08,8,38978,1,1,0.8836140036582947
fold_08,8,38978,2,2,0.8641484975814819
fold_08,8,38978,3,3,0.9455515146255493
fold_08,8,39289,1,1,0.8858562111854553
fold_08,8,39289,2,2,0.9331380128860474
fold_08,8,39289,3,3,0.9423447251319885
fold_08,8,39369,1,1,0.9218547344207764
fold_08,8,39369,2,2,0.9490241408348083
fold_08,8,39369,3,3,0.923654317855835
fold_08,8,39402,1,1,0.9441919922828674
fold_08,8,39402,2,2,0.9356605410575867
fold_08,8,39402,3,3,0.9291249513626099
fold_08,8,39841,1,1,0.8945736885070801
fold_08,8,39841,2,2,0.9374797940254211
fold_08,8,39841,3,3,0.9103699922561646
fold_08,8,39997,1,1,0.9231306910514832
fold_08,8,39997,2,2,0.9095650911331177
fold_08,8,39997,3,3,0.9355899095535278
fold_08,8,40423,1,1,0.8761806488037109
fold_08,8,40423,2,2,0.947862982749939
fold_08,8,40423,3,3,0.9175717830657959
fold_08,8,40548,1,1,0.930482804775238
fold_08,8,40548,2,2,0.9288688898086548
fold_08,8,40548,3,3,0.9162702560424805
fold_08,8,40575,1,1,0.9618401527404785
fold_08,8,40575,2,2,0.9128959774971008
fold_08,8,40575,3,3,0.9252263307571411
fold_08,8,40721,1,1,0.9275397658348083
fold_08,8,40721,2,2,0.9062625765800476
fold_08,8,40721,3,3,0.9500530958175659
fold_08,8,40770,1,1,0.9281706213951111
fold_08,8,40770,2,2,0.9064698219299316
fold_08,8,40770,3,3,0.9210116267204285
fold_08,8,40840,1,1,0.8860132098197937
fold_08,8,40840,2,2,0.8567951321601868
fold_08,8,40840,3,3,0.9128365516662598
fold_08,8,40846,1,1,0.9031245708465576
fold_08,8,40846,2,2,0.9301865100860596
fold_08,8,40846,3,3,0.9172108769416809
fold_08,8,40909,1,1,0.9679635763168335
fold_08,8,40909,2,2,0.9070993065834045
fold_08,8,40909,3,3,0.927111804485321
fold_08,8,40924,1,1,0.921893298625946
fold_08,8,40924,2,2,0.9642175436019897
fold_08,8,40924,3,3,0.9322425127029419
fold_08,8,40935,1,1,0.9373554587364197
fold_08,8,40935,2,2,0.9304978847503662
fold_08,8,40935,3,3,0.9405030608177185
fold_08,8,41097,1,1,0.8756173849105835
fold_08,8,41097,2,2,0.9164394736289978
fold_08,8,41097,3,3,0.9085626006126404
fold_08,8,41116,1,1,0.9443402290344238
fold_08,8,41116,2,2,0.9305154085159302
fold_08,8,41116,3,3,0.9206881523132324
fold_08,8,41137,1,1,0.8924466371536255
fold_08,8,41137,2,2,0.9264043569564819
fold_08,8,41137,3,3,0.9389569759368896
fold_08,8,41162,1,1,0.8991751670837402
fold_08,8,41162,2,2,0.9474700689315796
fold_08,8,41162,3,3,0.9381006360054016
fold_08,8,41566,1,1,0.9457783102989197
fold_08,8,41566,2,2,0.948797345161438
fold_08,8,41566,3,3,0.9522148966789246
fold_08,8,41653,1,1,0.902432918548584
fold_08,8,41653,2,2,0.9455676078796387
fold_08,8,41653,3,3,0.9392839670181274
fold_08,8,41710,1,1,0.9104308485984802
fold_08,8,41710,2,2,0.9187395572662354
fold_08,8,41710,3,3,0.9412367939949036
fold_08,8,41814,1,1,0.9503084421157837
fold_08,8,41814,2,2,0.9459571838378906
fold_08,8,41814,3,3,0.8858228921890259
fold_08,8,41927,1,1,0.9240583777427673
fold_08,8,41927,2,2,0.9495044946670532
fold_08,8,41927,3,3,0.9535762071609497
fold_08,8,42007,1,1,0.7896618843078613
fold_08,8,42007,2,2,0.9176123142242432
fold_08,8,42007,3,3,0.9509173631668091
fold_08,8,42166,1,1,0.9395512342453003
fold_08,8,42166,2,2,0.9369770288467407
fold_08,8,42166,3,3,0.9413657784461975
fold_08,8,42171,1,1,0.9360001683235168
fold_08,8,42171,2,2,0.9137526154518127
fold_08,8,42171,3,3,0.8947145938873291
fold_08,8,42214,1,1,0.9362072348594666
fold_08,8,42214,2,2,0.94754558801651
fold_08,8,42214,3,3,0.9389898180961609
fold_08,8,42224,1,1,0.9369083642959595
fold_08,8,42224,2,2,0.8856813311576843
fold_08,8,42224,3,3,0.9306762218475342
fold_08,8,42473,1,1,0.9460112452507019
fold_08,8,42473,2,2,0.9338001012802124
fold_08,8,42473,3,3,0.9288661479949951
fold_08,8,42563,1,1,0.867777407169342
fold_08,8,42563,2,2,0.8572561144828796
fold_08,8,42563,3,3,0.8907932639122009
fold_08,8,42697,1,1,0.9447066187858582
fold_08,8,42697,2,2,0.9457032680511475
fold_08,8,42697,3,3,0.9256458282470703
fold_08,8,42781,1,1,0.9308123588562012
fold_08,8,42781,2,2,0.9234696626663208
fold_08,8,42781,3,3,0.907829225063324
fold_08,8,42851,1,1,0.9262301325798035
fold_08,8,42851,2,2,0.9142118096351624
fold_08,8,42851,3,3,0.938800036907196
fold_08,8,42912,1,1,0.8805148005485535
fold_08,8,42912,2,2,0.919070303440094
fold_08,8,42912,3,3,0.9289430379867554
fold_08,8,42946,1,1,0.9172402620315552
fold_08,8,42946,2,2,0.8633565306663513
fold_08,8,42946,3,3,0.9452537894248962
fold_08,8,42980,1,1,0.933725893497467
fold_08,8,42980,2,2,0.94661945104599
fold_08,8,42980,3,3,0.9478064775466919
fold_08,8,43159,1,1,0.8761601448059082
fold_08,8,43159,2,2,0.9323536157608032
fold_08,8,43159,3,3,0.9446815252304077
fold_08,8,43164,1,1,0.94655442237854
fold_08,8,43164,2,2,0.9503527879714966
fold_08,8,43164,3,3,0.9365753531455994
fold_08,8,43224,1,1,0.9498326182365417
fold_08,8,43224,2,2,0.9447064399719238
fold_08,8,43224,3,3,0.9259073138237
fold_08,8,43428,1,1,0.8961372971534729
fold_08,8,43428,2,2,0.9466409683227539
fold_08,8,43428,3,3,0.954062283039093
fold_08,8,43445,1,1,0.9442740678787231
fold_08,8,43445,2,2,0.8868932127952576
fold_08,8,43445,3,3,0.9499505758285522
fold_08,8,43619,1,1,0.9083153605461121
fold_08,8,43619,2,2,0.9276652336120605
fold_08,8,43619,3,3,0.9117788076400757
fold_08,8,43675,1,1,0.9460266828536987
fold_08,8,43675,2,2,0.8994364142417908
fold_08,8,43675,3,3,0.9187682271003723
fold_08,8,43689,1,1,0.8786789178848267
fold_08,8,43689,2,2,0.9375762939453125
fold_08,8,43689,3,3,0.902966320514679
fold_08,8,43818,1,1,0.9123326539993286
fold_08,8,43818,2,2,0.9274888634681702
fold_08,8,43818,3,3,0.9405199885368347
fold_08,8,43820,1,1,0.8588730692863464
fold_08,8,43820,2,2,0.900070071220398
fold_08,8,43820,3,3,0.9504356384277344
fold_08,8,43950,1,1,0.9304914474487305
fold_08,8,43950,2,2,0.9355448484420776
fold_08,8,43950,3,3,0.9254333972930908
fold_08,8,43984,1,1,0.9257539510726929
fold_08,8,43984,2,2,0.9053394794464111
fold_08,8,43984,3,3,0.9475837349891663
fold_08,8,44052,1,1,0.9204373359680176
fold_08,8,44052,2,2,0.9240360856056213
fold_08,8,44052,3,3,0.9357346296310425
fold_08,8,44144,1,1,0.9382094144821167
fold_08,8,44144,2,2,0.9437346458435059
fold_08,8,44144,3,3,0.9299546480178833
fold_08,8,44705,1,1,0.8535246253013611
fold_08,8,44705,2,2,0.9056084752082825
fold_08,8,44705,3,3,0.8662370443344116
fold_08,8,44720,1,1,0.9489246606826782
fold_08,8,44720,2,2,0.9327329397201538
fold_08,8,44720,3,3,0.9407756924629211
fold_08,8,44844,1,1,0.8703342080116272
fold_08,8,44844,2,2,0.8877897262573242
fold_08,8,44844,3,3,0.9457919001579285
fold_08,8,44971,1,1,0.9339625835418701
fold_08,8,44971,2,2,0.9355802536010742
fold_08,8,44971,3,3,0.9121145009994507
fold_08,8,44980,1,1,0.9306325912475586
fold_08,8,44980,2,2,0.8608686923980713
fold_08,8,44980,3,3,0.9484359622001648
fold_08,8,45129,1,1,0.9412530660629272
fold_08,8,45129,2,2,0.9537280797958374
fold_08,8,45129,3,3,0.9446218013763428
fold_08,8,45213,1,1,0.8555797934532166
fold_08,8,45213,2,2,0.9425299763679504
fold_08,8,45213,3,3,0.9406204223632812
fold_08,8,45356,1,1,0.9388309717178345
fold_08,8,45356,2,2,0.9500033855438232
fold_08,8,45356,3,3,0.9425202012062073
fold_08,8,45595,1,1,0.9242950677871704
fold_08,8,45595,2,2,0.9289335012435913
fold_08,8,45595,3,3,0.9537469148635864
fold_08,8,45632,1,1,0.9378008246421814
fold_08,8,45632,2,2,0.9212953448295593
fold_08,8,45632,3,3,0.9290589690208435
fold_08,8,45750,1,1,0.9364655017852783
fold_08,8,45750,2,2,0.9237633943557739
fold_08,8,45750,3,3,0.9075290560722351
fold_08,8,45843,1,1,0.9398016929626465
fold_08,8,45843,2,2,0.9087416529655457
fold_08,8,45843,3,3,0.9367156028747559
fold_08,8,45945,1,1,0.8761457204818726
fold_08,8,45945,2,2,0.9272527694702148
fold_08,8,45945,3,3,0.9166180491447449
fold_08,8,45981,1,1,0.9443390369415283
fold_08,8,45981,2,2,0.9539666175842285
fold_08,8,45981,3,3,0.9231258034706116
fold_08,8,46150,1,1,0.8890378475189209
fold_08,8,46150,2,2,0.9490399956703186
fold_08,8,46150,3,3,0.9100400805473328
fold_08,8,46372,1,1,0.9565826654434204
fold_08,8,46372,2,2,0.9581469893455505
fold_08,8,46372,3,3,0.9528588652610779
fold_08,8,46380,1,1,0.9369186758995056
fold_08,8,46380,2,2,0.9154013395309448
fold_08,8,46380,3,3,0.8763781189918518
fold_08,8,46460,1,1,0.9375039935112
fold_08,8,46460,2,2,0.9471096992492676
fold_08,8,46460,3,3,0.9433653354644775
fold_08,8,46462,1,1,0.9307246804237366
fold_08,8,46462,2,2,0.9372905492782593
fold_08,8,46462,3,3,0.8989156484603882
fold_08,8,46661,1,1,0.9284217357635498
fold_08,8,46661,2,2,0.9523598551750183
fold_08,8,46661,3,3,0.9271291494369507
fold_08,8,46806,1,1,0.8447647094726562
fold_08,8,46806,2,2,0.8983432650566101
fold_08,8,46806,3,3,0.9247841835021973
fold_08,8,47070,1,1,0.8548967838287354
fold_08,8,47070,2,2,0.9380824565887451
fold_08,8,47070,3,3,0.9412245750427246
fold_08,8,47290,1,1,0.9187833070755005
fold_08,8,47290,2,2,0.9497557282447815
fold_08,8,47290,3,3,0.9558516144752502
fold_08,8,47293,1,1,0.877682089805603
fold_08,8,47293,2,2,0.9417436718940735
fold_08,8,47293,3,3,0.9529901146888733
fold_08,8,47408,1,1,0.9082663059234619
fold_08,8,47408,2,2,0.9187964200973511
fold_08,8,47408,3,3,0.8561930060386658
fold_08,8,47687,1,1,0.8711401224136353
fold_08,8,47687,2,2,0.914444625377655
fold_08,8,47687,3,3,0.9419568181037903
fold_08,8,48157,1,1,0.8658581972122192
fold_08,8,48157,2,2,0.894191324710846
fold_08,8,48157,3,3,0.9248812794685364
fold_08,8,48260,1,1,0.9161983132362366
fold_08,8,48260,2,2,0.9410697221755981
fold_08,8,48260,3,3,0.9052385687828064
fold_08,8,48374,1,1,0.9246349930763245
fold_08,8,48374,2,2,0.9182474613189697
fold_08,8,48374,3,3,0.9479852914810181
fold_08,8,48422,1,1,0.9271619915962219
fold_08,8,48422,2,2,0.9286919832229614
fold_08,8,48422,3,3,0.9258800148963928
fold_08,8,48508,1,1,0.9345646500587463
fold_08,8,48508,2,2,0.8964245319366455
fold_08,8,48508,3,3,0.9396274089813232
fold_08,8,48530,1,1,0.9115110635757446
fold_08,8,48530,2,2,0.9597663283348083
fold_08,8,48530,3,3,0.938453197479248
fold_08,8,48679,1,1,0.9498405456542969
fold_08,8,48679,2,2,0.9174860715866089
fold_08,8,48679,3,3,0.9183145761489868
fold_08,8,48681,1,1,0.8480849266052246
fold_08,8,48681,2,2,0.9507616758346558
fold_08,8,48681,3,3,0.933456540107727
fold_08,8,48802,1,1,0.9553461074829102
fold_08,8,48802,2,2,0.9475477933883667
fold_08,8,48802,3,3,0.9320145845413208
fold_08,8,49466,1,1,0.9382989406585693
fold_08,8,49466,2,2,0.9341549873352051
fold_08,8,49466,3,3,0.9579590559005737
fold_08,8,49480,1,1,0.957770049571991
fold_08,8,49480,2,2,0.943305253982544
fold_08,8,49480,3,3,0.9377776980400085
fold_08,8,49731,1,1,0.9191229939460754
fold_08,8,49731,2,2,0.9370601773262024
fold_08,8,49731,3,3,0.9219194650650024
fold_08,8,49944,1,1,0.9065505266189575
fold_08,8,49944,2,2,0.891049861907959
fold_08,8,49944,3,3,0.855219841003418
fold_08,8,49955,1,1,0.8886416554450989
fold_08,8,49955,2,2,0.9213995337486267
fold_08,8,49955,3,3,0.9178584814071655
fold_08,8,49979,1,1,0.8997201919555664
fold_08,8,49979,2,2,0.9398754239082336
fold_08,8,49979,3,3,0.9497085809707642
fold_08,8,50114,1,1,0.9301008582115173
fold_08,8,50114,2,2,0.9362311363220215
fold_08,8,50114,3,3,0.937506377696991
fold_08,8,50170,1,1,0.944148600101471
fold_08,8,50170,2,2,0.9207574129104614
fold_08,8,50170,3,3,0.9300351142883301
fold_08,8,50653,1,1,0.9129976630210876
fold_08,8,50653,2,2,0.9553635120391846
fold_08,8,50653,3,3,0.9636465907096863
fold_08,8,50734,1,1,0.930946409702301
fold_08,8,50734,2,2,0.9355389475822449
fold_08,8,50734,3,3,0.9441688656806946
fold_08,8,50755,1,1,0.9207347631454468
fold_08,8,50755,2,2,0.8851922154426575
fold_08,8,50755,3,3,0.9482934474945068
fold_08,8,50811,1,1,0.8656708002090454
fold_08,8,50811,2,2,0.8629401326179504
fold_08,8,50811,3,3,0.9591197967529297
fold_08,8,50882,1,1,0.9501025080680847
fold_08,8,50882,2,2,0.9545319676399231
fold_08,8,50882,3,3,0.9321268200874329
fold_08,8,51077,1,1,0.9303741455078125
fold_08,8,51077,2,2,0.8994851112365723
fold_08,8,51077,3,3,0.9333589673042297
fold_08,8,51148,1,1,0.9484285116195679
fold_08,8,51148,2,2,0.9110555052757263
fold_08,8,51148,3,3,0.9182049632072449
fold_08,8,51185,1,1,0.8792270421981812
fold_08,8,51185,2,2,0.8878008127212524
fold_08,8,51185,3,3,0.9485820531845093
fold_08,8,51521,1,1,0.9307496547698975
fold_08,8,51521,2,2,0.9535024762153625
fold_08,8,51521,3,3,0.9367529153823853
fold_08,8,51788,1,1,0.8285452127456665
fold_08,8,51788,2,2,0.9373588562011719
fold_08,8,51788,3,3,0.8743494749069214
fold_08,8,51843,1,1,0.9602301716804504
fold_08,8,51843,2,2,0.9423613548278809
fold_08,8,51843,3,3,0.9380770921707153
fold_08,8,51983,1,1,0.9251117706298828
fold_08,8,51983,2,2,0.9467778205871582
fold_08,8,51983,3,3,0.9472244381904602
fold_08,8,52070,1,1,0.9414868354797363
fold_08,8,52070,2,2,0.9290488958358765
fold_08,8,52070,3,3,0.9127393364906311
fold_08,8,52394,1,1,0.907861053943634
fold_08,8,52394,2,2,0.9356875419616699
fold_08,8,52394,3,3,0.9298286437988281
fold_08,8,52554,1,1,0.8844906091690063
fold_08,8,52554,2,2,0.9455484747886658
fold_08,8,52554,3,3,0.8808507323265076
fold_08,8,52931,1,1,0.9490708112716675
fold_08,8,52931,2,2,0.9237527251243591
fold_08,8,52931,3,3,0.9432529807090759
fold_08,8,53052,1,1,0.947975218296051
fold_08,8,53052,2,2,0.9499654769897461
fold_08,8,53052,3,3,0.9404028654098511
fold_08,8,53152,1,1,0.9450809955596924
fold_08,8,53152,2,2,0.9605632424354553
fold_08,8,53152,3,3,0.8753191828727722
fold_08,8,53155,1,1,0.913345217704773
fold_08,8,53155,2,2,0.931546688079834
fold_08,8,53155,3,3,0.9014253616333008
fold_08,8,53370,1,1,0.9392902255058289
fold_08,8,53370,2,2,0.9199401140213013
fold_08,8,53370,3,3,0.924311637878418
fold_08,8,53570,1,1,0.9522480964660645
fold_08,8,53570,2,2,0.9582515358924866
fold_08,8,53570,3,3,0.9113295078277588
fold_08,8,53727,1,1,0.9152431488037109
fold_08,8,53727,2,2,0.9443506598472595
fold_08,8,53727,3,3,0.9280843734741211
fold_08,8,53728,1,1,0.9058358073234558
fold_08,8,53728,2,2,0.9335235357284546
fold_08,8,53728,3,3,0.9620588421821594
fold_08,8,53773,1,1,0.8875985741615295
fold_08,8,53773,2,2,0.8941002488136292
fold_08,8,53773,3,3,0.9503141641616821
fold_08,8,53881,1,1,0.9328645467758179
fold_08,8,53881,2,2,0.9100769758224487
fold_08,8,53881,3,3,0.9064567685127258
fold_08,8,53891,1,1,0.9364175200462341
fold_08,8,53891,2,2,0.9320326447486877
fold_08,8,53891,3,3,0.9474595785140991
fold_08,8,54078,1,1,0.9486889839172363
fold_08,8,54078,2,2,0.9324564933776855
fold_08,8,54078,3,3,0.949438214302063
fold_08,8,54257,1,1,0.8924945592880249
fold_08,8,54257,2,2,0.9331963062286377
fold_08,8,54257,3,3,0.9240520596504211
fold_08,8,54361,1,1,0.9223842024803162
fold_08,8,54361,2,2,0.9334108829498291
fold_08,8,54361,3,3,0.9159377813339233
fold_08,8,54913,1,1,0.9511046409606934
fold_08,8,54913,2,2,0.9647242426872253
fold_08,8,54913,3,3,0.9229638576507568
fold_08,8,55005,1,1,0.8385035991668701
fold_08,8,55005,2,2,0.9421796798706055
fold_08,8,55005,3,3,0.920978844165802
fold_08,8,55107,1,1,0.9274348020553589
fold_08,8,55107,2,2,0.9629240036010742
fold_08,8,55107,3,3,0.8835398554801941
fold_08,8,55163,1,1,0.9582330584526062
fold_08,8,55163,2,2,0.9558377861976624
fold_08,8,55163,3,3,0.9087254405021667
fold_08,8,55405,1,1,0.9397728443145752
fold_08,8,55405,2,2,0.9418082237243652
fold_08,8,55405,3,3,0.8905442357063293
fold_08,8,55408,1,1,0.8945872783660889
fold_08,8,55408,2,2,0.921040952205658
fold_08,8,55408,3,3,0.9581824541091919
fold_08,8,55526,1,1,0.8783622980117798
fold_08,8,55526,2,2,0.9435855746269226
fold_08,8,55526,3,3,0.9489865303039551
fold_08,8,55649,1,1,0.9211926460266113
fold_08,8,55649,2,2,0.9007322192192078
fold_08,8,55649,3,3,0.9173167943954468
fold_08,8,55669,1,1,0.9288729429244995
fold_08,8,55669,2,2,0.9082980751991272
fold_08,8,55669,3,3,0.9119225740432739
fold_08,8,55678,1,1,0.8779253959655762
fold_08,8,55678,2,2,0.9156375527381897
fold_08,8,55678,3,3,0.9284920692443848
fold_08,8,55968,1,1,0.8877368569374084
fold_08,8,55968,2,2,0.9429166913032532
fold_08,8,55968,3,3,0.9163671731948853
fold_08,8,56154,1,1,0.9217272400856018
fold_08,8,56154,2,2,0.950371503829956
fold_08,8,56154,3,3,0.917252779006958
fold_08,8,56269,1,1,0.8557308316230774
fold_08,8,56269,2,2,0.9533343315124512
fold_08,8,56269,3,3,0.8919568061828613
fold_08,8,56314,1,1,0.8875335454940796
fold_08,8,56314,2,2,0.9045968055725098
fold_08,8,56314,3,3,0.9201720952987671
fold_08,8,56681,1,1,0.917321503162384
fold_08,8,56681,2,2,0.9413609504699707
fold_08,8,56681,3,3,0.9155128002166748
fold_08,8,56723,1,1,0.9498777985572815
fold_08,8,56723,2,2,0.9439603090286255
fold_08,8,56723,3,3,0.8742777109146118
fold_08,8,56784,1,1,0.9556072950363159
fold_08,8,56784,2,2,0.9052661657333374
fold_08,8,56784,3,3,0.9178968667984009
fold_08,8,56850,1,1,0.8706998229026794
fold_08,8,56850,2,2,0.906743049621582
fold_08,8,56850,3,3,0.9510822296142578
fold_08,8,56867,1,1,0.8442540168762207
fold_08,8,56867,2,2,0.9133354425430298
fold_08,8,56867,3,3,0.9349254965782166
fold_08,8,56911,1,1,0.915696382522583
fold_08,8,56911,2,2,0.935524582862854
fold_08,8,56911,3,3,0.9107288718223572
fold_08,8,56948,1,1,0.9426949620246887
fold_08,8,56948,2,2,0.8301718831062317
fold_08,8,56948,3,3,0.9182704091072083
fold_08,8,57046,1,1,0.9393927454948425
fold_08,8,57046,2,2,0.9048940539360046
fold_08,8,57046,3,3,0.9374392032623291
fold_08,8,57435,1,1,0.9088371992111206
fold_08,8,57435,2,2,0.9047391414642334
fold_08,8,57435,3,3,0.9361218214035034
fold_08,8,57553,1,1,0.9530739784240723
fold_08,8,57553,2,2,0.9330397248268127
fold_08,8,57553,3,3,0.9506306052207947
fold_08,8,57650,1,1,0.9355165958404541
fold_08,8,57650,2,2,0.8841793537139893
fold_08,8,57650,3,3,0.8907967209815979
fold_08,8,57838,1,1,0.9500733613967896
fold_08,8,57838,2,2,0.9462787508964539
fold_08,8,57838,3,3,0.9272436499595642
fold_08,8,58404,1,1,0.8937124609947205
fold_08,8,58404,2,2,0.9177200198173523
fold_08,8,58404,3,3,0.9440710544586182
fold_08,8,59023,1,1,0.9462961554527283
fold_08,8,59023,2,2,0.9429308176040649
fold_08,8,59023,3,3,0.9041522741317749
fold_08,8,59046,1,1,0.9322876334190369
fold_08,8,59046,2,2,0.9329310059547424
fold_08,8,59046,3,3,0.9040343761444092
fold_08,8,59194,1,1,0.9388649463653564
fold_08,8,59194,2,2,0.9123760461807251
fold_08,8,59194,3,3,0.9065755009651184
fold_08,8,59284,1,1,0.9273077845573425
fold_08,8,59284,2,2,0.9478700757026672
fold_08,8,59284,3,3,0.9223513603210449
fold_08,8,59585,1,1,0.9461179971694946
fold_08,8,59585,2,2,0.9414867758750916
fold_08,8,59585,3,3,0.9525613784790039
fold_08,8,59699,1,1,0.9278372526168823
fold_08,8,59699,2,2,0.9442410469055176
fold_08,8,59699,3,3,0.9450792074203491
fold_08,8,59817,1,1,0.9514570832252502
fold_08,8,59817,2,2,0.9163267016410828
fold_08,8,59817,3,3,0.9386598467826843
fold_08,8,59994,1,1,0.9732663035392761
fold_08,8,59994,2,2,0.8749904632568359
fold_08,8,59994,3,3,0.9578326940536499
fold_08,8,60094,1,1,0.9292800426483154
fold_08,8,60094,2,2,0.9313369393348694
fold_08,8,60094,3,3,0.8950608372688293
fold_08,8,60186,1,1,0.8299566507339478
fold_08,8,60186,2,2,0.9192889332771301
fold_08,8,60186,3,3,0.965194821357727
fold_08,8,60251,1,1,0.9298063516616821
fold_08,8,60251,2,2,0.9175674319267273
fold_08,8,60251,3,3,0.8804666996002197
fold_08,8,60305,1,1,0.9183446764945984
fold_08,8,60305,2,2,0.94336998462677
fold_08,8,60305,3,3,0.93632972240448
fold_08,8,60505,1,1,0.8818271160125732
fold_08,8,60505,2,2,0.9403716325759888
fold_08,8,60505,3,3,0.9270992279052734
fold_08,8,60553,1,1,0.9273926019668579
fold_08,8,60553,2,2,0.9538328051567078
fold_08,8,60553,3,3,0.9379461407661438
fold_08,8,60845,1,1,0.8910248279571533
fold_08,8,60845,2,2,0.9227036237716675
fold_08,8,60845,3,3,0.9472102522850037
fold_08,8,61122,1,1,0.9468497633934021
fold_08,8,61122,2,2,0.9494720697402954
fold_08,8,61122,3,3,0.9456965923309326
fold_08,8,61133,1,1,0.9484783411026001
fold_08,8,61133,2,2,0.914861798286438
fold_08,8,61133,3,3,0.9399088621139526
fold_08,8,61177,1,1,0.9353528022766113
fold_08,8,61177,2,2,0.953214168548584
fold_08,8,61177,3,3,0.9452223181724548
fold_08,8,61510,1,1,0.8982881307601929
fold_08,8,61510,2,2,0.9474185705184937
fold_08,8,61510,3,3,0.9430367350578308
fold_08,8,61677,1,1,0.893182098865509
fold_08,8,61677,2,2,0.9404538869857788
fold_08,8,61677,3,3,0.9602420330047607
fold_08,8,61738,1,1,0.8794293403625488
fold_08,8,61738,2,2,0.9471368789672852
fold_08,8,61738,3,3,0.9470533728599548
fold_08,8,61748,1,1,0.9451391696929932
fold_08,8,61748,2,2,0.8898982405662537
fold_08,8,61748,3,3,0.9396393299102783
fold_08,8,61797,1,1,0.9115602970123291
fold_08,8,61797,2,2,0.9261624217033386
fold_08,8,61797,3,3,0.9198402166366577
fold_08,8,61809,1,1,0.9447031021118164
fold_08,8,61809,2,2,0.9450557231903076
fold_08,8,61809,3,3,0.9659501910209656
fold_08,8,61873,1,1,0.9086811542510986
fold_08,8,61873,2,2,0.876273512840271
fold_08,8,61873,3,3,0.9009637236595154
fold_08,8,62006,1,1,0.9130243062973022
fold_08,8,62006,2,2,0.9361305236816406
fold_08,8,62006,3,3,0.9239678978919983
fold_08,8,62015,1,1,0.8628955483436584
fold_08,8,62015,2,2,0.9378783702850342
fold_08,8,62015,3,3,0.8402457237243652
fold_08,8,62209,1,1,0.8432959914207458
fold_08,8,62209,2,2,0.8515116572380066
fold_08,8,62209,3,3,0.9348180890083313
fold_08,8,62228,1,1,0.9135327339172363
fold_08,8,62228,2,2,0.9313408136367798
fold_08,8,62228,3,3,0.9312047958374023
fold_08,8,62302,1,1,0.9301834106445312
fold_08,8,62302,2,2,0.9219976663589478
fold_08,8,62302,3,3,0.9150635600090027
fold_08,8,62544,1,1,0.9566592574119568
fold_08,8,62544,2,2,0.9232260584831238
fold_08,8,62544,3,3,0.9360145330429077
fold_08,8,62683,1,1,0.9390561580657959
fold_08,8,62683,2,2,0.944983720779419
fold_08,8,62683,3,3,0.9648263454437256
fold_08,8,62960,1,1,0.9309990406036377
fold_08,8,62960,2,2,0.8829312324523926
fold_08,8,62960,3,3,0.957477331161499
fold_08,8,63182,1,1,0.8784172534942627
fold_08,8,63182,2,2,0.8836625218391418
fold_08,8,63182,3,3,0.9450936317443848
fold_08,8,63825,1,1,0.9227462410926819
fold_08,8,63825,2,2,0.905429482460022
fold_08,8,63825,3,3,0.9398021697998047
fold_08,8,63931,1,1,0.9350177645683289
fold_08,8,63931,2,2,0.9471960067749023
fold_08,8,63931,3,3,0.9533411264419556
fold_08,8,64295,1,1,0.8932990431785583
fold_08,8,64295,2,2,0.905559241771698
fold_08,8,64295,3,3,0.9166395664215088
fold_08,8,64498,1,1,0.9492889642715454
fold_08,8,64498,2,2,0.8870774507522583
fold_08,8,64498,3,3,0.9320127367973328
fold_08,8,64867,1,1,0.9127724766731262
fold_08,8,64867,2,2,0.9460659027099609
fold_08,8,64867,3,3,0.9488359689712524
fold_08,8,64880,1,1,0.9480888843536377
fold_08,8,64880,2,2,0.9455357789993286
fold_08,8,64880,3,3,0.9442482590675354
fold_08,8,65069,1,1,0.9541729092597961
fold_08,8,65069,2,2,0.932596743106842
fold_08,8,65069,3,3,0.9388762712478638
fold_08,8,65148,1,1,0.9125696420669556
fold_08,8,65148,2,2,0.9510325193405151
fold_08,8,65148,3,3,0.9399569034576416
fold_08,8,65253,1,1,0.9219354391098022
fold_08,8,65253,2,2,0.8944464921951294
fold_08,8,65253,3,3,0.9400203227996826
fold_08,8,65267,1,1,0.9140939712524414
fold_08,8,65267,2,2,0.9447481036186218
fold_08,8,65267,3,3,0.9326528310775757
fold_08,8,65376,1,1,0.9224177598953247
fold_08,8,65376,2,2,0.9074103832244873
fold_08,8,65376,3,3,0.9151922464370728
fold_08,8,65445,1,1,0.9034621715545654
fold_08,8,65445,2,2,0.9224056601524353
fold_08,8,65445,3,3,0.936316728591919
fold_08,8,65686,1,1,0.9333432912826538
fold_08,8,65686,2,2,0.8842479586601257
fold_08,8,65686,3,3,0.9434473514556885
fold_08,8,65769,1,1,0.9678570032119751
fold_08,8,65769,2,2,0.9494366645812988
fold_08,8,65769,3,3,0.930741012096405
fold_08,8,65799,1,1,0.9418731331825256
fold_08,8,65799,2,2,0.9200817346572876
fold_08,8,65799,3,3,0.9565171003341675
fold_08,8,65872,1,1,0.9564940929412842
fold_08,8,65872,2,2,0.9335128664970398
fold_08,8,65872,3,3,0.9309248328208923
fold_08,8,65920,1,1,0.9488223791122437
fold_08,8,65920,2,2,0.9440580606460571
fold_08,8,65920,3,3,0.9335683584213257
fold_08,8,65943,1,1,0.9289370775222778
fold_08,8,65943,2,2,0.944651186466217
fold_08,8,65943,3,3,0.9252985119819641
fold_08,8,66004,1,1,0.9211467504501343
fold_08,8,66004,2,2,0.9430992007255554
fold_08,8,66004,3,3,0.9402576088905334
fold_08,8,66216,1,1,0.9434456825256348
fold_08,8,66216,2,2,0.8825966715812683
fold_08,8,66216,3,3,0.8826920986175537
fold_08,8,66278,1,1,0.9334713816642761
fold_08,8,66278,2,2,0.918242871761322
fold_08,8,66278,3,3,0.9484774470329285
fold_08,8,66330,1,1,0.9372441172599792
fold_08,8,66330,2,2,0.9276526570320129
fold_08,8,66330,3,3,0.894183874130249
fold_08,8,66464,1,1,0.945786714553833
fold_08,8,66464,2,2,0.9479638934135437
fold_08,8,66464,3,3,0.9511244297027588
fold_08,8,66489,1,1,0.9409687519073486
fold_08,8,66489,2,2,0.8760710954666138
fold_08,8,66489,3,3,0.9078618884086609
fold_08,8,66580,1,1,0.8877131342887878
fold_08,8,66580,2,2,0.9417986869812012
fold_08,8,66580,3,3,0.9432164430618286
fold_08,8,66773,1,1,0.8610492944717407
fold_08,8,66773,2,2,0.9273838996887207
fold_08,8,66773,3,3,0.8448319435119629
fold_08,8,66836,1,1,0.9344062209129333
fold_08,8,66836,2,2,0.9120091795921326
fold_08,8,66836,3,3,0.9351098537445068
fold_08,8,66946,1,1,0.9550216197967529
fold_08,8,66946,2,2,0.9266449213027954
fold_08,8,66946,3,3,0.9153733253479004
fold_08,8,66976,1,1,0.9322464466094971
fold_08,8,66976,2,2,0.9224373698234558
fold_08,8,66976,3,3,0.9391169548034668
fold_08,8,67204,1,1,0.883287787437439
fold_08,8,67204,2,2,0.9393581748008728
fold_08,8,67204,3,3,0.9235421419143677
fold_08,8,67237,1,1,0.9357101917266846
fold_08,8,67237,2,2,0.9181869626045227
fold_08,8,67237,3,3,0.884057879447937
fold_08,8,67295,1,1,0.9227140545845032
fold_08,8,67295,2,2,0.9460822939872742
fold_08,8,67295,3,3,0.9271410703659058
fold_08,8,67742,1,1,0.956356406211853
fold_08,8,67742,2,2,0.9338715076446533
fold_08,8,67742,3,3,0.9502989649772644
fold_08,8,67802,1,1,0.9237321019172668
fold_08,8,67802,2,2,0.9405636191368103
fold_08,8,67802,3,3,0.9270475506782532
fold_08,8,67829,1,1,0.8776450157165527
fold_08,8,67829,2,2,0.9321414828300476
fold_08,8,67829,3,3,0.9356276392936707
fold_08,8,68168,1,1,0.9331120848655701
fold_08,8,68168,2,2,0.8782656192779541
fold_08,8,68168,3,3,0.9454992413520813
fold_08,8,68278,1,1,0.9573183655738831
fold_08,8,68278,2,2,0.9221087098121643
fold_08,8,68278,3,3,0.9502553939819336
fold_08,8,68311,1,1,0.8903762698173523
fold_08,8,68311,2,2,0.9112523198127747
fold_08,8,68311,3,3,0.8969857692718506
fold_08,8,68339,1,1,0.9039151072502136
fold_08,8,68339,2,2,0.9441671967506409
fold_08,8,68339,3,3,0.8899017572402954
fold_08,8,68418,1,1,0.9531471133232117
fold_08,8,68418,2,2,0.9377711415290833
fold_08,8,68418,3,3,0.9513556957244873
fold_08,8,68741,1,1,0.9107265472412109
fold_08,8,68741,2,2,0.9512172341346741
fold_08,8,68741,3,3,0.9345372319221497
fold_08,8,68814,1,1,0.9319731593132019
fold_08,8,68814,2,2,0.9302863478660583
fold_08,8,68814,3,3,0.9605193734169006
fold_08,8,68842,1,1,0.8971213698387146
fold_08,8,68842,2,2,0.9570415616035461
fold_08,8,68842,3,3,0.9469390511512756
fold_08,8,68858,1,1,0.9514791965484619
fold_08,8,68858,2,2,0.9578267931938171
fold_08,8,68858,3,3,0.9373255968093872
fold_08,8,68897,1,1,0.9382898211479187
fold_08,8,68897,2,2,0.9230212569236755
fold_08,8,68897,3,3,0.9140583276748657
fold_08,8,69007,1,1,0.9665476679801941
fold_08,8,69007,2,2,0.8968482613563538
fold_08,8,69007,3,3,0.9125489592552185
fold_08,8,69214,1,1,0.9240013957023621
fold_08,8,69214,2,2,0.9124776721000671
fold_08,8,69214,3,3,0.892498791217804
fold_08,8,69240,1,1,0.9070805311203003
fold_08,8,69240,2,2,0.9249938726425171
fold_08,8,69240,3,3,0.9431424736976624
fold_08,8,69614,1,1,0.9028946161270142
fold_08,8,69614,2,2,0.882899284362793
fold_08,8,69614,3,3,0.9493383765220642
fold_08,8,69813,1,1,0.9505321979522705
fold_08,8,69813,2,2,0.9425907135009766
fold_08,8,69813,3,3,0.9404647350311279
fold_08,8,69839,1,1,0.9518319368362427
fold_08,8,69839,2,2,0.9551745653152466
fold_08,8,69839,3,3,0.9435529708862305
fold_08,8,69854,1,1,0.922711968421936
fold_08,8,69854,2,2,0.9338783621788025
fold_08,8,69854,3,3,0.9190516471862793
fold_08,8,70075,1,1,0.9307661056518555
fold_08,8,70075,2,2,0.8600006699562073
fold_08,8,70075,3,3,0.9581751823425293
fold_08,8,70095,1,1,0.8986830115318298
fold_08,8,70095,2,2,0.9123927354812622
fold_08,8,70095,3,3,0.9245690107345581
fold_08,8,70193,1,1,0.9549821615219116
fold_08,8,70193,2,2,0.9511829018592834
fold_08,8,70193,3,3,0.9196423888206482
fold_08,8,70232,1,1,0.8987537026405334
fold_08,8,70232,2,2,0.910753071308136
fold_08,8,70232,3,3,0.9195652604103088
fold_08,8,70360,1,1,0.9190554618835449
fold_08,8,70360,2,2,0.9516646265983582
fold_08,8,70360,3,3,0.9383383989334106
fold_08,8,70427,1,1,0.869289219379425
fold_08,8,70427,2,2,0.9039280414581299
fold_08,8,70427,3,3,0.9331188201904297
fold_08,8,70505,1,1,0.9139239192008972
fold_08,8,70505,2,2,0.9328747987747192
fold_08,8,70505,3,3,0.8973584175109863
fold_08,8,71232,1,1,0.9337089657783508
fold_08,8,71232,2,2,0.9062803983688354
fold_08,8,71232,3,3,0.9408549666404724
fold_08,8,71241,1,1,0.9138012528419495
fold_08,8,71241,2,2,0.9087223410606384
fold_08,8,71241,3,3,0.9120441675186157
fold_08,8,71410,1,1,0.935284435749054
fold_08,8,71410,2,2,0.889544665813446
fold_08,8,71410,3,3,0.9464298486709595
fold_08,8,71450,1,1,0.9382703304290771
fold_08,8,71450,2,2,0.9282654523849487
fold_08,8,71450,3,3,0.9060165286064148
fold_08,8,71753,1,1,0.9103586673736572
fold_08,8,71753,2,2,0.9457699060440063
fold_08,8,71753,3,3,0.9157031774520874
fold_08,8,71894,1,1,0.930741012096405
fold_08,8,71894,2,2,0.9410961270332336
fold_08,8,71894,3,3,0.9247708320617676
fold_08,8,72015,1,1,0.9187197089195251
fold_08,8,72015,2,2,0.9286102652549744
fold_08,8,72015,3,3,0.9461045861244202
fold_08,8,72209,1,1,0.9480855464935303
fold_08,8,72209,2,2,0.9341395497322083
fold_08,8,72209,3,3,0.9121263027191162
fold_08,8,72312,1,1,0.8202810883522034
fold_08,8,72312,2,2,0.9254915118217468
fold_08,8,72312,3,3,0.84660804271698
fold_08,8,72605,1,1,0.9262838363647461
fold_08,8,72605,2,2,0.9276185035705566
fold_08,8,72605,3,3,0.9056020975112915
fold_08,8,72719,1,1,0.9036848545074463
fold_08,8,72719,2,2,0.9171208739280701
fold_08,8,72719,3,3,0.9418178796768188
fold_08,8,72948,1,1,0.9283915162086487
fold_08,8,72948,2,2,0.947532594203949
fold_08,8,72948,3,3,0.9495353102684021
